ticker,typ_anstieg,n_0-0.1,ganz_0-0.1,n_0.1-0.25,ganz_0.1-0.25,n_0.25-0.4,ganz_0.25-0.4,n_0.4-1,ganz_0.4-1
AAPL,1.976,3511,1.7,1705,9.4,507,25.0,249,43.8
ABBV,1.664,1978,3.4,1261,11.4,432,25.9,398,52.5
ABNB,1.66,466,4.3,484,15.1,248,28.6,156,41.0
ABT,1.8,2919,3.4,1609,11.2,667,21.4,505,52.9
ACN,1.819,2754,6.0,1583,16.4,477,25.8,443,62.1
ADBE,1.728,2743,3.5,1588,16.6,468,24.6,481,50.7
ADI,1.703,2701,4.8,1574,12.0,682,28.6,586,64.0
ADP,1.651,3001,4.3,1695,11.2,662,21.1,667,56.2
ADS.DE,2.021,2144,3.9,1518,14.8,617,23.8,414,48.3
ADSK,1.672,3120,5.2,1764,17.6,549,28.2,508,63.0
AEP,1.737,2052,3.5,1717,11.9,740,24.7,532,57.3
AIR.DE,1.791,2761,5.2,1591,16.5,611,31.3,473,68.7
ALV.DE,1.664,3542,4.6,1900,14.6,663,31.2,478,58.6
AMAT,1.829,2567,3.7,1730,9.4,576,25.9,533,57.0
AMD,2.295,1888,4.2,1425,12.7,600,26.2,380,65.0
AMGN,1.815,2576,4.5,1926,15.1,832,27.2,605,55.5
AMT,1.82,2431,4.3,1460,14.7,664,32.5,509,49.5
AMZN,2.107,2077,4.5,1198,13.4,443,26.6,301,46.8
ANET,2.14,1757,4.3,853,13.4,254,37.0,251,56.2
APH,1.865,3218,3.4,1555,13.0,474,27.8,404,62.4
APP,2.155,680,3.5,296,4.1,122,13.9,97,44.3
ARM,3.688,223,7.6,178,10.7,62,24.2,20,30.0
ASML,1.852,2620,3.1,1811,14.6,533,31.1,452,68.4
AVGO,2.083,2452,4.6,1438,8.5,454,23.6,265,49.1
AXON,2.096,2058,4.9,1376,11.7,481,26.6,456,62.9
AXP,1.932,2597,5.7,1599,13.8,566,36.7,381,56.7
AZN,1.802,3414,10.1,2212,13.8,750,25.1,711,56.0
BA,1.886,2863,4.9,1789,16.7,746,32.6,646,56.8
BABA,1.734,1539,7.0,1137,19.2,512,34.6,457,69.1
BAC,1.829,2404,6.4,1693,17.6,626,33.9,464,58.6
BAS.DE,1.65,2868,5.5,1744,13.4,621,33.8,694,61.7
BAYN.DE,1.773,2128,5.3,1675,15.0,622,24.0,499,56.5
BBVA,1.545,3657,9.9,1817,18.3,714,38.4,632,68.0
BEI.DE,1.837,1417,6.1,1274,19.6,623,42.5,660,63.5
BHP,1.799,3271,9.1,2117,15.6,766,40.5,642,62.3
BIIB,1.815,1375,4.4,1188,15.7,598,31.9,530,62.1
BKNG,2.203,2315,4.1,1455,16.5,434,26.7,328,55.5
BKR,1.68,2725,3.6,2303,10.9,833,19.9,637,59.3
BLK,1.846,2484,5.0,1654,14.1,571,26.1,448,56.2
BMO,1.775,3091,4.8,1549,14.0,493,30.0,449,59.5
BMW.DE,1.881,2463,4.9,1792,16.5,742,30.1,648,70.7
BMY,1.865,1960,4.0,1476,15.9,629,28.5,592,59.5
BNR.DE,1.827,1957,3.4,1486,14.5,537,32.4,444,65.1
BNS,1.699,3184,5.2,1778,16.2,605,32.9,478,63.4
BNY,1.794,2219,3.7,1590,17.4,531,30.5,453,57.8
BP,1.615,3449,8.1,2289,16.7,846,28.7,766,54.6
BRK-B,1.827,2567,4.9,1254,11.3,489,29.4,447,60.6
BTI,1.79,4050,9.4,2109,19.0,769,32.2,727,55.6
C,1.726,2601,5.5,2007,14.0,626,27.5,537,51.2
CAT,1.795,2830,4.3,1762,10.7,540,29.4,504,60.5
CB,1.869,2041,4.1,1391,12.9,559,29.2,487,48.9
CBK.DE,1.721,2068,4.7,1762,14.6,679,27.1,604,65.2
CCEP,1.893,2613,3.1,1503,11.6,553,28.6,426,52.8
CDNS,1.873,2701,4.0,1308,13.1,435,28.5,416,59.4
CDW,1.829,1755,4.1,930,9.0,398,24.9,292,62.3
CEG,1.402,545,4.0,393,8.9,135,14.1,158,51.9
CHTR,2.034,1798,1.9,1239,9.5,411,33.1,372,61.3
CL,1.762,2400,4.5,1843,11.9,674,25.8,678,51.5
CM,1.562,3656,4.3,1817,14.2,504,31.3,598,66.2
CMCSA,1.83,2623,4.3,1845,16.3,669,28.0,557,58.3
CNQ,1.844,2739,4.5,1756,15.8,664,27.4,555,63.6
COF,1.835,2072,6.8,1576,15.4,630,30.2,573,54.3
CON.DE,1.767,2322,5.6,1691,13.7,653,30.5,548,59.5
COP,1.712,2848,3.9,1665,13.9,623,30.5,559,55.5
COST,1.937,2346,4.4,1527,8.8,545,14.9,378,51.9
CPRT,1.721,2010,3.7,1360,11.6,454,19.8,431,61.5
CRM,1.798,2892,3.5,1785,10.4,572,32.2,499,64.9
CRWD,2.194,925,2.2,654,10.4,199,19.1,106,41.5
CSCO,1.961,2876,5.5,1566,13.2,540,21.3,488,66.0
CSGP,1.94,1842,3.4,1264,10.1,365,28.8,382,62.6
CSX,1.659,2432,4.2,1763,12.1,668,25.9,581,60.2
CTAS,1.914,2455,2.9,1487,11.6,494,22.3,424,48.8
CTSH,1.913,1932,7.1,1317,13.5,513,20.5,452,53.5
CVS,1.872,2400,4.1,1556,14.9,599,31.4,531,64.8
CVX,1.552,3784,5.7,2396,11.0,881,27.2,805,55.9
DASH,1.686,578,3.3,397,8.1,172,29.1,203,63.1
DB1.DE,1.831,2952,6.0,1921,16.0,623,35.2,650,66.2
DBK.DE,1.644,2381,6.5,1815,19.9,599,34.7,644,66.0
DDOG,1.924,1209,4.4,675,13.0,219,27.9,221,56.6
DE,1.732,1922,6.8,1352,14.9,563,31.4,574,63.8
DELL,2.088,1257,3.3,813,9.3,275,18.9,162,69.8
DHL.DE,2.092,2119,3.9,1509,17.6,557,29.3,493,57.2
DHR,1.697,2885,4.6,1797,13.5,764,27.9,637,60.9
DIS,1.847,2544,4.9,1674,10.3,554,24.7,590,61.5
DTE.DE,1.861,2516,5.6,1755,17.5,685,37.4,586,65.2
DTG.DE,1.904,741,5.9,605,11.4,190,20.0,109,40.4
DUK,1.68,2408,3.7,1797,14.5,748,21.9,742,56.5
DXCM,2.121,2321,1.9,1639,9.7,481,19.5,320,51.9
EMR,1.676,2814,2.6,2022,15.3,715,24.3,562,61.4
ENB,1.92,2652,3.1,1744,10.7,665,33.2,494,54.9
ENR.DE,1.726,633,2.1,293,8.9,121,28.9,167,68.3
EOAN.DE,1.853,2149,5.0,1783,16.5,681,30.5,615,70.6
EQIX,1.848,1987,5.1,1325,12.5,487,22.8,366,54.6
EQNR,1.724,3379,7.8,2064,13.7,845,28.9,611,61.0
ETN,1.789,2952,3.6,1822,12.4,621,23.3,504,60.1
EXC,1.926,2484,4.1,1666,11.2,701,23.5,587,45.5
FANG,1.665,1506,4.6,1334,13.7,517,33.3,468,50.6
FAST,1.857,2542,3.9,1802,16.4,580,31.0,619,57.7
FDX,1.893,1905,6.0,1329,15.1,642,24.3,532,60.3
FRE.DE,1.969,1816,3.9,1509,13.5,522,27.0,350,63.4
FTNT,2.036,1711,3.3,1030,13.1,341,30.5,398,73.4
GD,1.883,2354,5.4,1740,11.8,687,19.1,646,47.1
GE,1.809,2511,4.4,1455,13.7,505,31.3,510,65.7
GEHC,1.697,287,6.3,275,22.2,181,18.2,120,53.3
GEV,2.475,214,0.9,92,2.2,23,0.0,24,58.3
GFS,1.674,433,10.6,429,20.7,217,30.4,258,65.5
GILD,1.592,2004,5.4,1552,15.6,562,29.4,602,55.3
GLW,1.804,2197,4.1,1526,15.1,499,32.9,457,64.8
GM,1.742,1805,6.3,1423,13.6,567,30.0,457,67.2
GOOG,1.963,2358,5.0,1468,11.0,426,25.4,310,57.7
GOOGL,1.955,2297,4.1,1452,11.6,451,25.7,314,56.7
GS,1.845,2382,5.5,1563,14.5,518,34.7,427,66.7
GSK,1.876,2815,10.7,1900,22.4,810,26.9,729,52.8
HD,1.842,2507,3.9,1649,12.1,617,25.3,451,58.8
HDB,1.699,3469,6.8,2150,13.8,576,26.4,629,56.0
HEI.DE,1.766,1969,3.6,1413,13.4,580,24.5,618,54.9
HEN3.DE,2.067,2364,5.0,1644,14.1,630,27.8,561,52.4
HNR1.DE,1.925,2413,3.9,1443,10.6,547,26.3,494,66.0
HON,1.803,2540,5.5,1545,13.3,583,27.4,416,58.7
HSBC,1.532,3606,8.3,2288,17.4,742,32.1,819,60.0
IBM,1.877,2820,5.0,1601,12.6,558,32.3,484,57.9
IBN,1.815,3329,5.4,2061,15.9,614,33.1,466,57.3
IDXX,2.214,2088,3.5,1321,15.2,383,27.4,364,51.9
IFX.DE,2.169,2535,3.4,1676,14.3,476,37.8,414,59.2
ILMN,1.983,2227,2.9,1527,8.8,535,22.8,418,64.1
ING,1.736,4465,7.2,2068,16.8,686,31.9,523,64.8
INTC,1.991,2189,6.8,1426,15.1,559,29.2,543,52.9
INTU,2.087,2733,3.2,1415,11.8,519,22.4,343,53.9
ISRG,1.771,2149,4.7,1640,16.2,498,28.7,590,56.8
JNJ,1.545,3236,3.5,1939,13.9,593,31.2,634,65.0
JPM,1.713,2694,5.1,1789,15.1,626,31.3,472,61.0
KDP,1.797,1714,5.3,1442,9.1,484,30.2,488,57.4
KHC,1.366,1015,5.9,925,17.2,417,34.3,530,65.8
KLAC,1.975,2978,4.6,1505,11.5,520,22.3,438,53.4
KO,1.759,2375,4.1,1596,13.3,646,36.8,496,56.7
LIN,1.824,2620,4.0,1797,11.7,656,24.1,500,50.6
LLY,2.036,2047,4.7,1472,11.3,459,26.8,436,66.5
LMT,1.794,1988,4.4,1413,11.2,464,24.6,376,62.0
LOW,1.783,2140,4.4,1773,13.8,649,24.3,590,64.1
LRCX,2.131,2558,4.1,1464,15.0,562,35.2,520,66.5
LULU,1.691,2523,5.2,1596,12.3,555,33.9,523,61.0
MA,2.235,2120,2.8,1276,7.8,423,31.9,298,61.4
MAR,1.968,3210,3.9,1630,10.3,624,31.7,459,65.6
MBG.DE,1.624,2574,4.4,1813,17.0,620,29.7,669,64.3
MCD,1.742,2178,3.8,1554,10.2,602,28.9,508,61.4
MCHP,1.748,2246,5.5,1610,14.2,567,27.3,625,56.3
MCK,1.777,2107,4.4,1426,11.4,530,27.7,425,55.3
MDB,2.158,889,3.7,783,8.4,298,20.5,178,50.0
MDLZ,1.782,2331,4.3,1871,9.6,745,26.3,657,54.9
MDT,1.818,2365,4.1,1705,12.1,614,25.9,552,63.0
MELI,1.908,2162,5.0,1499,11.5,527,27.3,514,51.6
META,1.937,1631,3.2,997,11.4,354,21.8,247,56.7
MFG,1.637,2247,11.1,1386,25.5,533,25.7,551,57.0
MMM,1.594,2874,6.4,1475,16.3,657,25.7,719,58.3
MNST,1.946,2431,3.1,1596,10.4,611,25.5,418,51.0
MO,1.888,3088,3.6,1751,11.8,615,24.1,442,53.2
MPC,1.751,2389,1.8,1527,6.2,507,19.1,468,54.9
MRK,1.798,1738,3.9,1345,16.7,670,29.7,523,59.3
MRK.DE,1.777,2116,5.5,1729,14.8,716,31.0,607,56.7
MRNA,2.063,537,6.5,485,12.8,248,17.7,252,49.2
MRVL,1.739,2049,5.0,1553,12.6,637,25.4,575,51.3
MS,1.891,2494,5.5,1727,14.0,543,32.4,460,61.7
MSFT,2.089,2154,3.2,1147,14.9,341,30.2,388,60.3
MSTR,1.695,2035,5.1,1850,12.1,761,24.0,777,63.8
MTX.DE,1.852,2459,3.7,1785,13.2,596,27.2,481,54.5
MU,1.909,2464,5.1,1537,18.3,531,30.1,412,60.2
MUFG,1.983,2312,12.3,1272,19.7,434,30.6,434,54.4
MUV2.DE,1.902,2732,6.6,1793,18.6,683,24.7,562,56.6
NEE,1.899,1865,4.1,1459,10.6,515,21.6,424,57.5
NEM,1.698,2000,7.0,1883,16.8,795,33.7,734,57.5
NET,2.148,674,5.3,362,20.7,116,35.3,112,67.0
NFLX,1.9,2676,3.8,1605,12.5,441,26.5,331,55.9
NKE,1.784,2422,6.9,1608,13.9,589,29.2,625,59.7
NOW,2.094,1790,3.4,1054,13.6,327,24.8,288,65.3
NVDA,1.989,2759,4.5,1452,12.1,479,21.3,347,57.3
NVO,2.036,2939,7.4,1659,14.5,505,21.4,484,61.0
NVS,1.635,4013,4.9,2099,14.9,697,24.0,755,53.9
NXPI,1.968,1614,5.9,1147,11.1,410,29.5,347,58.2
ODFL,1.787,2503,4.8,1894,10.6,662,24.2,561,62.6
ON,2.077,1872,5.6,1405,13.7,539,27.5,509,58.3
ORCL,1.703,3151,5.3,2017,12.7,579,25.6,542,58.1
ORLY,1.624,2179,3.9,1466,10.7,575,27.1,526,55.1
P911.DE,1.884,292,8.2,298,20.5,177,43.5,195,69.2
PAH3.DE,1.842,1900,6.8,1446,16.4,581,44.2,517,60.2
PANW,1.907,1717,2.6,1082,9.6,287,31.7,251,62.2
PAYX,1.584,2820,4.1,1486,14.2,562,25.1,640,53.1
PBR,1.839,2777,5.2,1815,13.7,607,28.8,426,56.3
PCAR,1.587,3060,4.7,1840,12.8,678,31.9,788,57.9
PDD,1.961,899,6.1,697,12.9,307,39.4,308,68.2
PEP,1.766,2431,6.1,1652,9.4,622,22.8,592,52.2
PFE,1.851,1517,4.2,1468,14.2,622,35.2,568,60.4
PG,1.72,2546,6.2,1955,14.1,619,24.4,586,52.4
PGR,1.731,2763,2.7,1693,10.4,593,19.1,590,63.6
PH,1.852,2598,4.6,1485,9.2,485,27.6,431,57.3
PLD,1.913,2666,4.7,1523,16.5,577,22.7,546,50.2
PLTR,2.119,633,4.1,398,13.3,159,20.8,170,57.1
PM,1.824,2564,3.7,1645,12.1,535,32.3,414,57.0
PSX,1.713,2261,4.1,1524,12.7,551,26.5,475,46.5
PYPL,1.975,1163,4.5,916,15.5,345,29.9,243,72.0
QCOM,1.765,2500,5.9,1910,13.0,724,25.1,587,59.6
QIA.DE,1.747,2203,3.3,2063,15.3,819,30.3,666,61.3
REGN,1.973,1958,3.8,1276,13.9,482,32.6,351,64.1
RHM.DE,1.913,1770,3.3,1518,14.6,514,26.7,516,60.7
RIO,1.759,3861,7.8,2308,17.5,813,32.7,700,60.6
ROP,1.741,2368,4.3,1443,11.5,478,20.7,468,60.5
ROST,1.786,2332,3.0,1560,13.4,532,22.7,515,56.5
RTX,1.857,2630,4.1,1562,8.5,585,24.3,442,54.5
RWE.DE,1.851,1882,4.8,1706,15.2,625,31.0,533,59.8
RY,1.709,3214,3.8,1544,14.4,529,30.4,444,66.2
SAN,1.575,3715,10.2,1871,19.9,656,39.8,585,58.5
SAP.DE,1.713,3454,3.8,2194,14.4,686,35.7,666,62.5
SBUX,1.813,2090,3.7,1379,10.3,447,31.3,485,65.4
SCCO,1.611,2794,6.5,1904,15.5,648,32.3,605,60.3
SCHW,1.738,2611,5.6,1876,12.5,657,23.7,578,49.5
SHEL,1.557,3411,7.2,2134,14.2,804,27.9,743,54.2
SHL.DE,1.76,961,10.1,659,19.9,300,38.0,336,67.9
SHOP,2.384,1340,4.9,800,9.6,272,25.0,207,64.7
SHW,1.771,2306,2.6,1548,9.6,596,23.5,500,60.8
SIE.DE,1.935,2533,5.0,1609,12.9,582,22.0,485,49.5
SMFG,2.111,2663,7.4,1390,17.1,492,31.9,400,56.2
SNDK,4.133,137,0.0,66,0.0,12,0.0,0,
SNOW,1.889,787,3.8,555,9.5,246,22.4,165,64.8
SNPS,1.693,3034,4.7,1602,14.7,542,25.1,523,52.2
SNY,1.681,3750,9.5,2512,14.8,1065,32.8,932,54.3
SO,1.905,1929,5.0,1473,11.3,633,21.5,490,54.7
SONY,1.811,3358,7.4,1804,17.1,662,29.2,548,56.4
SPG,1.69,2286,4.1,1527,8.1,667,22.3,669,53.4
SPGI,1.789,2914,3.1,1451,10.8,579,26.3,493,56.8
SPOT,2.12,640,5.0,499,19.8,239,23.8,165,62.4
SRT3.DE,2.144,1424,4.2,1152,20.1,428,27.6,343,60.6
STX,1.731,2189,5.1,1337,9.2,544,28.3,459,64.3
SY1.DE,1.605,2287,3.7,1765,11.0,756,32.1,733,59.2
SYK,1.966,2468,3.8,1516,15.2,568,24.8,438,62.3
T,1.825,2099,6.4,1780,14.3,668,25.6,609,59.1
TD,1.764,2704,5.7,1537,13.4,554,29.6,362,56.1
TEAM,1.992,1066,5.4,791,9.6,288,21.5,233,58.4
TJX,2.104,1898,4.1,1220,14.6,461,18.0,440,59.8
TM,1.579,3344,10.1,1544,22.3,651,38.6,776,67.5
TMO,1.854,2194,3.6,1634,12.0,588,24.1,443,57.3
TMUS,2.096,1419,7.5,1070,15.9,403,28.8,309,57.3
TRV,1.547,2717,3.7,1912,14.7,689,26.7,836,61.7
TSLA,2.087,1866,2.4,1477,17.1,485,33.4,340,55.3
TSM,1.854,2714,6.2,1923,11.9,691,25.8,435,56.6
TTD,1.969,969,3.3,654,16.2,249,25.3,175,57.1
TTE,1.599,3864,7.8,2600,15.5,753,28.7,745,56.5
TTWO,2.06,1845,2.8,1496,13.9,626,27.8,459,51.6
TXN,1.803,2805,4.7,1711,12.5,560,24.8,577,53.6
UBER,1.629,785,3.3,563,12.3,246,35.0,265,73.2
UBS,1.554,3981,8.3,2012,17.3,610,36.7,700,67.4
UL,1.663,3617,10.3,2156,21.1,705,30.6,880,65.8
UNH,1.793,2723,5.3,2129,12.9,621,23.8,389,50.4
UNP,1.845,2427,4.4,1567,13.7,643,32.0,515,57.1
UPS,1.667,2073,5.7,1637,15.9,695,30.1,752,56.9
USB,1.578,2982,7.4,1995,14.9,753,32.5,648,59.9
V,1.854,1652,4.9,1094,11.9,359,26.5,312,60.9
VLO,1.78,2796,5.8,2044,8.9,743,23.8,659,52.2
VNA.DE,2.144,1709,2.9,1090,12.6,392,23.7,327,58.4
VOW3.DE,1.845,1835,6.1,1534,20.5,564,41.5,461,71.6
VRSK,1.769,2143,4.1,1142,15.2,457,19.3,425,59.5
VRTX,1.734,2529,3.7,1726,13.9,673,30.0,518,56.8
VZ,1.523,2463,5.8,1605,17.4,677,36.0,732,68.0
WBD,1.718,1940,7.3,1321,17.9,650,33.2,753,70.1
WDAY,1.877,1476,7.2,959,14.2,309,32.4,286,57.3
WDC,2.0,2375,4.1,1505,14.7,513,26.9,426,57.7
WELL,1.768,2484,3.3,1576,11.9,572,28.1,403,55.6
WFC,1.718,2110,4.8,1557,17.6,691,30.2,531,53.9
WMT,1.867,2371,4.0,1809,13.0,603,26.9,614,64.0
XEL,1.913,2147,2.8,1455,12.0,629,24.2,586,49.0
XOM,1.561,2814,6.4,1939,13.6,796,28.8,773,58.7
ZAL.DE,1.99,1231,1.7,632,18.5,248,36.7,271,63.5
ZS,1.854,1139,3.7,694,18.2,259,29.7,240,52.9
