ticker,datum,kandidat,gruppe,punkte,position,rsi,erholung_begonnen,rsi_tief_rang,erholung_vol,zweig_a,einstieg,bezugstief,bezugstief_datum,atr,anker,ko_marke,korr_atr,korr_rang,luecken,kaufanteil
ABNB,2026-09-29,1,"2+ P, Tief>=2, RSI<50",2,4,38.43,1.0,1.0,0.0,1.0,156.96,149.0,2026-09-23,5.2046,1.75,139.89,8.54102963595852,1.0,,59.0
ALV.DE,2026-09-29,1,"2+ P, Tief>=2, RSI<50",2,2,39.29,1.0,1.0,,0.0,422.8,408.5,2026-09-24,7.5071,2.25,391.61,0.6793541652450772,0.0,,35.0
CSX,2026-09-29,1,"2+ P, Tief>=2, RSI<50",2,2,37.23,1.0,1.0,0.0,1.0,46.93,45.79,2026-09-21,0.8979,2.25,43.77,7.0835352210173195,0.9716312056737588,,64.0
DUK,2026-09-29,1,"2+ P, Tief>=2, RSI<50",2,3,30.68,1.0,1.0,0.0,1.0,114.21,112.4,2026-09-29,1.5214,1.75,109.74,13.309847465913997,1.0,,71.0
HEI.DE,2026-09-29,1,"2+ P, Tief>=2, RSI<50",2,6,34.61,1.0,1.0,0.0,1.0,144.5,142.5,2026-09-29,4.1286,3.5,128.05,7.3027682300328935,0.9111111111111111,,75.0
MELI,2026-09-29,1,"2+ P, Tief>=2, RSI<50",2,2,34.71,1.0,1.0,0.0,0.0,1724.9,1685.55,2026-09-28,54.9221,2.5,1548.24,6.927077394806817,0.9082125603864735,,50.0
ORCL,2026-09-29,1,"2+ P, Tief>=2, RSI<50",2,3,43.07,1.0,1.0,0.0,0.0,137.79,131.58,2026-09-28,7.6993,1.75,118.11,5.080989059228409,0.7593360995850622,,83.0
SCHW,2026-09-29,1,"2+ P, Tief>=2, RSI<50",2,5,33.05,1.0,1.0,0.0,1.0,99.1,97.4,2026-09-29,2.4093,2.0,92.58,7.109990866439662,0.9285714285714286,,71.0
SPG,2026-09-29,1,"2+ P, Tief>=2, RSI<50",2,4,35.47,1.0,1.0,0.0,1.0,204.28,203.01,2026-09-29,2.5907,2.75,195.89,1.2313204119658745,0.0,,23.0
UBER,2026-09-29,1,"2+ P, Tief>=2, RSI<50",2,4,39.9,1.0,1.0,0.0,0.0,69.36,67.73,2026-09-28,1.6922,2.5,63.5,8.648430742239052,0.9722222222222222,,95.0
UNP,2026-09-29,1,"2+ P, Tief>=2, RSI<50",2,2,33.9,1.0,1.0,0.0,1.0,274.15,268.26,2026-09-21,4.7743,2.0,258.71,9.611915016407094,0.9957264957264957,,86.0
VNA.DE,2026-09-29,1,"2+ P, Tief>=2, RSI<50",2,7,32.51,1.0,1.0,0.0,1.0,17.405,16.97,2026-09-29,0.4086,2.5,15.95,11.527964307269594,0.9928057553956835,,53.0
WELL,2026-09-29,1,"2+ P, Tief>=2, RSI<50",2,4,47.63,1.0,1.0,0.0,1.0,232.9,228.0,2026-09-18,4.9257,2.5,215.69,3.039154429132791,0.32882882882882886,,82.0
XEL,2026-09-29,1,"2+ P, Tief>=2, RSI<50",2,3,35.06,1.0,1.0,0.0,0.0,70.69,68.72,2026-09-25,1.3271,1.5,66.73,9.109784340456285,0.9824561403508771,,86.0
EXC,2026-09-29,0,2+ P,3,1,28.85,1.0,1.0,1.0,0.0,40.65,39.73,2026-09-25,0.6707,2.5,38.05,13.060701603431683,0.989010989010989,,33.0
MTX.DE,2026-09-29,0,2+ P,2,3,61.48,1.0,1.0,,0.0,371.0,327.1,2026-09-14,9.2929,2.25,306.19,0.9469657999065003,0.0,,55.0
SO,2026-09-29,0,2+ P,2,1,30.05,1.0,1.0,0.0,1.0,83.45,81.69,2026-09-29,1.27,2.0,79.15,13.519667121941003,0.9952830188679245,,29.0
ABT,2026-09-29,0,1 P,1,1,35.18,0.0,1.0,0.0,1.0,100.95,99.48,2026-09-29,1.9771,2.5,94.54,9.033230854717957,0.9683257918552036,,100.0
ACN,2026-09-29,0,1 P,1,1,45.89,1.0,0.0,0.0,1.0,177.12,172.11,2026-09-29,6.9807,2.75,152.91,3.6557865512205314,0.525691699604743,,44.0
ADI,2026-09-29,0,1 P,1,1,64.55,1.0,0.0,0.0,0.0,398.22,377.4,2026-09-24,11.6721,2.5,348.22,0.8258991300970003,0.0,,100.0
ADP,2026-09-29,0,1 P,1,3,37.88,0.0,1.0,0.0,1.0,261.8,258.3,2026-09-29,5.0657,2.5,245.64,3.991539248343415,0.6468085106382979,,25.0
AMT,2026-09-29,0,1 P,1,3,37.93,0.0,1.0,0.0,1.0,167.35,166.07,2026-09-29,3.8314,2.5,156.49,3.891495898987043,0.6026200873362445,,83.0
AMZN,2026-09-29,0,1 P,1,2,41.93,1.0,0.0,0.0,0.0,246.67,244.73,2026-09-28,5.2214,2.25,232.98,2.8268142477566327,0.28225806451612906,,95.0
AVGO,2026-09-29,0,1 P,1,2,45.96,1.0,0.0,0.0,0.0,355.1,346.89,2026-09-24,9.9179,2.0,327.05,1.9822815513708854,0.0,,88.0
CAT,2026-09-29,0,1 P,1,3,53.89,1.0,0.0,0.0,0.0,826.64,794.2,2026-09-24,20.6714,2.5,742.52,0.688872855624059,0.0,,54.0
CB,2026-09-29,0,1 P,1,3,36.93,0.0,1.0,0.0,1.0,332.08,328.14,2026-09-29,4.5257,2.5,316.83,8.345647461032984,0.9851485148514851,,18.0
CEG,2026-09-29,0,1 P,1,2,45.74,1.0,0.0,0.0,0.0,264.58,257.38,2026-09-28,8.9857,2.5,234.92,0.989903243765791,0.0,,78.0
CHTR,2026-09-29,0,1 P,1,2,28.67,0.0,1.0,0.0,1.0,110.67,109.96,2026-09-29,5.7693,2.75,94.09,8.79485206035281,0.9447513812154696,,23.0
CPRT,2026-09-29,0,1 P,1,2,29.95,0.0,1.0,0.0,1.0,27.14,26.74,2026-09-29,0.9671,2.25,24.56,7.9615957947038805,0.9635627530364372,,62.0
CSGP,2026-09-29,0,1 P,1,3,31.71,0.0,1.0,0.0,1.0,26.95,26.52,2026-09-29,1.1214,2.5,23.72,4.735031716051409,0.7194570135746606,,46.0
ENR.DE,2026-09-29,0,1 P,1,4,51.73,1.0,0.0,0.0,0.0,145.82,139.16,2026-09-28,5.1486,3.25,122.43,1.2780252815880664,0.0,,76.0
FANG,2026-09-29,0,1 P,1,3,36.54,0.0,1.0,0.0,1.0,183.95,181.91,2026-09-29,6.4386,2.5,165.81,4.876857305606598,0.7853107344632768,,84.0
GD,2026-09-29,0,1 P,1,3,20.92,0.0,1.0,0.0,1.0,332.34,330.36,2026-09-29,6.1343,2.25,316.56,10.896137899077367,0.9871794871794872,,64.0
GE,2026-09-29,0,1 P,1,3,40.36,1.0,0.0,0.0,0.0,317.89,315.24,2026-09-28,8.6736,3.0,289.22,1.606029320772793,0.0,,100.0
GEV,2026-09-29,0,1 P,1,1,52.83,1.0,0.0,0.0,0.0,962.49,921.53,2026-09-24,34.4635,1.5,869.83,0.5501461778024539,0.0,,80.0
GLW,2026-09-29,0,1 P,1,2,53.12,1.0,0.0,0.0,0.0,158.71,149.26,2026-09-28,8.0386,3.25,123.13,0.7177898048124982,0.0,,70.0
HDB,2026-09-29,0,1 P,1,1,46.16,1.0,0.0,0.0,0.0,22.64,22.33,2026-09-28,0.58,3.25,20.44,2.500000469790145,0.16853932584269662,,75.0
MCD,2026-09-29,0,1 P,1,5,23.57,0.0,1.0,0.0,1.0,233.98,232.06,2026-09-29,4.86,2.5,219.91,9.528802748375167,0.9888475836431226,,61.0
MDLZ,2026-09-29,0,1 P,1,4,34.78,0.0,1.0,0.0,1.0,59.32,58.79,2026-09-29,1.0936,3.25,55.24,4.608751724835589,0.7251184834123223,,100.0
MNST,2026-09-29,0,1 P,1,2,31.38,0.0,1.0,0.0,1.0,41.74,41.05,2026-09-29,0.9821,2.5,38.59,4.103276506812774,0.6302521008403361,,60.0
MRK,2026-09-29,0,1 P,1,1,57.76,1.0,0.0,0.0,1.0,149.28,146.09,2026-09-29,3.35,2.75,136.88,2.2328386645276166,0.0,,89.0
MRVL,2026-09-29,0,1 P,1,1,61.56,1.0,0.0,0.0,0.0,263.27,248.14,2026-09-28,12.5657,3.0,210.44,1.5391096246686535,0.0,,84.0
NEE,2026-09-29,0,1 P,1,4,24.6,0.0,1.0,0.0,1.0,75.89,74.78,2026-09-29,1.265,2.25,71.93,7.588928723130195,0.9613733905579399,,60.0
NVO,2026-09-29,0,1 P,1,3,29.66,0.0,1.0,0.0,1.0,38.31,38.05,2026-09-29,1.1286,3.0,34.66,8.931643310508738,0.9782608695652174,,21.0
NXPI,2026-09-29,0,1 P,1,1,53.75,1.0,0.0,0.0,0.0,236.47,229.36,2026-09-24,7.9986,3.25,203.36,0.5901055510898969,0.0,,56.0
ON,2026-09-29,0,1 P,1,1,52.52,1.0,0.0,0.0,0.0,75.95,71.79,2026-09-24,3.7336,3.0,60.59,1.0767160589765141,0.0,,50.0
PAH3.DE,2026-09-29,0,1 P,1,1,32.01,0.0,1.0,0.0,1.0,25.32,25.12,2026-09-29,0.8536,3.5,22.13,5.799158692118185,0.6556291390728477,,20.0
PAYX,2026-09-29,0,1 P,1,3,20.33,0.0,1.0,0.0,1.0,99.31,98.0,2026-09-29,2.9986,3.0,89.0,9.998098284730611,1.0,,8.0
PEP,2026-09-29,0,1 P,1,3,29.57,0.0,1.0,0.0,1.0,128.69,126.42,2026-09-29,2.1843,3.0,119.87,8.918235830373142,0.9777777777777777,,21.0
PLD,2026-09-29,0,1 P,1,1,35.29,0.0,1.0,0.0,1.0,132.61,130.71,2026-09-29,2.0721,2.5,125.53,6.326788687974635,0.8530805687203792,,88.0
REGN,2026-09-29,0,1 P,1,2,37.27,0.0,1.0,0.0,1.0,750.51,741.83,2026-09-29,19.2028,3.0,684.22,6.119405939874751,0.8267326732673267,,55.0
ROP,2026-09-29,0,1 P,1,3,25.63,0.0,1.0,0.0,1.0,349.45,347.45,2026-09-29,9.1414,2.75,322.31,8.986558960943082,0.9874476987447699,,40.0
SNY,2026-09-29,0,1 P,1,5,30.04,0.0,1.0,0.0,1.0,40.74,40.4,2026-09-29,0.6629,3.75,37.91,8.614227430894543,0.9608540925266904,,50.0
SY1.DE,2026-09-29,0,1 P,1,1,59.67,1.0,0.0,0.0,1.0,93.5,88.36,2026-09-18,1.8943,2.75,83.15,1.1191566240797692,0.0,,69.0
BIIB,2026-09-29,0,0 P,0,1,61.01,0.0,0.0,0.0,1.0,227.07,224.45,2026-09-29,5.4929,3.5,205.22,1.0996110895049724,0.0,,65.0
BNS,2026-09-29,0,0 P,0,1,50.38,0.0,0.0,0.0,1.0,92.47,91.83,2026-09-29,1.4214,,,3.046230346620251,0.3592592592592593,,36.0
BP,2026-09-29,0,0 P,0,1,46.09,0.0,0.0,0.0,1.0,43.52,43.35,2026-09-29,1.1079,,,1.9858165064009938,0.0,,50.0
BRK-B,2026-09-29,0,0 P,0,2,44.41,0.0,0.0,0.0,1.0,502.35,500.23,2026-09-29,6.0514,3.0,482.08,3.885030964257823,0.5511111111111111,,50.0
CDNS,2026-09-29,0,0 P,0,1,59.62,0.0,0.0,0.0,1.0,324.17,314.0,2026-09-29,9.865,2.75,286.87,1.7040039879900688,0.0,,88.0
CNQ,2026-09-29,0,0 P,0,4,39.56,0.0,0.0,0.0,1.0,47.17,46.58,2026-09-29,1.265,4.0,41.52,4.52964511674463,0.5927601809954751,,48.0
COP,2026-09-29,0,0 P,0,2,41.46,0.0,0.0,0.0,1.0,125.44,123.46,2026-09-29,3.7071,3.75,109.56,4.898650038213122,0.7446808510638298,,80.0
COST,2026-09-29,0,0 P,0,1,53.14,0.0,0.0,0.0,1.0,924.59,912.66,2026-09-29,14.4336,3.0,869.36,1.2768875373182116,0.0,,69.0
CVX,2026-09-29,0,0 P,0,1,47.67,0.0,0.0,0.0,1.0,204.38,202.7,2026-09-29,4.5893,4.0,184.34,3.704280155642023,0.5817490494296578,,70.0
DXCM,2026-09-29,0,0 P,0,2,48.74,0.0,0.0,0.0,1.0,86.64,85.24,2026-09-29,2.1743,3.25,78.17,2.368594467135458,0.004975124378109453,,93.0
EQIX,2026-09-29,0,0 P,0,1,44.23,0.0,0.0,0.0,1.0,1015.27,1005.8,2026-09-29,25.7286,3.5,915.75,2.3596335113044624,0.09876543209876543,,91.0
EQNR,2026-09-29,0,0 P,0,3,43.3,0.0,0.0,0.0,1.0,41.34,40.96,2026-09-29,1.1714,,,2.6804889049230325,0.1377952755905512,,17.0
GEHC,2026-09-29,0,0 P,0,2,46.28,0.0,0.0,0.0,1.0,66.46,65.61,2026-09-29,1.4101,3.25,61.03,1.0566830957093185,0.0,,56.0
GILD,2026-09-29,0,0 P,0,1,59.34,0.0,0.0,0.0,1.0,151.28,148.79,2026-09-29,3.4586,3.0,138.41,1.786862318616789,0.0,,62.0
HSBC,2026-09-29,0,0 P,0,3,43.12,0.0,0.0,0.0,1.0,100.72,99.75,2026-09-29,1.8307,,,2.419819508200479,0.1543859649122807,,33.0
KHC,2026-09-29,0,0 P,0,2,33.68,0.0,0.0,0.0,1.0,23.45,23.24,2026-09-29,0.5793,,,5.524045290942376,0.7606837606837606,,11.0
KO,2026-09-29,0,0 P,0,2,43.22,0.0,0.0,0.0,1.0,86.84,86.56,2026-09-29,1.1943,3.0,82.98,3.1818205048176518,0.3891402714932127,,92.0
MCK,2026-09-29,0,0 P,0,2,45.18,0.0,0.0,0.0,1.0,864.82,847.29,2026-09-29,20.5386,2.75,790.81,4.024623778617787,0.6708333333333333,,71.0
MFG,2026-09-29,0,0 P,0,1,52.81,0.0,0.0,0.0,1.0,11.0,10.82,2026-09-29,0.27,,,1.4814833316429585,0.0,,50.0
MO,2026-09-29,0,0 P,0,4,48.89,0.0,0.0,0.0,1.0,68.72,67.97,2026-09-29,1.2643,3.5,63.54,2.43616006041447,0.12757201646090535,,29.0
MPC,2026-09-29,0,0 P,0,1,55.1,0.0,0.0,0.0,1.0,392.03,380.0,2026-09-29,16.7364,3.25,325.61,3.123725346186552,0.42934782608695654,,67.0
MUFG,2026-09-29,0,0 P,0,1,50.66,0.0,0.0,0.0,1.0,23.13,22.93,2026-09-29,0.4907,,,3.749639074965795,0.35121951219512193,,50.0
NVS,2026-09-29,0,0 P,0,1,48.49,0.0,0.0,0.0,1.0,145.71,144.46,2026-09-29,2.295,,,1.1198231441773878,0.0,,42.0
ORLY,2026-09-29,0,0 P,0,6,47.33,0.0,0.0,0.0,1.0,86.07,85.33,2026-09-29,1.7671,2.5,80.91,1.1996736075432923,0.0,,80.0
P911.DE,2026-09-29,0,0 P,0,2,51.74,0.0,0.0,0.0,1.0,45.3,44.36,2026-09-29,1.6279,,,2.5063630442784324,0.0,,29.0
PBR,2026-09-29,0,0 P,0,2,54.6,0.0,0.0,0.0,1.0,20.65,20.24,2026-09-29,0.57,,,3.1403493172982193,0.25380710659898476,,79.0
PFE,2026-09-29,0,0 P,0,1,66.65,0.0,0.0,0.0,1.0,28.72,28.26,2026-09-29,0.4457,3.5,26.7,1.3685907448377805,0.0,,29.0
PSX,2026-09-29,0,0 P,0,2,50.76,0.0,0.0,0.0,1.0,252.25,248.51,2026-09-29,9.205,3.25,218.59,3.108092875531074,0.4157303370786517,,58.0
RWE.DE,2026-09-29,0,0 P,0,1,49.21,0.0,0.0,0.0,1.0,58.92,58.22,2026-09-29,1.4314,4.0,52.49,1.914171169972454,0.0,,83.0
SHEL,2026-09-29,0,0 P,0,1,54.11,0.0,0.0,0.0,1.0,95.14,94.72,2026-09-29,1.6886,,,1.7233479488094723,0.0,,25.0
SNPS,2026-09-29,0,0 P,0,1,54.29,0.0,0.0,0.0,1.0,415.09,403.33,2026-09-29,13.5643,3.0,362.64,3.1398641574443023,0.4132231404958678,,90.0
TM,2026-09-29,0,0 P,0,3,41.8,0.0,0.0,0.0,1.0,186.71,185.49,2026-09-29,3.2307,,,4.160069981995087,0.4844961240310077,,100.0
TRV,2026-09-29,0,0 P,0,2,43.37,0.0,0.0,0.0,1.0,363.21,358.39,2026-09-29,6.5857,3.75,333.69,3.8872013734907935,0.6345381526104418,,29.0
UNH,2026-09-29,0,0 P,0,1,38.99,0.0,0.0,0.0,1.0,374.94,371.33,2026-09-29,7.9207,3.5,343.61,5.116963334042447,0.7974683544303798,,80.0
VLO,2026-09-29,0,0 P,0,1,58.09,0.0,0.0,0.0,1.0,387.72,379.57,2026-09-29,17.4729,4.0,309.68,3.0950861377113026,0.3771186440677966,,50.0
VOW3.DE,2026-09-29,0,0 P,0,1,36.87,0.0,0.0,0.0,1.0,71.04,70.52,2026-09-29,2.4714,,,5.502887371879695,0.6460674157303371,,58.0
VRTX,2026-09-29,0,0 P,0,1,53.5,0.0,0.0,0.0,1.0,526.73,519.25,2026-09-29,11.0636,3.25,483.29,0.9617165668426714,0.0,,75.0
XOM,2026-09-29,0,0 P,0,1,50.01,0.0,0.0,0.0,1.0,161.35,159.27,2026-09-29,3.8214,3.75,144.94,1.4758881116886635,0.0,,43.0
ZAL.DE,2026-09-29,0,0 P,0,4,40.36,0.0,0.0,0.0,1.0,21.87,21.55,2026-09-29,0.5836,4.0,19.22,6.151770681294177,0.7615384615384615,,75.0
