ticker,kerzen,pivot_kontrolle,t_atr,t_serien,pruefttage,luecken_offen,korrekturen,korrekturen_je_jahr,tiefe_p25,tiefe_p50,tiefe_p75,tiefe_p90,dauer_p25,dauer_p50,dauer_p75,dauer_p90,mit_ergebnis,risiko_p33,chance_a_median,ratio_a_p67,chance_b_median,ratio_b_p67,gut_a_pct,gut_b_pct,haelt2_pct
AAPL,5030,1,2.0957514887684345,350,1459,4,267,13.35,2.61,3.45,4.86,6.15,3.0,5.0,11.0,15.0,1437,0.401,2.002,1.937,6.384,5.357,28.3,29.0,56.9
ABBV,3457,1,2.0102572056569317,216,992,1,183,13.32,2.58,3.32,4.64,5.83,3.0,7.0,11.0,14.8,973,0.51,1.66,1.287,4.68,3.763,27.3,29.4,49.9
ABNB,1457,1,2.080112593028688,110,429,0,77,13.27,2.68,3.8,4.68,6.4,4.0,7.0,11.0,15.0,412,1.418,1.653,0.936,3.971,2.121,26.9,28.9,42.7
ABT,5030,1,2.2773246383655152,346,1478,4,221,11.05,2.77,3.44,4.85,6.38,4.0,8.0,14.0,21.0,1458,0.704,1.8,1.432,4.361,3.224,28.0,29.1,51.8
ACN,5030,1,2.1239641985997,360,1542,4,253,12.65,2.69,3.52,4.56,6.08,3.0,6.0,11.0,16.0,1523,0.671,1.803,1.402,5.007,3.253,27.8,29.2,51.0
ADBE,5030,1,2.027832100171432,341,1458,4,269,13.45,2.66,3.35,4.74,6.03,3.0,6.0,11.0,16.2,1436,0.576,1.732,1.159,4.795,3.437,28.8,29.8,49.4
ADI,5030,1,2.3084173055723767,344,1565,4,220,11.0,2.95,3.61,4.63,6.13,4.0,8.0,14.0,22.1,1536,0.744,1.69,1.269,4.447,3.039,28.8,28.8,52.0
ADP,5030,1,2.1598655179659594,343,1550,4,235,11.75,2.72,3.4,4.77,6.03,4.0,7.0,12.0,18.0,1529,0.443,1.651,1.186,4.623,3.499,27.3,28.6,54.2
ADS.DE,5078,1,2.4313279317348613,305,1460,13,217,10.85,2.96,3.98,5.47,6.65,5.0,9.0,15.0,20.4,1443,0.741,2.021,1.524,4.444,3.268,28.1,28.3,50.2
ADSK,5030,1,2.2106649431835304,306,1430,4,244,12.2,2.81,3.83,4.98,6.27,4.0,7.0,11.2,17.0,1409,0.849,1.668,1.194,4.67,2.953,28.2,28.3,47.3
AEP,5030,1,2.1546551362695445,297,1421,4,240,12.0,2.72,3.39,4.46,6.13,4.0,7.0,12.0,19.0,1405,0.793,1.747,1.124,3.872,3.016,27.8,29.8,50.9
AIR.DE,5078,1,2.3918442791809613,316,1516,13,224,11.2,3.11,3.72,5.04,6.41,5.0,8.0,13.0,19.7,1489,0.787,1.79,1.207,4.614,3.179,28.5,28.9,50.1
ALV.DE,5078,1,2.257301150505122,326,1488,13,237,11.85,2.81,3.75,4.99,6.49,4.0,8.0,13.0,18.0,1471,0.939,1.664,1.011,4.358,2.713,28.6,29.0,47.5
AMAT,5030,1,2.1435096315515123,346,1502,4,246,12.3,2.75,3.61,4.82,6.04,4.0,7.0,11.0,16.0,1478,0.616,1.803,1.275,4.973,3.716,27.9,28.8,51.9
AMD,5030,1,2.663168217222065,263,1324,4,171,8.55,3.31,4.33,6.25,8.71,5.0,11.0,17.0,28.0,1303,0.758,2.295,1.693,4.646,4.091,29.2,29.1,49.2
AMGN,5030,1,2.330478380308505,281,1505,4,206,10.3,2.92,4.01,5.28,7.32,5.0,9.0,15.0,22.5,1487,0.818,1.815,1.246,4.24,3.193,28.2,29.1,51.6
AMT,5030,1,2.2867276388565023,322,1460,4,229,11.45,2.9,3.47,4.78,6.1,4.0,8.0,14.0,20.0,1436,0.651,1.82,1.283,4.363,3.014,28.1,28.8,53.1
AMZN,5030,1,2.202969637885679,342,1478,4,248,12.4,2.74,3.63,4.91,6.09,4.0,7.0,12.0,17.0,1458,0.377,2.107,1.808,5.598,5.541,28.2,29.1,56.2
ANET,3098,1,2.341423635747396,206,911,1,141,11.45,2.97,3.79,4.95,5.92,3.0,6.0,11.0,17.0,893,0.644,2.14,1.345,5.715,4.023,27.3,28.0,52.4
APH,5030,1,2.198718705042694,373,1555,4,255,12.75,2.74,3.45,4.63,5.78,4.0,6.0,11.0,16.0,1531,0.391,1.865,1.593,5.44,4.237,28.5,28.3,57.7
APP,1372,1,2.2897402142257084,99,392,0,64,11.72,2.68,3.4,5.81,7.73,3.8,7.0,13.2,18.0,373,0.22,2.155,2.125,5.763,5.738,29.8,29.8,51.2
ARM,764,1,3.1624903601433894,41,217,0,24,7.88,3.4,4.45,6.83,8.11,6.5,9.5,17.5,23.2,197,0.625,3.673,3.877,6.841,8.392,31.5,29.9,54.8
ASML,5117,1,2.227602965630378,369,1612,2,256,12.8,2.9,3.75,4.99,6.07,3.0,7.0,11.0,16.0,1587,0.67,1.845,1.249,5.487,4.126,28.4,29.0,51.1
AVGO,4314,1,2.360756832658122,286,1297,3,201,11.72,2.85,3.61,4.74,5.74,4.0,8.0,13.0,16.0,1273,0.277,2.081,2.125,5.67,5.474,28.7,28.0,60.7
AXON,5030,1,2.512905630323772,264,1332,4,185,9.25,3.27,4.27,5.81,7.55,6.0,10.0,16.0,26.0,1314,0.769,2.1,1.46,5.238,4.435,28.8,28.7,49.7
AXP,5030,1,2.3702613295713304,332,1500,4,216,10.8,3.01,3.91,5.04,6.6,4.0,7.0,13.0,19.5,1483,0.728,1.935,1.302,4.542,3.419,28.0,28.7,50.0
AZN,5030,1,2.286216085960947,335,1816,4,248,12.4,2.97,3.9,5.55,7.13,4.0,8.0,13.0,19.0,1787,1.3,1.802,0.932,4.428,2.516,28.0,28.9,40.6
BA,5030,1,2.370568244727819,203,1484,4,219,10.95,3.0,3.85,5.38,7.16,4.0,8.0,13.5,19.2,1470,0.888,1.88,1.251,4.055,2.942,28.5,29.3,49.3
BABA,3025,1,2.199526950404149,206,1016,1,151,12.55,2.84,4.1,5.67,7.82,4.0,8.0,13.0,19.0,996,1.327,1.735,0.971,3.998,2.848,29.6,30.9,41.3
BAC,5030,1,2.459093095672113,304,1485,4,197,9.85,3.31,4.27,5.55,7.02,6.0,10.0,16.0,23.4,1468,0.967,1.834,1.183,4.514,2.746,28.7,29.6,44.6
BAS.DE,5078,1,2.265851845832696,323,1541,13,226,11.3,2.87,3.81,5.26,6.88,5.0,8.0,13.0,21.0,1520,0.956,1.675,0.968,4.156,2.72,27.6,29.2,47.7
BAYN.DE,5078,1,2.288996544344383,313,1476,13,224,11.2,3.13,3.84,5.29,7.26,5.0,8.0,14.0,19.0,1459,1.249,1.777,0.964,3.969,2.437,27.5,28.4,44.3
BBVA,5030,1,2.0477639891305266,380,1766,4,292,14.6,2.68,3.74,5.18,6.89,4.0,6.0,11.0,16.0,1740,1.416,1.545,0.726,4.165,2.518,27.2,29.5,39.3
BEI.DE,5078,1,2.4161398448326237,292,1513,13,209,10.45,2.99,3.83,5.16,6.99,4.0,8.0,13.0,22.2,1492,1.044,1.837,1.112,3.638,2.443,28.8,30.2,46.3
BHP,5030,1,2.154170913303234,414,1840,4,256,12.8,2.94,4.01,5.58,7.25,5.0,7.0,13.0,18.0,1811,1.058,1.799,1.045,4.733,2.92,28.5,29.7,43.8
BIIB,5030,1,2.3378903842548424,265,1452,4,203,10.15,3.06,3.86,5.3,7.25,5.0,9.0,15.0,22.8,1429,0.624,1.813,1.223,3.964,2.977,27.6,27.3,50.5
BKNG,5030,1,2.2628802818725235,350,1476,4,236,11.8,2.79,3.53,4.88,6.51,4.0,8.0,12.0,16.0,1462,0.584,2.204,1.679,5.101,4.125,28.0,29.4,51.7
BKR,5030,1,2.2306086471469992,317,1540,4,223,11.15,2.82,3.62,5.14,7.25,5.0,8.0,12.5,21.8,1522,0.942,1.68,1.025,3.988,2.933,27.6,28.8,49.0
BLK,5030,1,2.2168903824907895,355,1518,4,241,12.05,2.82,3.51,4.9,6.42,4.0,7.0,12.0,18.0,1499,0.759,1.846,1.336,4.521,3.289,27.8,29.9,50.2
BMO,5030,1,2.244718437332633,342,1564,4,224,11.2,2.85,4.04,5.53,7.25,4.0,8.0,12.0,20.0,1545,1.065,1.776,0.9,4.304,2.729,28.2,28.5,43.2
BMW.DE,5078,1,2.693488592612106,289,1519,13,179,8.95,3.42,4.28,5.44,7.46,6.0,11.0,16.5,27.0,1493,1.17,1.881,1.163,4.007,2.364,28.5,29.0,44.4
BMY,5030,1,2.3818954223098237,314,1418,4,208,10.4,2.95,3.97,5.25,7.04,5.0,8.0,15.0,23.3,1397,1.103,1.878,1.072,4.038,2.759,28.2,29.1,46.7
BNR.DE,4195,1,2.3079358205014877,273,1245,12,193,11.69,3.01,3.85,5.17,7.39,4.0,7.0,13.0,20.0,1224,1.059,1.828,1.009,4.231,2.706,29.1,29.5,45.2
BNS,5030,1,2.0851082916443646,349,1565,4,270,13.5,2.71,3.6,4.99,6.56,4.0,6.0,11.0,16.1,1547,0.984,1.698,0.915,3.998,2.805,29.1,28.9,44.5
BNY,5030,1,2.2075040047490333,344,1509,4,233,11.65,2.84,3.51,4.68,5.99,4.0,8.0,12.0,19.0,1495,0.667,1.797,1.199,4.42,3.223,28.2,29.2,50.7
BP,5030,1,2.170886149488222,353,1824,4,272,13.6,2.79,3.75,5.41,7.37,4.0,7.0,12.0,18.9,1799,1.368,1.618,0.823,4.448,2.391,27.4,29.3,42.0
BRK-B,5030,1,2.290908559937922,335,1484,4,225,11.25,2.86,3.72,4.99,6.32,5.0,9.0,14.0,20.0,1461,0.583,1.825,1.504,4.843,3.72,27.8,27.3,56.1
BTI,5030,1,2.1933757523852666,382,1879,4,261,13.05,2.82,3.86,5.29,7.46,4.0,7.0,12.0,18.0,1855,1.18,1.79,0.97,4.374,2.507,28.3,29.2,42.0
C,5030,1,2.333795355798168,322,1503,4,225,11.25,3.16,4.09,5.32,6.96,5.0,8.0,14.0,20.0,1483,0.903,1.726,1.149,4.365,2.952,28.3,29.3,47.9
CAT,5030,1,2.093490457049404,334,1506,4,261,13.05,2.59,3.53,4.87,6.59,4.0,7.0,11.0,17.0,1483,0.632,1.783,1.458,5.207,4.317,28.7,30.3,50.4
CB,5030,1,2.4604558862965944,317,1516,4,202,10.1,2.94,3.76,4.8,5.94,5.0,9.0,15.0,21.0,1497,0.827,1.874,1.345,4.499,2.786,29.1,28.1,52.2
CBK.DE,5078,1,2.4332405741920926,275,1400,13,214,10.7,2.98,3.98,5.76,7.95,5.0,9.0,15.0,22.0,1385,1.118,1.698,1.037,4.157,2.887,29.4,29.7,44.2
CCEP,5030,1,2.311400244858288,300,1436,4,226,11.3,2.86,3.48,4.8,6.63,5.0,8.0,12.0,18.5,1418,0.563,1.89,1.407,4.716,3.725,28.6,29.2,52.3
CDNS,5030,1,2.184370970752313,353,1414,4,236,11.8,2.76,3.67,4.79,6.39,3.0,7.0,12.0,19.0,1396,0.518,1.873,1.561,5.215,4.037,29.1,29.6,54.8
CDW,3335,1,2.310139513296081,211,949,1,135,10.18,3.07,4.15,5.42,6.32,5.0,9.0,14.0,21.6,929,0.577,1.829,1.137,5.213,3.563,28.5,28.6,51.5
CEG,1179,1,2.03786229583212,78,334,0,63,13.42,2.68,3.25,4.59,5.84,3.0,6.0,9.0,12.8,318,0.547,1.402,1.447,6.185,5.627,28.9,28.3,51.9
CHTR,4210,1,2.2877121744169484,221,1189,3,181,10.82,2.94,3.9,4.93,6.83,4.0,8.0,13.0,19.0,1175,0.662,2.031,1.623,5.054,3.913,28.5,29.5,51.1
CL,5030,1,2.141098172973742,331,1478,4,238,11.9,2.74,3.41,4.65,6.36,4.0,7.0,11.0,19.0,1459,0.784,1.764,0.995,3.936,2.843,28.0,28.2,49.8
CM,5030,1,2.008950385623523,344,1546,4,284,14.2,2.59,3.41,4.81,6.81,3.0,6.0,10.0,16.0,1532,0.889,1.562,0.891,4.71,3.477,28.5,29.4,46.9
CMCSA,5030,1,2.38525754155551,299,1482,4,209,10.45,2.98,3.86,4.92,6.49,5.0,8.0,14.0,23.4,1463,0.778,1.828,1.226,4.338,3.094,27.5,29.4,52.1
CNQ,5030,1,2.3702965663747166,341,1531,4,221,11.05,3.27,4.25,5.35,6.78,5.0,9.0,14.0,18.0,1506,0.989,1.844,1.212,4.33,3.185,28.4,28.8,47.9
COF,5030,1,2.4011610112622277,337,1547,4,219,10.95,3.01,3.79,5.07,6.73,5.0,8.0,13.0,22.0,1525,0.989,1.837,1.186,4.315,2.668,28.2,29.2,46.8
CON.DE,5078,1,2.537601833467134,311,1450,13,193,9.65,3.29,4.05,5.45,7.58,6.0,10.0,16.0,23.8,1431,0.987,1.766,1.105,4.281,2.838,28.1,29.1,48.4
COP,5030,1,2.178110023313027,335,1570,4,235,11.75,2.81,3.64,4.92,6.58,5.0,8.0,12.5,18.0,1545,0.728,1.712,1.203,4.086,3.259,28.0,29.3,49.5
COST,5030,1,2.2296862334290153,329,1421,4,228,11.4,2.83,3.54,4.7,6.0,4.0,7.0,12.0,17.3,1398,0.476,1.957,1.723,5.228,4.297,27.5,28.0,58.0
CPRT,5030,1,2.08364767870375,312,1462,4,247,12.35,2.59,3.44,4.75,6.18,3.0,6.0,12.0,18.4,1444,0.441,1.72,1.387,5.244,4.184,27.6,28.3,55.3
CRM,5030,1,2.2756776948948465,334,1495,4,229,11.45,2.93,3.82,5.04,6.34,5.0,8.0,14.0,19.0,1475,0.59,1.819,1.42,4.764,3.702,28.5,29.5,54.8
CRWD,1836,1,2.3977063959395966,119,497,0,84,11.5,2.95,3.85,4.66,6.25,3.0,6.0,11.0,17.0,478,0.227,2.194,2.121,5.638,5.686,28.2,29.9,55.6
CSCO,5030,1,2.258437711731636,311,1520,4,216,10.8,2.87,3.7,5.32,6.65,4.0,7.5,14.2,20.0,1498,0.941,1.956,1.23,4.532,3.033,28.0,29.2,49.4
CSGP,5030,1,2.34390779648683,288,1455,4,221,11.05,2.88,3.69,4.95,6.77,4.0,8.0,13.0,22.0,1436,0.53,1.938,1.544,4.77,3.671,27.2,29.3,55.3
CSX,5030,1,2.029213923080954,379,1452,4,282,14.1,2.61,3.27,4.32,5.85,3.0,6.0,11.0,15.0,1433,0.578,1.66,1.224,4.574,3.622,28.3,29.3,53.0
CTAS,5030,1,2.1282144737969575,354,1545,4,244,12.2,2.65,3.36,4.42,6.08,3.0,6.0,11.0,15.7,1525,0.298,1.92,1.568,5.35,4.655,27.0,27.9,58.0
CTSH,5030,1,2.557317578699105,289,1499,4,197,9.85,3.17,4.03,5.35,6.9,5.0,9.0,15.0,24.0,1479,0.952,1.913,1.258,4.364,2.973,28.3,28.7,47.1
CVS,5030,1,2.2611254446645974,300,1425,4,223,11.15,2.96,3.66,5.05,6.95,4.0,8.0,13.5,19.0,1409,0.756,1.872,1.336,4.217,3.212,28.7,29.0,50.3
CVX,5030,1,1.9996147069022465,267,1581,4,263,13.15,2.53,3.33,4.8,6.28,3.5,7.0,11.0,16.0,1560,1.092,1.553,0.912,3.746,2.423,27.1,29.7,45.8
DASH,1458,1,2.0374764449631693,108,426,0,75,12.92,2.75,3.31,4.42,6.64,3.5,7.0,12.0,16.0,405,0.608,1.686,1.208,5.381,4.295,26.7,28.1,55.1
DB1.DE,5078,1,2.4130911604953615,317,1460,13,213,10.65,3.14,3.83,5.03,7.17,4.0,8.0,14.0,22.0,1444,0.791,1.831,1.268,4.177,3.033,28.3,28.4,53.8
DBK.DE,5078,1,2.3879098693379546,331,1503,13,206,10.3,3.04,4.23,5.81,7.79,5.0,9.0,15.0,26.5,1482,1.347,1.645,0.866,3.645,2.124,27.2,28.2,41.9
DDOG,1767,1,2.209883624576384,109,530,0,85,12.09,2.83,3.78,4.83,6.39,4.0,7.0,11.0,18.0,512,0.716,1.915,1.509,5.055,3.945,28.5,29.7,49.6
DE,5030,1,2.2815202229500726,335,1508,4,245,12.25,2.79,3.49,4.82,6.39,4.0,7.0,12.0,16.6,1491,0.686,1.723,1.214,4.356,3.359,28.2,28.8,53.8
DELL,2544,1,2.201519267350976,198,739,1,126,12.45,2.71,3.51,4.46,6.53,3.0,6.0,10.8,16.5,722,0.473,2.087,1.643,6.397,6.241,27.6,30.1,54.8
DHL.DE,5078,1,2.3733444578142566,335,1466,13,221,11.05,2.97,3.75,5.14,6.99,5.0,8.0,12.0,20.0,1449,0.7,2.086,1.409,4.698,3.327,28.2,31.3,49.5
DHR,5030,1,2.1197244901339074,366,1566,4,270,13.5,2.64,3.29,4.43,5.63,3.2,7.0,11.0,16.0,1543,0.677,1.699,1.256,4.538,3.316,27.1,27.7,55.4
DIS,5030,1,2.301173328145416,333,1534,4,224,11.2,2.93,3.8,4.99,6.69,5.0,8.0,13.0,20.0,1516,0.827,1.847,1.132,4.412,3.481,27.9,29.7,48.9
DTE.DE,5078,1,2.333153997971694,292,1424,13,214,10.7,2.92,3.73,5.35,7.33,5.0,9.0,15.0,20.0,1409,1.041,1.861,0.987,3.899,2.632,28.1,29.4,44.8
DTG.DE,1224,1,2.7391129585424663,76,347,0,42,8.74,3.2,4.24,5.77,7.96,5.0,9.0,17.8,22.9,332,0.754,1.901,1.633,4.55,3.5,29.5,29.2,49.7
DUK,5030,1,2.2215871021691074,330,1407,4,218,10.9,2.66,3.5,4.83,6.46,4.0,7.0,14.0,19.0,1389,0.788,1.68,1.136,3.957,2.699,27.4,28.6,50.4
DXCM,5030,1,2.3819861019663193,257,1378,4,201,10.05,2.98,3.75,5.18,7.32,5.0,8.0,14.0,21.0,1364,0.406,2.12,1.902,5.018,4.281,27.6,28.6,54.5
EMR,5030,1,2.180476666554681,337,1553,4,239,11.95,2.84,3.66,4.78,6.24,5.0,8.0,13.0,17.0,1538,0.883,1.677,0.995,4.386,2.834,27.8,28.5,47.6
ENB,5030,1,2.2915071386584693,323,1506,4,221,11.05,2.91,3.73,5.39,6.79,4.0,7.0,12.0,19.0,1490,0.832,1.921,1.248,4.473,2.816,27.4,29.0,50.5
ENR.DE,1530,1,2.1221467268697634,98,434,1,84,14.0,2.83,3.23,4.36,6.38,3.0,5.0,9.0,15.0,415,0.63,1.711,1.241,5.25,4.382,28.7,31.1,50.1
EOAN.DE,5078,1,2.4603626675864714,287,1442,13,196,9.8,3.17,4.15,5.47,6.76,5.0,9.0,15.0,25.0,1423,0.921,1.847,1.214,3.839,2.416,28.7,28.8,49.0
EQIX,5030,1,2.17712515635395,342,1470,4,243,12.15,2.73,3.36,4.32,6.25,4.0,6.0,11.0,17.0,1453,0.569,1.852,1.355,4.578,3.504,28.1,29.4,52.2
EQNR,5030,1,2.270269620090467,377,1854,4,254,12.7,2.99,3.93,5.38,6.92,4.0,7.0,12.0,18.0,1833,1.107,1.724,1.036,4.401,2.831,28.9,29.5,44.7
ETN,5030,1,2.148477085221625,368,1544,4,265,13.25,2.61,3.41,4.63,6.22,3.0,6.0,10.0,17.0,1524,0.69,1.771,1.199,4.975,3.307,27.1,29.0,49.4
EXC,5030,1,2.5011238484862965,256,1392,4,182,9.1,3.2,4.13,5.31,7.66,6.0,10.0,15.8,25.9,1374,0.897,1.926,1.175,3.567,2.258,28.2,28.7,46.5
FANG,3510,1,2.166799737402287,234,1071,3,177,12.67,2.69,3.3,4.45,6.34,4.0,7.0,11.0,18.4,1051,0.595,1.665,1.36,4.255,3.417,28.2,29.1,53.5
FAST,5030,1,2.3531973292271706,320,1496,4,208,10.4,2.85,3.67,5.08,6.91,4.0,8.0,15.0,24.0,1475,0.841,1.857,1.095,4.58,3.066,28.1,29.2,50.9
FDX,5030,1,2.296604969037485,299,1466,4,223,11.15,2.99,3.9,5.37,6.98,4.0,8.0,14.0,19.0,1451,0.858,1.892,1.195,4.269,3.176,28.8,29.6,48.2
FRE.DE,5078,1,2.4897283673190507,307,1444,13,198,9.9,3.09,3.87,5.43,7.31,5.0,9.0,15.0,24.0,1426,0.718,1.966,1.271,3.95,2.649,28.4,29.4,47.9
FTNT,4241,1,2.414826612069997,263,1218,3,184,10.91,2.92,3.59,4.99,6.58,4.0,7.0,12.0,19.0,1196,0.645,2.036,1.44,5.516,4.729,29.0,29.4,53.8
GD,5030,1,2.261356809464393,325,1500,4,234,11.7,2.73,3.49,4.75,6.19,4.0,7.0,11.0,18.7,1485,0.535,1.884,1.238,4.681,3.93,27.5,28.8,55.9
GE,5030,1,2.416838766458404,307,1448,4,209,10.45,3.02,3.84,5.45,7.62,5.0,9.0,15.0,25.0,1430,1.055,1.809,1.067,4.397,2.666,28.5,29.4,45.2
GEHC,950,1,2.2888900444192455,42,275,0,41,10.81,3.09,4.03,5.51,7.45,5.0,8.0,15.0,21.0,254,1.001,1.688,0.841,4.204,2.476,26.8,30.3,45.3
GEV,630,1,2.356782339291768,52,187,0,31,12.35,2.98,3.38,4.05,4.94,3.0,6.0,10.5,14.0,161,0.0,2.268,2.952,8.423,8.399,31.7,31.1,65.2
GFS,1235,1,2.8011455022018437,67,354,0,45,9.14,3.3,4.45,6.92,8.37,6.0,13.0,22.0,33.0,335,1.823,1.658,0.905,3.981,1.895,26.9,29.3,35.8
GILD,5030,1,2.2342437466106384,276,1428,4,233,11.65,2.9,3.7,4.83,6.13,4.0,8.0,13.0,18.8,1407,0.838,1.59,1.106,3.868,3.19,28.0,28.5,52.2
GLW,5030,1,2.279080772331082,314,1449,4,232,11.6,2.94,3.69,5.17,6.78,4.0,8.0,13.0,19.0,1426,0.888,1.804,1.189,4.271,3.223,28.8,29.0,46.6
GM,3989,1,2.430766301708702,252,1151,3,162,10.21,3.14,4.29,5.69,7.24,4.2,9.0,15.0,22.9,1135,1.263,1.745,0.922,3.822,2.482,27.8,30.0,42.9
GOOG,5030,1,2.242569352767818,346,1488,4,236,11.8,2.73,3.62,5.01,6.31,4.0,7.0,12.0,17.0,1468,0.649,1.96,1.484,5.406,4.536,28.1,29.1,52.0
GOOGL,5030,1,2.2410895825473123,353,1516,4,239,11.95,2.73,3.59,4.94,6.24,4.0,7.0,11.5,17.0,1495,0.588,1.949,1.486,5.408,4.518,28.2,29.0,52.1
GS,5030,1,2.2303182905650134,361,1497,4,237,11.85,2.87,3.73,4.99,6.36,4.0,8.0,13.0,18.4,1476,0.803,1.844,1.283,4.633,3.412,29.0,30.2,49.7
GSK,5030,1,2.3457753991184584,356,1863,4,244,12.2,3.1,3.97,5.48,7.36,4.0,8.0,13.0,20.0,1837,1.201,1.875,1.028,4.292,2.395,28.0,29.3,41.8
HD,5030,1,2.2062062847118526,351,1468,4,234,11.7,2.77,3.49,4.85,6.78,4.0,7.0,12.0,19.0,1450,0.768,1.827,1.153,4.9,3.514,29.0,28.7,48.7
HDB,5030,1,2.1584770581221835,361,1612,4,267,13.35,2.75,3.61,5.01,6.45,4.0,7.0,11.0,16.4,1595,0.902,1.699,1.077,4.868,3.53,27.6,29.9,47.6
HEI.DE,5078,1,2.296483452746079,306,1495,13,225,11.25,2.85,3.64,5.27,6.88,5.0,8.0,12.0,19.0,1478,0.838,1.751,1.069,3.852,2.912,27.9,29.8,46.2
HEN3.DE,5078,1,2.593263107298114,300,1486,13,182,9.1,3.17,3.92,5.47,8.08,5.0,9.5,16.8,28.0,1465,0.882,2.054,1.267,3.972,2.579,29.2,29.6,46.6
HNR1.DE,5078,1,2.3988553855635657,312,1443,13,222,11.1,2.97,3.67,5.01,6.47,4.0,8.0,13.0,18.0,1428,0.986,1.927,1.197,4.695,2.821,28.0,28.4,50.1
HON,5030,1,2.231929135628917,342,1565,4,238,11.9,2.85,3.64,4.82,5.99,4.2,7.0,12.0,15.3,1547,0.66,1.803,1.325,4.376,3.154,28.4,28.8,53.0
HSBC,5030,1,2.0613455725959926,395,2013,4,285,14.25,2.72,3.61,5.15,7.34,3.0,6.0,11.0,18.0,1987,1.447,1.539,0.783,4.396,2.677,28.1,29.5,38.8
IBM,5030,1,2.34845082637508,268,1491,4,198,9.9,3.02,4.01,5.82,7.43,5.0,9.0,14.0,23.0,1467,0.99,1.882,1.126,4.508,2.953,28.1,29.4,44.9
IBN,5030,1,2.3440359246597064,375,1665,4,255,12.75,3.1,4.05,5.55,7.24,4.0,7.0,12.0,18.6,1644,1.273,1.82,1.0,5.212,3.11,28.6,29.1,43.3
IDXX,5030,1,2.56656420045569,284,1495,4,181,9.05,3.3,4.13,5.32,7.23,5.0,9.0,15.0,23.0,1475,0.479,2.219,1.925,5.561,4.477,29.2,28.7,55.8
IFX.DE,5078,1,2.365048845729714,319,1427,13,220,11.0,3.03,3.91,5.23,6.67,4.0,7.0,11.2,20.1,1407,0.552,2.168,1.606,4.849,3.713,29.3,28.9,52.3
ILMN,5030,1,2.3279199378573496,306,1430,4,213,10.65,2.85,3.8,5.0,6.98,5.0,8.0,15.0,22.0,1415,0.553,1.985,1.534,4.776,3.999,27.6,29.9,52.9
ING,5030,1,2.1701642474704865,401,1883,4,266,13.3,2.86,3.87,5.7,7.39,3.0,6.0,12.0,19.0,1859,1.227,1.737,0.954,4.909,3.23,28.1,30.4,41.4
INTC,5030,1,2.4884718612573247,312,1515,4,187,9.35,3.2,4.14,5.71,7.88,5.0,10.0,16.0,25.0,1492,1.05,2.014,1.148,4.297,2.785,28.9,29.0,46.4
INTU,5030,1,2.415227688669823,317,1496,4,210,10.5,3.06,3.71,4.97,6.28,4.0,8.0,14.0,20.1,1472,0.393,2.093,1.915,5.188,3.875,28.1,27.6,57.7
ISRG,5030,1,2.1807093384691045,322,1463,4,247,12.35,2.86,3.42,4.69,5.98,4.0,7.0,12.0,17.4,1444,0.599,1.769,1.211,5.589,4.057,27.1,28.9,52.9
JNJ,5030,1,2.087834077464049,334,1493,4,248,12.4,2.68,3.44,4.59,6.11,4.0,7.0,12.0,18.0,1476,0.96,1.54,0.909,4.131,2.845,27.6,28.4,49.7
JPM,5030,1,2.1695006741881873,378,1560,4,238,11.9,2.81,3.57,4.81,6.1,4.0,8.0,13.0,19.0,1542,0.793,1.72,1.177,4.532,2.948,28.3,28.9,50.5
KDP,4629,1,2.1231720882918506,281,1302,3,228,12.39,2.66,3.45,4.79,6.4,4.0,6.0,12.0,18.3,1282,0.755,1.797,1.203,4.243,3.014,28.8,28.9,51.0
KHC,2827,1,2.253071422468913,152,784,1,117,10.41,3.16,4.06,5.51,8.6,5.0,9.0,16.0,23.8,766,1.841,1.368,0.571,3.084,1.653,26.8,30.4,34.9
KLAC,5030,1,2.3088160389432937,360,1523,4,216,10.8,2.91,3.74,5.03,6.41,4.0,8.0,14.0,18.0,1503,0.628,1.974,1.412,5.34,4.075,28.1,29.5,52.6
KO,5030,1,2.2865207110003314,264,1477,4,221,11.05,2.81,3.45,4.78,6.13,5.0,8.0,13.0,21.0,1453,0.802,1.758,1.218,4.39,3.119,28.4,29.3,51.8
LIN,5030,1,2.1548164291033873,351,1626,4,260,13.0,2.73,3.36,4.33,5.62,4.0,7.0,11.0,16.0,1602,0.569,1.828,1.305,4.433,3.218,27.6,26.8,57.3
LLY,5030,1,2.334066509124679,294,1459,4,213,10.65,3.01,3.88,5.02,6.65,5.0,9.0,14.0,19.0,1433,0.537,2.03,1.655,4.691,4.31,28.3,28.8,53.4
LMT,5030,1,2.4083940529053893,313,1472,4,204,10.2,3.0,3.86,5.19,6.88,4.0,8.0,13.0,22.7,1456,0.779,1.789,1.134,4.319,3.294,29.3,28.8,48.6
LOW,5030,1,2.3202800467367006,309,1470,4,215,10.75,2.85,3.73,5.28,6.75,4.5,8.0,14.0,21.0,1449,0.756,1.782,1.193,4.655,3.375,28.5,28.9,46.9
LRCX,5030,1,2.456078486884716,351,1512,4,204,10.2,3.04,3.9,5.23,6.39,4.0,8.0,15.0,21.0,1490,0.549,2.124,1.774,5.06,3.946,28.5,28.9,54.4
LULU,4825,1,2.185738034177681,311,1385,3,224,11.68,2.97,3.69,5.46,6.82,5.0,8.0,14.0,20.0,1363,0.776,1.689,1.062,4.956,3.483,28.5,29.3,48.0
MA,5030,1,2.350421185922702,353,1505,4,227,11.35,2.79,3.47,4.65,5.8,4.0,7.0,11.0,16.0,1488,0.431,2.23,1.836,5.106,4.029,27.5,28.6,55.8
MAR,5030,1,2.213903391117205,357,1482,4,235,11.75,2.79,3.7,4.97,6.39,4.0,8.0,13.0,18.6,1464,0.677,1.967,1.309,4.665,3.69,28.6,29.8,51.2
MBG.DE,5078,1,2.191786905987434,324,1540,13,246,12.3,2.86,3.73,5.1,6.64,5.0,8.0,12.0,18.5,1521,1.041,1.636,0.784,3.522,2.453,28.3,30.1,43.3
MCD,5030,1,2.069891669109246,343,1501,4,269,13.45,2.52,3.18,4.3,5.8,3.0,5.0,10.0,15.0,1487,0.504,1.743,1.217,4.523,3.349,27.7,28.9,55.2
MCHP,5030,1,2.329092162580935,331,1538,4,213,10.65,2.92,3.86,5.35,6.65,5.0,9.0,14.0,20.8,1517,0.826,1.748,1.104,4.473,2.888,28.1,28.7,50.8
MCK,5030,1,2.2100177313143683,324,1497,4,240,12.0,2.8,3.63,4.36,5.56,4.0,7.0,11.0,17.1,1483,0.301,1.778,1.567,5.095,4.338,27.7,27.2,58.5
MDB,2248,1,2.43265591310405,153,638,1,96,10.73,3.15,3.91,5.25,6.69,4.8,8.5,14.0,20.5,618,0.496,2.158,1.841,6.029,4.886,28.3,29.0,52.9
MDLZ,5030,1,2.3525855802746123,299,1488,4,211,10.55,2.99,3.73,4.79,6.8,5.0,8.0,14.0,22.0,1463,1.061,1.776,0.991,3.949,2.424,28.7,28.2,44.8
MDT,5030,1,2.294120475555075,285,1494,4,226,11.3,2.82,3.54,5.0,6.47,4.0,8.0,13.0,19.0,1473,0.727,1.82,1.306,4.007,3.032,28.2,29.2,51.3
MELI,4815,1,2.2712050292088724,318,1361,3,207,10.81,2.91,3.75,5.17,6.64,5.0,8.0,13.0,19.4,1341,0.67,1.912,1.452,5.422,4.338,28.4,29.8,51.3
META,3612,1,2.24301749243613,256,1053,3,178,12.39,2.77,3.52,4.88,6.05,4.0,7.0,11.0,17.0,1035,0.598,1.938,1.325,5.514,3.963,28.1,28.8,50.7
MFG,5003,1,2.3875977216050344,297,1432,4,208,10.46,3.16,4.26,6.13,8.19,5.0,9.5,16.0,25.3,1408,1.42,1.644,1.0,3.608,2.211,28.2,30.0,40.6
MMM,5030,1,2.142520881629033,306,1513,4,248,12.4,2.67,3.5,4.57,6.46,4.0,7.0,11.0,17.3,1494,0.894,1.592,0.905,4.136,2.732,27.8,28.9,47.3
MNST,5030,1,2.226170028494549,301,1439,4,238,11.9,2.68,3.59,4.94,6.49,4.0,7.0,11.0,16.0,1420,0.375,1.945,1.588,4.984,4.119,27.4,28.4,55.9
MO,5030,1,2.1748889569422274,289,1383,4,243,12.15,2.64,3.42,4.87,6.95,3.0,7.0,12.0,17.8,1359,0.489,1.888,1.409,4.657,3.761,28.5,28.4,53.3
MPC,3839,1,2.1340680230783864,239,1114,3,184,12.05,2.58,3.33,4.74,6.38,3.8,7.0,10.2,17.7,1093,0.57,1.752,1.441,5.041,4.197,26.9,29.3,54.3
MRK,5030,1,2.3425003328886445,291,1487,4,221,11.05,2.85,3.72,4.93,7.06,4.0,8.0,14.0,21.0,1463,0.789,1.808,1.095,3.857,2.738,26.8,27.3,51.0
MRK.DE,5078,1,2.1823012259926453,320,1481,13,256,12.8,2.74,3.53,4.87,6.31,4.0,7.0,11.0,17.0,1458,0.768,1.776,1.15,4.369,3.204,28.3,28.5,49.0
MRNA,1963,1,2.5907346371175723,112,521,0,71,9.09,3.64,4.46,6.41,10.31,6.0,11.0,20.0,34.0,501,0.922,2.027,1.546,4.803,4.461,28.9,29.9,49.3
MRVL,5030,1,2.377671617691398,301,1458,4,210,10.5,2.95,3.79,5.01,6.75,5.0,9.0,15.0,22.0,1437,0.903,1.734,1.151,4.71,3.432,28.9,29.4,47.9
MS,5030,1,2.2821727414551125,369,1519,4,223,11.15,2.95,3.75,5.28,6.43,4.5,8.0,14.0,19.0,1499,0.793,1.887,1.379,4.557,3.159,28.5,29.5,49.4
MSFT,5030,1,2.204560842963314,350,1506,4,246,12.3,2.65,3.34,4.69,5.91,4.0,7.0,11.8,16.5,1486,0.33,2.088,2.0,5.144,4.59,27.9,29.7,55.4
MSTR,5030,1,2.373832111747313,259,1536,4,198,9.9,2.84,3.75,5.53,7.74,4.0,9.0,16.0,25.0,1513,0.836,1.701,1.232,4.171,3.228,27.9,27.9,50.7
MTX.DE,5078,1,2.2613077216304673,307,1474,13,248,12.4,2.92,3.48,4.75,6.07,4.0,7.5,11.2,17.0,1454,0.729,1.853,1.165,4.555,3.093,28.2,28.7,52.2
MU,5030,1,2.30811342659168,290,1450,4,227,11.35,2.88,3.68,5.2,6.95,4.0,7.0,14.0,19.4,1430,0.74,1.905,1.311,4.719,4.068,27.9,30.2,49.2
MUFG,5030,1,2.6363660571411587,323,1575,4,205,10.25,3.42,4.59,6.47,8.32,5.0,10.0,17.0,25.0,1549,1.273,1.988,1.149,4.029,2.595,29.2,28.6,42.9
MUV2.DE,5078,1,2.28930400746241,323,1506,13,223,11.15,2.84,3.73,4.98,6.73,4.0,7.0,12.0,18.8,1483,0.831,1.905,1.183,4.349,2.612,28.2,28.9,48.8
NEE,5030,1,2.185026208732424,304,1441,4,233,11.65,2.73,3.48,4.66,6.29,3.0,6.0,11.0,17.8,1427,0.386,1.898,1.603,4.486,3.673,27.8,28.5,57.1
NEM,5030,1,2.259055248842034,339,1590,4,227,11.35,2.92,3.74,5.24,6.46,5.0,8.0,13.0,20.0,1568,1.206,1.698,0.949,3.927,2.498,28.1,29.4,45.8
NET,1771,1,2.51318711997262,124,510,0,75,10.64,3.17,3.97,4.68,6.64,4.0,9.0,14.0,18.6,491,0.544,2.148,1.805,6.381,5.171,28.5,28.1,53.2
NFLX,5030,1,2.19247929455167,336,1417,4,223,11.15,3.0,3.68,4.92,6.74,4.0,8.0,13.0,19.0,1399,0.441,1.897,1.796,6.099,4.969,27.8,28.3,56.0
NKE,5030,1,2.269239675320364,315,1514,4,243,12.15,2.75,3.5,4.94,6.33,4.0,7.0,12.0,18.8,1496,0.81,1.781,1.247,4.623,3.629,28.6,30.1,48.6
NOW,3583,1,2.3216367708172436,242,1038,3,166,11.65,2.9,3.66,4.64,6.06,4.0,7.0,12.0,16.0,1017,0.351,2.097,1.972,4.885,4.225,28.0,28.9,57.9
NVDA,5030,1,2.250807377330044,339,1443,4,236,11.8,2.78,3.57,4.55,6.22,4.0,7.0,12.0,17.0,1421,0.319,1.991,1.681,5.551,5.293,28.1,28.5,56.6
NVO,5030,1,2.178258769934679,416,1874,4,276,13.8,2.78,3.57,5.01,6.57,4.0,7.0,10.2,14.5,1850,0.873,2.04,1.333,5.489,4.038,28.1,29.2,48.9
NVS,5030,1,2.00186027897141,408,1891,4,296,14.8,2.63,3.7,5.18,6.51,3.0,6.0,10.0,15.0,1866,1.275,1.635,0.816,4.973,2.811,28.4,29.0,40.2
NXPI,4062,1,2.4233594718867666,254,1221,3,165,10.22,3.09,3.71,5.16,6.86,5.0,9.0,15.0,23.0,1193,0.591,1.956,1.481,4.62,3.476,28.2,28.3,50.1
ODFL,5030,1,2.1318719333952183,347,1449,4,258,12.9,2.69,3.38,4.38,5.61,4.0,7.0,12.0,16.0,1427,0.419,1.792,1.4,5.265,4.243,28.2,28.9,57.0
ON,5030,1,2.4817322243863797,307,1452,4,196,9.8,2.97,3.92,5.26,7.1,5.0,9.0,15.0,22.0,1429,0.847,2.063,1.459,4.22,3.021,28.8,29.5,50.9
ORCL,5030,1,2.1696456536339985,320,1497,4,241,12.05,2.67,3.57,5.03,6.37,3.0,7.0,12.0,19.0,1477,0.823,1.701,1.065,4.537,2.858,27.8,28.1,47.7
ORLY,5030,1,2.071259631158554,289,1468,4,254,12.7,2.6,3.32,4.36,5.41,4.0,6.5,10.8,16.0,1445,0.348,1.628,1.616,4.978,4.364,27.4,27.2,60.6
P911.DE,1018,1,3.149536464821365,44,281,0,25,6.25,3.73,5.32,8.68,11.03,10.0,18.0,25.0,42.6,265,1.918,1.884,0.8,2.596,1.159,29.8,29.1,34.0
PAH3.DE,4491,1,2.722628281454334,234,1255,12,151,8.55,3.63,4.8,6.27,8.19,7.5,11.0,22.0,29.0,1233,1.311,1.842,1.093,3.379,2.02,27.7,29.8,42.3
PANW,3569,1,2.230088148921313,243,1011,3,163,11.48,2.81,3.57,5.17,6.5,3.0,7.0,11.0,20.0,988,0.745,1.907,1.288,4.845,3.625,27.2,28.9,49.6
PAYX,5030,1,2.1362018660431916,326,1517,4,229,11.45,2.82,3.49,4.77,6.64,4.0,7.0,12.0,19.0,1498,0.82,1.585,1.007,4.268,2.722,27.2,27.6,50.5
PBR,5030,1,2.4142020734537013,330,1532,4,197,9.85,3.14,4.29,5.89,8.46,6.0,10.0,16.0,23.0,1513,1.23,1.848,1.006,4.213,2.688,28.7,29.3,43.0
PCAR,5030,1,2.2691668822367475,313,1464,4,227,11.35,2.99,3.76,4.81,6.3,4.0,8.0,14.5,21.4,1448,0.964,1.617,0.875,4.318,2.691,27.3,28.5,50.9
PDD,2056,1,2.4492007952892005,127,662,1,82,10.02,3.1,4.16,5.85,9.16,4.0,9.5,16.0,24.0,643,1.212,1.961,1.31,4.195,3.439,29.7,30.3,44.5
PEP,5030,1,2.152235687836675,334,1487,4,225,11.25,2.66,3.57,4.79,6.25,4.0,8.0,14.0,19.0,1466,0.741,1.767,1.143,3.955,2.733,28.2,29.1,50.1
PFE,5030,1,2.4631758559106403,255,1455,4,181,9.05,3.19,4.3,5.92,7.77,5.0,9.0,18.0,27.0,1432,0.96,1.851,1.211,3.994,2.713,28.8,29.1,47.4
PG,5030,1,2.2048080562598162,337,1467,4,229,11.45,2.67,3.5,4.96,6.63,4.0,7.0,14.0,20.0,1442,0.83,1.702,1.16,4.021,2.851,28.6,29.1,49.1
PGR,5030,1,2.1762490287981873,342,1470,4,247,12.35,2.72,3.44,4.66,6.0,3.0,7.0,12.0,16.0,1451,0.494,1.733,1.347,4.304,3.6,28.8,28.3,54.9
PH,5030,1,2.2149728618862703,352,1524,4,243,12.15,2.82,3.58,4.7,6.38,4.0,6.0,11.0,18.0,1508,0.544,1.859,1.508,5.011,3.998,28.6,28.7,52.7
PLD,5030,1,2.2927881942478887,306,1474,4,211,10.55,2.81,3.75,5.1,6.82,5.0,8.0,14.0,21.0,1455,0.612,1.914,1.377,4.203,3.209,28.2,29.6,54.2
PLTR,1507,1,2.2959146171049234,106,435,0,72,12.0,2.95,3.79,4.79,6.32,3.0,7.0,11.2,16.0,410,0.698,2.124,1.497,5.273,4.323,28.0,29.5,54.6
PM,4665,1,2.0469380296268973,292,1369,3,238,12.84,2.56,3.58,4.94,6.22,3.0,7.0,11.0,17.0,1349,0.956,1.824,1.011,4.368,3.041,28.3,29.6,45.4
PSX,3638,1,2.147626517463931,241,1084,3,178,12.3,2.67,3.55,4.65,5.92,4.0,7.0,12.0,17.0,1064,0.842,1.713,1.193,4.649,3.582,28.5,28.9,50.3
PYPL,2827,1,2.1928635383440014,186,821,1,134,11.93,2.83,3.67,4.72,7.14,4.0,6.0,12.8,18.0,802,0.805,1.975,1.254,4.665,3.541,29.2,29.9,48.9
QCOM,5030,1,2.3419329584357955,300,1568,4,209,10.45,2.99,3.88,5.14,6.7,5.0,8.0,14.0,21.2,1546,0.843,1.76,1.096,4.082,3.216,28.1,28.3,47.5
QIA.DE,5078,1,2.248676285657555,291,1505,13,242,12.1,2.85,3.67,5.21,6.82,3.2,7.0,12.0,18.9,1478,0.987,1.748,0.967,4.004,2.584,28.4,28.0,47.4
REGN,5030,1,2.423054896025533,303,1389,4,202,10.1,3.0,3.69,5.21,7.23,6.0,9.0,15.0,22.9,1366,0.79,1.976,1.543,4.645,3.711,29.2,29.7,49.5
RHM.DE,5078,1,2.516741703371522,303,1408,13,214,10.7,2.97,3.89,5.07,6.55,4.0,7.0,13.0,21.7,1389,0.602,1.918,1.312,4.243,3.236,28.3,29.2,51.6
RIO,5030,1,2.196418002163939,413,1955,4,265,13.25,2.83,3.9,5.44,7.28,4.0,7.0,12.0,17.6,1930,1.194,1.763,1.045,4.677,2.959,28.8,30.3,42.9
ROP,5030,1,2.195519348268839,359,1537,4,239,11.95,2.76,3.5,4.34,6.0,4.0,7.0,12.0,17.2,1516,0.492,1.739,1.307,4.512,3.197,26.8,28.6,55.5
ROST,5030,1,2.1415406664561787,370,1520,4,261,13.05,2.61,3.22,4.38,5.87,3.0,6.0,10.0,17.0,1499,0.386,1.786,1.46,4.965,4.007,27.2,28.6,58.4
RTX,5030,1,2.240369425105725,333,1546,4,220,11.0,2.69,3.52,5.11,6.78,4.0,7.0,13.0,21.1,1526,0.581,1.857,1.43,4.74,3.409,28.4,28.2,52.8
RWE.DE,5078,1,2.507720523890225,278,1401,13,182,9.1,3.22,4.22,5.69,7.9,5.0,10.0,16.8,26.9,1383,1.062,1.855,1.019,3.796,2.299,28.6,28.8,44.8
RY,5030,1,2.1558674333789187,357,1563,4,255,12.75,2.89,3.73,4.79,6.23,4.0,6.0,11.0,15.0,1545,1.002,1.709,1.031,4.489,3.171,28.9,30.2,45.3
SAN,5030,1,2.1636375222325346,377,1688,4,256,12.8,2.82,3.93,5.37,7.15,4.0,7.0,12.0,18.0,1661,1.403,1.578,0.771,3.727,2.292,27.6,29.6,39.9
SAP.DE,5078,1,2.325508930255771,332,1610,13,230,11.5,2.82,3.64,4.9,6.31,5.0,8.0,13.0,21.0,1591,0.91,1.71,1.049,4.157,3.024,27.5,29.3,49.0
SBUX,5030,1,2.2369287819390404,310,1445,4,239,11.95,2.88,3.62,4.81,6.78,4.0,7.0,12.0,19.0,1424,0.697,1.805,1.217,4.671,3.558,28.7,29.8,49.4
SCCO,5030,1,2.090278610287525,371,1561,4,276,13.8,2.61,3.47,4.75,6.48,4.0,6.0,12.0,17.0,1536,0.819,1.616,1.207,4.605,3.791,29.0,30.0,47.7
SCHW,5030,1,2.237537696017192,327,1502,4,238,11.9,2.7,3.42,4.94,6.37,4.2,7.0,12.0,19.0,1484,0.799,1.738,1.184,4.404,3.147,27.5,29.0,52.0
SHEL,5030,1,2.197226342204334,397,1872,4,260,13.0,2.85,3.84,5.32,6.79,3.8,7.0,12.0,18.0,1849,1.446,1.558,0.802,4.097,2.285,28.0,28.7,40.0
SHL.DE,2152,1,2.42808047988003,117,616,5,86,10.16,3.11,4.03,5.69,7.31,5.0,8.5,15.0,24.0,593,0.944,1.765,0.91,3.693,2.509,27.3,29.0,46.4
SHOP,2858,1,2.4090500504454404,186,791,1,127,11.17,2.89,3.51,5.13,6.63,3.5,7.0,14.0,18.0,773,0.471,2.39,1.922,6.097,5.237,27.8,29.2,55.4
SHW,5030,1,2.220077648321368,342,1539,4,234,11.7,2.67,3.5,4.5,6.21,4.0,7.0,12.0,17.0,1518,0.557,1.765,1.503,4.873,3.515,28.7,29.1,53.6
SIE.DE,5078,1,2.4050103722251768,342,1530,13,209,10.45,3.07,3.9,4.88,6.68,5.0,8.0,13.0,20.0,1510,0.809,1.931,1.335,4.295,2.939,28.3,29.1,50.7
SMFG,5030,1,2.594827424969545,321,1438,4,203,10.15,3.39,4.84,6.1,8.38,5.0,10.0,16.0,26.8,1412,1.36,2.137,1.29,4.386,2.783,28.8,28.9,42.0
SNDK,409,1,2.1437380080017903,19,118,0,18,11.07,2.62,3.01,3.52,5.49,2.0,5.0,7.8,13.6,99,0.0,4.058,11.532,20.783,41.734,41.4,40.4,83.8
SNOW,1517,1,2.2290961713245485,105,458,0,76,12.59,2.88,3.7,5.14,6.81,4.0,8.0,12.0,17.0,432,1.016,1.899,0.989,4.849,3.046,28.7,28.7,44.2
SNPS,5030,1,2.148758275964646,365,1493,4,243,12.15,2.74,3.51,4.7,5.92,4.0,6.0,11.5,17.8,1475,0.453,1.692,1.319,5.01,3.835,27.1,28.2,56.4
SNY,5030,1,2.1624502654288285,343,1897,4,281,14.05,2.79,3.76,5.1,7.04,4.0,6.0,10.0,17.0,1873,1.52,1.68,0.798,3.84,2.099,26.7,28.8,40.0
SO,5030,1,2.276890969427961,330,1395,4,212,10.6,2.71,3.36,4.65,6.51,5.0,8.0,14.0,20.9,1377,0.65,1.899,1.352,4.28,3.06,26.8,28.8,53.2
SONY,5030,1,2.349909839236883,390,1783,4,241,12.05,3.16,4.07,6.28,9.01,4.0,8.0,14.0,21.0,1761,1.208,1.819,1.115,5.206,3.413,29.0,30.0,42.0
SPG,5030,1,2.2379745999056224,326,1469,4,225,11.25,2.82,3.7,4.72,6.21,5.0,8.0,13.0,19.0,1446,0.62,1.689,1.313,4.428,3.426,27.8,28.9,54.3
SPGI,5030,1,2.0363640095862223,309,1486,4,264,13.2,2.52,3.27,4.79,6.47,3.0,6.0,12.0,15.0,1469,0.622,1.788,1.173,4.793,3.397,28.2,29.5,50.3
SPOT,2136,1,2.345849231059989,152,628,1,95,11.19,2.81,3.79,5.1,6.45,4.0,8.0,14.0,20.2,614,0.642,2.129,1.892,4.494,4.382,29.0,30.9,53.4
SRT3.DE,5078,1,2.571539754437279,255,1386,13,198,9.9,3.28,4.16,5.63,7.34,5.0,8.0,14.8,22.0,1366,0.349,2.136,1.733,5.049,4.045,28.8,29.9,50.2
STX,5030,1,2.123064221850108,328,1445,4,251,12.55,2.85,3.57,5.15,6.5,4.0,7.0,12.0,19.0,1423,0.702,1.73,1.185,4.911,4.103,28.7,30.0,50.7
SY1.DE,5028,1,2.189673643722662,304,1440,13,256,12.93,2.8,3.56,4.52,5.69,4.0,7.0,11.0,16.5,1423,0.65,1.626,1.072,4.475,3.034,27.5,27.9,51.5
SYK,5030,1,2.387869430234285,332,1536,4,214,10.7,2.99,3.75,5.0,6.14,4.0,7.0,13.0,19.0,1515,0.61,1.964,1.429,4.567,3.083,28.1,29.2,53.1
T,5030,1,2.412009686346048,244,1422,4,210,10.5,3.06,4.14,5.41,7.2,4.0,8.0,14.0,24.0,1401,1.041,1.828,1.065,3.733,2.296,28.1,28.3,46.9
TD,5030,1,2.110673868399272,366,1554,4,263,13.15,2.66,3.49,4.76,6.41,4.0,6.0,10.0,17.0,1538,0.804,1.764,0.995,4.302,3.231,28.0,29.2,48.1
TEAM,2717,1,2.4135893365645846,172,779,1,118,10.92,3.09,3.74,5.13,6.8,3.0,8.0,14.0,19.0,764,0.6,2.022,1.613,5.242,4.443,29.1,28.8,53.1
TJX,5030,1,2.336321954961873,340,1498,4,215,10.75,2.83,3.53,4.7,6.2,4.0,8.0,13.0,21.0,1478,0.481,2.105,1.732,4.667,3.826,27.3,29.0,59.7
TM,5030,1,2.2668712155920376,346,1850,4,258,12.9,3.19,4.24,5.63,7.29,4.2,7.0,13.0,18.0,1823,1.352,1.579,0.832,4.022,2.568,28.1,29.0,40.9
TMO,5030,1,2.133582291250584,386,1475,4,261,13.05,2.73,3.31,4.49,5.91,3.0,6.0,11.0,16.0,1459,0.49,1.859,1.428,4.98,3.924,28.5,28.2,55.3
TMUS,4894,1,2.505660250091974,293,1356,3,192,9.87,2.99,3.77,5.03,6.72,4.0,8.0,14.0,21.9,1332,0.554,2.099,1.69,4.233,3.648,28.0,28.6,53.6
TRV,5030,1,2.1287257574721776,326,1544,4,249,12.45,2.7,3.42,4.58,5.76,4.0,6.0,12.0,17.0,1523,0.621,1.549,1.108,4.264,3.058,28.0,28.4,52.9
TSLA,4089,1,2.3415136761602273,241,1133,3,188,11.57,2.95,3.88,5.28,6.86,4.0,7.0,13.0,19.3,1114,0.597,2.087,1.507,4.563,4.484,28.2,30.1,48.3
TSM,5030,1,2.269471893169174,397,1621,4,238,11.9,2.85,3.67,4.86,6.5,4.0,8.0,13.0,20.0,1597,0.647,1.853,1.45,5.258,4.186,28.1,28.6,52.7
TTD,2520,1,2.53097383462518,150,706,1,97,9.68,3.14,4.32,5.75,7.73,5.0,9.0,14.0,23.4,691,0.757,1.972,1.396,5.493,4.183,28.5,29.2,47.6
TTE,5030,1,2.133497552691556,380,1943,4,273,13.65,2.69,3.73,5.11,6.67,4.0,7.0,11.0,16.8,1922,1.454,1.605,0.803,4.028,2.292,28.0,29.0,40.9
TTWO,5030,1,2.388811520491525,275,1448,4,202,10.1,2.93,3.75,5.12,6.9,4.2,8.0,14.0,22.0,1427,0.575,2.07,1.636,4.856,3.81,28.7,29.2,52.2
TXN,5030,1,2.191693346163392,346,1568,4,241,12.05,2.7,3.52,4.37,5.94,3.0,7.0,12.0,16.0,1543,0.633,1.8,1.26,4.484,3.281,27.5,29.4,54.8
UBER,1858,1,2.5211721476640405,109,534,0,72,9.74,3.29,4.25,5.65,6.9,6.8,10.0,16.0,23.8,518,1.324,1.628,0.855,3.894,2.268,28.0,28.6,43.6
UBS,5030,1,2.150546776683635,366,1834,4,271,13.55,2.89,3.93,5.79,7.44,3.0,6.0,12.0,17.0,1813,1.781,1.554,0.677,4.448,2.304,27.1,28.8,36.0
UL,5030,1,2.10974183117403,424,1899,4,296,14.8,2.76,3.59,5.11,6.65,3.0,6.0,10.2,16.5,1878,1.288,1.663,0.881,4.455,2.67,27.5,28.6,41.7
UNH,5030,1,2.1792951080319245,306,1479,4,237,11.85,2.75,3.53,4.89,6.17,5.0,7.0,12.0,18.4,1458,0.732,1.794,1.211,4.656,3.195,28.5,29.2,50.3
UNP,5030,1,2.305738418480304,335,1526,4,234,11.7,2.81,3.5,4.71,6.19,4.0,7.0,12.0,18.0,1501,0.676,1.862,1.354,4.617,3.228,27.7,29.2,53.6
UPS,5030,1,2.267983341852339,303,1503,4,231,11.55,2.91,3.6,5.08,7.08,4.0,7.0,13.0,19.0,1486,0.986,1.667,1.0,4.156,2.624,28.3,28.3,46.6
USB,5030,1,2.281336493120132,327,1560,4,231,11.55,2.82,3.65,4.91,6.22,4.0,8.0,14.0,19.0,1541,0.964,1.582,1.0,3.921,2.442,27.6,29.0,48.6
V,4663,1,2.1193007575470757,335,1398,3,241,13.0,2.62,3.27,4.3,5.31,3.0,6.0,10.0,15.0,1381,0.347,1.854,1.588,4.912,4.157,27.4,28.8,57.1
VLO,5030,1,2.1777013352737398,341,1419,4,236,11.8,2.72,3.55,4.81,6.77,4.0,7.0,13.0,18.5,1397,0.718,1.78,1.156,4.437,3.71,28.1,30.0,49.6
VNA.DE,3357,1,2.4317216558421917,189,967,10,139,10.51,3.14,3.87,5.49,6.66,5.0,9.0,15.0,20.0,947,0.943,2.14,1.238,4.342,2.628,29.4,29.7,45.1
VOW3.DE,5078,1,2.5930244626415986,272,1404,13,178,8.9,3.42,4.57,6.16,7.87,7.0,12.0,18.8,26.3,1382,1.169,1.845,1.075,3.719,2.253,29.5,29.7,44.0
VRSK,4271,1,2.129993468477998,252,1276,3,206,12.13,2.61,3.25,4.63,6.29,4.0,6.5,12.0,15.5,1254,0.48,1.77,1.351,4.85,3.49,27.0,27.9,54.8
VRTX,5030,1,2.2980723198085133,288,1409,4,219,10.95,2.97,3.69,4.99,6.52,5.0,9.0,13.0,20.2,1387,0.69,1.734,1.302,4.121,3.484,28.4,28.3,54.0
VZ,5030,1,2.211870636179758,283,1444,4,233,11.65,2.83,3.84,5.08,7.23,4.0,8.0,13.0,20.0,1421,1.34,1.523,0.819,3.708,2.09,27.0,28.2,43.0
WBD,5030,1,2.288153396843901,305,1425,4,232,11.6,2.84,3.81,5.13,6.95,5.0,8.0,14.0,20.0,1409,0.997,1.718,1.099,4.05,2.673,28.5,28.0,46.8
WDAY,3510,1,2.4769745395262524,210,1006,3,140,10.02,3.05,3.83,5.25,6.64,4.0,8.0,14.0,23.1,982,0.848,1.879,1.227,4.632,3.068,29.5,29.2,49.6
WDC,5030,1,2.2856968619245546,344,1477,4,236,11.8,2.94,3.66,5.14,7.02,4.0,7.0,13.0,19.0,1449,0.75,1.993,1.516,4.844,4.169,28.6,30.6,48.8
WELL,5030,1,2.24324373087818,315,1422,4,222,11.1,2.84,3.59,4.68,5.96,4.0,8.0,13.0,19.0,1399,0.482,1.768,1.356,4.573,3.388,26.9,28.9,54.7
WFC,5030,1,2.3009843826286267,322,1539,4,218,10.9,2.84,3.62,5.12,6.92,5.0,8.0,14.0,22.0,1520,1.005,1.691,0.981,4.046,2.589,27.6,29.0,47.9
WMT,5030,1,2.2187129690863516,318,1444,4,227,11.35,2.86,3.62,4.91,6.37,4.0,8.0,13.0,19.0,1425,0.665,1.867,1.438,4.739,3.55,26.9,27.8,53.5
XEL,5030,1,2.159115953630912,318,1428,4,228,11.4,2.67,3.31,4.64,6.21,3.0,7.0,12.2,18.0,1408,0.541,1.909,1.475,4.12,3.308,28.5,29.2,56.5
XOM,5030,1,2.1012072338388736,311,1610,4,251,12.55,2.64,3.57,4.83,6.35,3.5,7.0,12.0,17.0,1586,1.091,1.562,0.924,3.749,2.229,27.6,28.4,45.3
ZAL.DE,3047,1,2.454669871504539,151,824,9,130,10.84,3.04,4.13,5.98,8.19,4.0,8.0,14.0,20.1,807,1.197,1.998,1.228,4.66,2.647,29.6,29.2,42.8
ZS,2147,1,2.1503385231447405,136,597,1,111,12.99,2.71,3.63,4.64,6.28,3.0,6.0,10.0,15.0,578,0.812,1.854,1.34,5.31,3.711,29.4,29.8,49.0
