ticker,gruppe,faelle_bis2022,faelle_ab2023,anker_gesamt,anker_bis2022,rendite_bis2022,ko_bis2022,haelt_bis2022,rendite_ab2023,ko_ab2023,haelt_ab2023
AAPL,0 P,380,79,3.0,3.25,20.7,1.6,61.1,6.6,0.0,69.6
AAPL,1 P,638,164,2.25,2.25,23.2,3.0,62.9,14.5,4.3,64.6
AAPL,2+ P,146,30,1.5,1.75,22.8,2.7,62.3,39.7,10.0,66.7
AAPL,"2+ P, Tief>=2",117,20,1.5,1.25,32.8,8.5,60.7,35.5,5.0,55.0
AAPL,"2+ P, Tief>=2, RSI<50",86,18,1.75,1.75,41.5,2.3,64.0,26.3,5.6,61.1
AAPL,"alt: Tief>=2, RSI<50",306,73,2.0,2.0,37.2,5.6,60.5,11.2,5.5,64.4
ABBV,0 P,195,66,3.75,3.75,10.8,1.5,61.0,5.9,3.0,59.1
ABBV,1 P,390,129,3.25,3.0,14.2,2.6,61.8,1.9,0.8,51.2
ABBV,2+ P,145,48,1.75,2.0,14.4,4.1,61.4,27.5,4.2,70.8
ABBV,"2+ P, Tief>=2",100,41,1.75,2.0,-0.6,5.0,60.0,33.4,4.9,70.7
ABBV,"2+ P, Tief>=2, RSI<50",80,35,1.75,2.0,1.8,6.2,60.0,38.9,5.7,71.4
ABBV,"alt: Tief>=2, RSI<50",210,79,2.75,3.5,-3.2,4.8,61.0,16.8,0.0,81.0
ABNB,0 P,40,84,4.0,,,,,,,
ABNB,1 P,66,132,3.75,3.75,-6.3,0.0,65.2,-0.3,0.0,59.1
ABNB,2+ P,38,52,2.0,2.5,3.4,0.0,60.5,28.3,3.8,78.8
ABNB,"2+ P, Tief>=2",21,33,2.0,3.25,3.9,0.0,61.9,27.2,0.0,87.9
ABNB,"2+ P, Tief>=2, RSI<50",16,27,1.75,2.75,15.2,0.0,62.5,37.0,0.0,81.5
ABNB,"alt: Tief>=2, RSI<50",42,77,3.25,3.5,2.8,0.0,61.9,20.2,0.0,64.9
ABT,0 P,398,76,3.5,3.0,7.0,1.8,61.8,-6.9,5.3,30.3
ABT,1 P,643,113,2.5,2.5,5.2,2.5,62.4,-3.6,8.0,48.7
ABT,2+ P,175,53,2.25,2.0,1.9,5.1,60.6,1.7,7.5,47.2
ABT,"2+ P, Tief>=2",120,50,2.25,2.0,-9.8,5.0,60.8,4.8,6.0,48.0
ABT,"2+ P, Tief>=2, RSI<50",94,40,2.5,2.5,-9.9,4.3,68.1,-8.8,2.5,55.0
ABT,"alt: Tief>=2, RSI<50",300,103,2.5,2.25,15.8,3.3,60.7,6.2,11.7,45.6
ACN,0 P,411,78,3.5,3.5,10.6,0.7,62.3,-4.7,1.3,52.6
ACN,1 P,679,134,2.75,2.25,13.0,3.4,60.1,-8.7,7.5,39.6
ACN,2+ P,160,61,2.5,1.75,22.4,6.2,61.9,-9.4,8.2,34.4
ACN,"2+ P, Tief>=2",107,50,2.5,1.5,29.3,8.4,60.7,-6.5,14.0,34.0
ACN,"2+ P, Tief>=2, RSI<50",86,46,2.5,1.75,32.6,7.0,61.6,-4.1,8.7,37.0
ACN,"alt: Tief>=2, RSI<50",293,98,2.5,2.0,30.6,2.4,62.5,-10.9,8.2,34.7
ADBE,0 P,368,75,3.75,3.5,7.4,0.3,61.7,-5.0,4.0,40.0
ADBE,1 P,676,119,3.0,2.5,7.8,1.5,61.2,-7.8,0.0,24.4
ADBE,2+ P,129,69,3.0,2.25,18.6,2.3,60.5,-4.9,5.8,37.7
ADBE,"2+ P, Tief>=2",82,60,3.5,2.75,14.0,1.2,61.0,-3.0,5.0,45.0
ADBE,"2+ P, Tief>=2, RSI<50",67,48,3.75,2.75,14.3,0.0,62.7,-3.8,4.2,39.6
ADBE,"alt: Tief>=2, RSI<50",307,109,3.0,2.75,9.9,0.7,65.1,3.6,4.6,33.9
ADI,0 P,380,92,3.25,3.25,1.4,1.3,61.8,2.7,1.1,53.3
ADI,1 P,704,143,2.5,2.25,3.3,3.4,60.1,0.3,2.8,46.2
ADI,2+ P,178,39,2.25,2.25,-0.8,1.7,60.7,29.2,2.6,64.1
ADI,"2+ P, Tief>=2",125,29,1.75,1.75,-5.4,6.4,60.0,21.5,0.0,65.5
ADI,"2+ P, Tief>=2, RSI<50",93,21,2.0,1.75,-5.0,8.6,60.2,24.7,0.0,57.1
ADI,"alt: Tief>=2, RSI<50",326,61,2.0,1.75,10.4,10.4,61.0,-3.4,11.5,45.9
ADP,0 P,400,81,3.5,3.5,5.9,1.2,61.3,2.5,0.0,61.7
ADP,1 P,721,119,2.5,2.25,-0.6,3.1,60.1,1.1,5.9,48.7
ADP,2+ P,164,44,1.25,1.0,20.5,8.5,62.8,-24.5,22.7,25.0
ADP,"2+ P, Tief>=2",93,35,1.5,0.75,16.5,19.4,63.4,-20.1,28.6,25.7
ADP,"2+ P, Tief>=2, RSI<50",65,29,1.75,1.0,22.4,15.4,61.5,-17.0,27.6,27.6
ADP,"alt: Tief>=2, RSI<50",284,83,2.25,2.0,3.9,5.3,62.7,5.4,9.6,43.4
ADS.DE,0 P,353,88,3.5,3.25,9.8,1.7,60.3,8.2,4.5,53.4
ADS.DE,1 P,683,133,3.0,2.75,10.9,1.3,60.2,2.5,2.3,50.4
ADS.DE,2+ P,140,46,2.5,2.5,4.0,4.3,60.7,-1.2,13.0,60.9
ADS.DE,"2+ P, Tief>=2",99,37,2.75,2.75,7.4,2.0,68.7,-10.0,16.2,62.2
ADS.DE,"2+ P, Tief>=2, RSI<50",76,32,2.75,2.75,5.6,2.6,63.2,-10.4,18.8,65.6
ADS.DE,"alt: Tief>=2, RSI<50",340,81,2.75,3.0,8.7,1.8,61.8,0.7,9.9,66.7
ADSK,0 P,355,80,,4.0,6.0,0.6,61.7,-8.3,1.2,50.0
ADSK,1 P,616,150,3.0,2.75,3.9,2.1,60.4,-2.7,4.7,55.3
ADSK,2+ P,177,31,3.0,3.25,2.0,2.3,63.8,16.8,0.0,80.6
ADSK,"2+ P, Tief>=2",122,24,3.0,3.25,6.3,2.5,61.5,17.6,0.0,75.0
ADSK,"2+ P, Tief>=2, RSI<50",89,21,3.0,3.5,1.7,2.2,60.7,12.5,0.0,71.4
ADSK,"alt: Tief>=2, RSI<50",331,93,3.5,3.25,5.9,1.5,60.1,-12.8,2.2,52.7
AEP,0 P,373,81,3.25,3.5,8.9,0.3,62.7,20.9,0.0,72.8
AEP,1 P,624,130,3.0,3.0,3.5,1.1,61.4,9.0,0.8,62.3
AEP,2+ P,164,33,1.5,1.25,12.6,9.8,61.0,1.2,9.1,48.5
AEP,"2+ P, Tief>=2",118,26,1.5,1.5,14.1,7.6,66.1,7.9,0.0,46.2
AEP,"2+ P, Tief>=2, RSI<50",85,20,1.5,1.5,21.9,9.4,64.7,10.2,0.0,40.0
AEP,"alt: Tief>=2, RSI<50",308,67,2.25,2.25,10.8,6.8,60.4,44.6,4.5,61.2
AIR.DE,0 P,341,93,3.25,3.0,5.8,1.5,60.1,6.4,4.3,50.5
AIR.DE,1 P,658,151,3.0,3.25,1.6,1.7,60.6,4.6,1.3,70.2
AIR.DE,2+ P,198,48,2.0,2.0,12.4,3.0,62.1,17.9,6.2,58.3
AIR.DE,"2+ P, Tief>=2",133,39,2.0,1.75,20.2,7.5,62.4,26.8,7.7,51.3
AIR.DE,"2+ P, Tief>=2, RSI<50",100,33,2.25,2.0,17.7,6.0,61.0,25.5,9.1,48.5
AIR.DE,"alt: Tief>=2, RSI<50",336,78,2.75,2.5,20.5,2.4,61.6,4.8,11.5,50.0
ALV.DE,0 P,381,71,3.75,4.0,-1.5,1.0,62.5,-2.1,2.8,67.6
ALV.DE,1 P,698,149,3.0,3.25,1.6,1.1,60.6,0.9,2.7,70.5
ALV.DE,2+ P,149,23,2.75,2.75,4.2,2.7,61.1,21.4,0.0,65.2
ALV.DE,"2+ P, Tief>=2",99,17,2.75,2.75,9.2,2.0,65.7,25.1,0.0,64.7
ALV.DE,"2+ P, Tief>=2, RSI<50",84,12,2.5,2.5,11.6,3.6,60.7,29.2,0.0,66.7
ALV.DE,"alt: Tief>=2, RSI<50",382,50,2.75,2.75,14.2,1.8,61.0,24.1,0.0,86.0
AMAT,0 P,352,86,3.25,3.25,4.8,1.7,61.4,4.0,2.3,65.1
AMAT,1 P,651,169,2.75,2.75,7.1,0.8,60.1,2.8,1.2,67.5
AMAT,2+ P,187,33,2.75,3.25,2.2,0.5,61.0,33.8,0.0,90.9
AMAT,"2+ P, Tief>=2",132,24,2.75,3.5,-0.5,0.8,61.4,35.5,0.0,91.7
AMAT,"2+ P, Tief>=2, RSI<50",101,20,4.0,,,,,,,
AMAT,"alt: Tief>=2, RSI<50",338,62,3.5,3.5,6.7,1.8,60.1,29.7,0.0,74.2
AMD,0 P,328,93,3.25,3.5,19.3,1.2,61.9,20.2,0.0,76.3
AMD,1 P,538,133,3.25,3.5,6.9,1.3,61.2,9.2,2.3,69.9
AMD,2+ P,167,44,2.0,2.25,4.3,7.2,61.7,44.1,0.0,68.2
AMD,"2+ P, Tief>=2",111,29,2.5,2.5,-0.3,5.4,62.2,47.2,0.0,65.5
AMD,"2+ P, Tief>=2, RSI<50",80,26,2.75,3.0,1.2,2.5,60.0,45.6,0.0,69.2
AMD,"alt: Tief>=2, RSI<50",322,100,3.5,3.5,9.1,1.6,60.6,18.2,1.0,61.0
AMGN,0 P,390,74,3.5,3.5,3.9,1.0,62.6,13.0,1.4,58.1
AMGN,1 P,673,146,3.0,3.25,6.9,1.3,62.0,14.3,2.1,76.0
AMGN,2+ P,165,39,1.75,1.5,11.9,5.5,63.6,-2.7,23.1,30.8
AMGN,"2+ P, Tief>=2",134,22,1.25,1.0,18.1,11.9,60.4,27.8,31.8,31.8
AMGN,"2+ P, Tief>=2, RSI<50",96,18,1.5,1.25,19.6,10.4,62.5,27.5,33.3,33.3
AMGN,"alt: Tief>=2, RSI<50",384,83,2.25,2.25,17.8,6.8,60.7,2.4,2.4,62.7
AMT,0 P,349,84,3.5,3.25,2.3,0.3,62.8,-0.6,0.0,38.1
AMT,1 P,664,131,2.5,2.0,5.6,3.9,61.0,-8.0,7.6,33.6
AMT,2+ P,160,48,2.0,1.5,26.8,4.4,60.0,-22.3,12.5,41.7
AMT,"2+ P, Tief>=2",112,38,1.5,1.25,43.6,5.4,61.6,-17.8,13.2,39.5
AMT,"2+ P, Tief>=2, RSI<50",81,32,1.75,1.25,51.2,7.4,60.5,-14.5,15.6,37.5
AMT,"alt: Tief>=2, RSI<50",288,99,2.75,2.25,19.5,4.2,61.1,-15.1,6.1,35.4
AMZN,0 P,367,92,3.0,3.0,27.4,1.4,60.8,9.8,0.0,64.1
AMZN,1 P,628,148,2.25,2.25,18.2,2.7,60.0,4.3,4.7,62.2
AMZN,2+ P,191,32,1.5,1.75,18.9,3.1,65.4,18.2,12.5,65.6
AMZN,"2+ P, Tief>=2",118,20,1.25,1.25,13.6,6.8,60.2,24.4,15.0,60.0
AMZN,"2+ P, Tief>=2, RSI<50",86,16,1.5,1.5,15.8,7.0,61.6,22.1,18.8,56.2
AMZN,"alt: Tief>=2, RSI<50",261,60,2.25,2.0,15.1,5.0,60.2,7.4,6.7,56.7
ANET,0 P,181,93,3.0,3.5,6.4,3.3,61.9,17.5,3.2,76.3
ANET,1 P,330,140,2.75,2.75,8.9,4.5,61.2,-0.7,4.3,61.4
ANET,2+ P,111,38,1.5,1.75,11.3,2.7,62.2,37.8,2.6,78.9
ANET,"2+ P, Tief>=2",72,29,1.5,2.0,4.2,1.4,61.1,47.4,0.0,89.7
ANET,"2+ P, Tief>=2, RSI<50",56,17,1.75,2.0,-1.5,1.8,60.7,75.1,0.0,88.2
ANET,"alt: Tief>=2, RSI<50",155,56,2.5,2.75,13.7,4.5,60.6,29.4,5.4,73.2
APH,0 P,395,80,2.75,2.75,9.5,2.5,61.5,4.1,3.8,52.5
APH,1 P,662,156,2.25,2.25,1.2,3.8,60.9,17.0,1.3,61.5
APH,2+ P,200,38,2.0,2.0,10.0,1.5,65.0,30.4,2.6,65.8
APH,"2+ P, Tief>=2",144,23,1.75,1.75,20.9,2.8,61.1,57.0,0.0,65.2
APH,"2+ P, Tief>=2, RSI<50",106,18,1.75,1.75,23.6,3.8,61.3,71.5,0.0,61.1
APH,"alt: Tief>=2, RSI<50",286,53,2.0,2.0,22.6,4.9,60.1,41.6,1.9,75.5
APP,0 P,40,90,3.25,,,,,,,
APP,1 P,54,146,2.75,,,,,,,
APP,2+ P,12,31,3.75,,,,,,,
APP,"2+ P, Tief>=2",10,19,3.75,3.25,-17.4,0.0,60.0,43.6,0.0,57.9
APP,"2+ P, Tief>=2, RSI<50",9,11,3.25,,,,,,,
APP,"alt: Tief>=2, RSI<50",52,50,3.5,,,,,,,
ARM,0 P,0,64,2.75,,,,,,,
ARM,1 P,0,108,2.25,,,,,,,
ARM,2+ P,0,25,2.5,,,,,,,
ARM,"2+ P, Tief>=2",0,16,3.0,,,,,,,
ARM,"2+ P, Tief>=2, RSI<50",0,12,3.75,,,,,,,
ARM,"alt: Tief>=2, RSI<50",0,55,3.0,,,,,,,
ASML,0 P,403,98,3.5,3.5,1.2,1.0,60.5,12.3,1.0,58.2
ASML,1 P,740,149,2.75,2.75,4.8,1.4,60.4,12.7,4.7,64.4
ASML,2+ P,170,27,2.25,2.25,11.0,2.9,61.2,4.3,0.0,55.6
ASML,"2+ P, Tief>=2",124,14,2.75,2.75,7.5,1.6,61.3,-3.8,0.0,64.3
ASML,"2+ P, Tief>=2, RSI<50",100,12,3.25,3.25,6.6,2.0,60.0,-6.8,0.0,66.7
ASML,"alt: Tief>=2, RSI<50",347,49,2.75,3.0,8.0,1.4,60.5,44.9,0.0,83.7
AVGO,0 P,321,82,2.5,2.75,11.9,2.8,61.7,16.9,2.4,69.5
AVGO,1 P,541,151,2.0,2.25,12.6,3.7,64.1,6.4,6.0,70.9
AVGO,2+ P,137,41,0.75,0.75,42.9,13.9,64.2,20.3,12.2,53.7
AVGO,"2+ P, Tief>=2",96,22,0.75,0.75,64.4,13.5,66.7,39.2,9.1,59.1
AVGO,"2+ P, Tief>=2, RSI<50",68,14,0.75,0.75,77.7,19.1,69.1,39.6,14.3,50.0
AVGO,"alt: Tief>=2, RSI<50",239,54,1.75,1.75,40.0,10.0,61.9,49.6,9.3,59.3
AXON,0 P,343,73,3.75,3.75,5.4,2.6,61.5,18.6,4.1,63.0
AXON,1 P,569,122,3.0,3.25,13.4,3.0,61.2,26.3,0.0,68.0
AXON,2+ P,159,48,2.0,2.0,20.5,1.3,66.0,-5.6,8.3,41.7
AXON,"2+ P, Tief>=2",117,30,2.0,2.0,24.3,1.7,65.8,-2.7,6.7,46.7
AXON,"2+ P, Tief>=2, RSI<50",86,22,2.0,2.0,27.5,2.3,64.0,-6.3,4.5,45.5
AXON,"alt: Tief>=2, RSI<50",345,58,2.75,2.75,21.2,3.2,62.0,18.0,3.4,63.8
AXP,0 P,398,92,3.75,3.75,4.1,0.5,61.1,9.1,0.0,69.6
AXP,1 P,668,140,2.75,3.0,1.7,1.6,61.8,4.1,1.4,69.3
AXP,2+ P,144,41,2.0,2.5,6.3,2.1,63.2,30.4,0.0,70.7
AXP,"2+ P, Tief>=2",107,30,2.5,2.5,6.4,1.9,60.7,40.3,0.0,66.7
AXP,"2+ P, Tief>=2, RSI<50",85,26,2.5,2.5,11.2,2.4,62.4,41.0,0.0,65.4
AXP,"alt: Tief>=2, RSI<50",357,68,2.75,3.0,9.0,1.1,61.3,37.3,1.5,77.9
AZN,0 P,580,111,,,,,,,,
AZN,1 P,750,160,3.75,3.75,3.8,0.8,63.2,-1.3,1.9,58.1
AZN,2+ P,156,30,1.75,1.75,14.5,9.0,60.9,17.1,3.3,63.3
AZN,"2+ P, Tief>=2",110,25,1.5,1.75,10.9,8.2,61.8,21.1,4.0,72.0
AZN,"2+ P, Tief>=2, RSI<50",82,18,1.5,1.75,19.3,6.1,62.2,34.1,5.6,72.2
AZN,"alt: Tief>=2, RSI<50",480,87,3.5,3.5,8.4,1.7,61.5,15.8,5.7,63.2
BA,0 P,361,70,3.25,3.25,6.8,1.4,62.3,9.4,1.4,54.3
BA,1 P,685,141,3.25,3.0,14.1,1.6,61.5,-3.6,0.7,49.6
BA,2+ P,171,42,2.5,2.25,7.5,1.8,61.4,47.2,7.1,47.6
BA,"2+ P, Tief>=2",126,42,2.5,2.0,5.6,2.4,61.9,51.1,11.9,42.9
BA,"2+ P, Tief>=2, RSI<50",94,30,2.75,2.25,7.3,3.2,60.6,54.8,6.7,36.7
BA,"alt: Tief>=2, RSI<50",371,119,3.0,2.75,15.0,2.2,60.9,5.9,2.5,46.2
BABA,0 P,246,126,,,,,,,,
BABA,1 P,354,157,3.75,3.75,3.8,1.1,61.0,3.6,0.0,65.0
BABA,2+ P,77,36,3.0,3.25,2.6,1.3,61.0,3.1,0.0,66.7
BABA,"2+ P, Tief>=2",49,24,3.25,3.5,-1.2,0.0,63.3,-0.7,0.0,66.7
BABA,"2+ P, Tief>=2, RSI<50",40,16,3.5,4.0,-3.2,0.0,62.5,8.9,0.0,68.8
BABA,"alt: Tief>=2, RSI<50",238,122,,,,,,,,
BAC,0 P,397,81,,,,,,,,
BAC,1 P,674,147,3.5,3.75,5.8,0.9,63.1,10.6,0.0,67.3
BAC,2+ P,140,29,2.25,2.25,-2.5,1.4,60.7,16.1,0.0,58.6
BAC,"2+ P, Tief>=2",105,25,2.5,2.75,-4.1,0.0,61.9,16.4,0.0,64.0
BAC,"2+ P, Tief>=2, RSI<50",84,23,3.0,3.0,-10.1,0.0,63.1,14.0,0.0,60.9
BAC,"alt: Tief>=2, RSI<50",399,66,3.75,3.75,3.9,1.0,62.7,9.0,0.0,57.6
BAS.DE,0 P,382,76,,,,,,,,
BAS.DE,1 P,697,138,3.0,3.0,0.4,1.0,62.0,-7.0,0.0,59.4
BAS.DE,2+ P,187,40,2.25,2.75,-0.0,0.5,63.6,2.8,0.0,85.0
BAS.DE,"2+ P, Tief>=2",125,34,2.25,2.75,-0.1,0.8,62.4,1.8,0.0,85.3
BAS.DE,"2+ P, Tief>=2, RSI<50",102,26,2.5,3.25,-7.2,0.0,60.8,5.8,0.0,88.5
BAS.DE,"alt: Tief>=2, RSI<50",392,100,3.0,3.5,5.6,0.3,60.7,-6.0,1.0,75.0
BAYN.DE,0 P,365,70,3.75,3.75,-0.3,1.9,60.8,7.2,1.4,64.3
BAYN.DE,1 P,668,138,3.25,3.0,-1.7,1.6,61.5,5.2,3.6,43.5
BAYN.DE,2+ P,167,51,3.0,2.5,0.3,1.8,61.1,-15.9,11.8,33.3
BAYN.DE,"2+ P, Tief>=2",113,32,3.0,2.0,11.1,2.7,62.8,-14.3,12.5,18.8
BAYN.DE,"2+ P, Tief>=2, RSI<50",83,28,3.5,2.75,4.6,0.0,60.2,-21.6,7.1,21.4
BAYN.DE,"alt: Tief>=2, RSI<50",357,82,3.25,3.25,4.9,2.5,63.3,1.1,3.7,52.4
BBVA,0 P,557,126,,,,,,,,
BBVA,1 P,665,155,,,,,,,,
BBVA,2+ P,211,26,3.75,,,,,,,
BBVA,"2+ P, Tief>=2",162,15,3.75,4.0,-7.0,0.0,60.5,40.4,0.0,100.0
BBVA,"2+ P, Tief>=2, RSI<50",122,10,,,,,,,,
BBVA,"alt: Tief>=2, RSI<50",514,68,,,,,,,,
BEI.DE,0 P,379,77,4.0,3.5,-1.6,1.8,61.7,-0.5,2.6,45.5
BEI.DE,1 P,676,135,3.25,3.25,-5.1,1.3,61.7,-2.2,0.7,62.2
BEI.DE,2+ P,170,55,2.0,2.0,11.4,5.9,61.8,10.1,1.8,67.3
BEI.DE,"2+ P, Tief>=2",114,46,2.25,2.5,-6.3,6.1,64.0,-0.2,0.0,69.6
BEI.DE,"2+ P, Tief>=2, RSI<50",84,35,2.5,2.5,-7.5,8.3,64.3,-1.8,0.0,60.0
BEI.DE,"alt: Tief>=2, RSI<50",320,112,3.25,3.25,-3.2,0.9,60.3,-5.6,1.8,60.7
BHP,0 P,587,125,,,,,,,,
BHP,1 P,741,162,3.25,3.25,4.6,0.4,60.7,-0.5,0.6,64.2
BHP,2+ P,161,35,3.0,3.25,3.5,0.0,60.9,-0.7,0.0,77.1
BHP,"2+ P, Tief>=2",119,24,2.5,3.0,3.6,0.0,63.0,1.1,0.0,66.7
BHP,"2+ P, Tief>=2, RSI<50",103,23,3.25,3.25,2.4,0.0,60.2,2.3,0.0,73.9
BHP,"alt: Tief>=2, RSI<50",463,116,3.75,3.75,1.5,0.9,60.9,4.3,0.9,60.3
BIIB,0 P,306,71,3.5,3.0,17.2,2.3,60.5,-12.8,1.4,43.7
BIIB,1 P,678,123,2.75,2.75,14.4,2.2,61.7,-9.2,0.8,52.8
BIIB,2+ P,205,46,2.75,1.75,2.5,11.2,60.0,-12.1,15.2,28.3
BIIB,"2+ P, Tief>=2",134,43,3.0,1.5,6.1,11.2,60.4,-13.3,16.3,20.9
BIIB,"2+ P, Tief>=2, RSI<50",98,38,3.5,3.0,7.0,1.0,64.3,-7.0,0.0,28.9
BIIB,"alt: Tief>=2, RSI<50",283,110,3.75,3.0,7.9,0.7,62.2,-10.6,0.9,29.1
BKNG,0 P,334,83,3.75,3.75,9.3,3.6,60.5,6.2,0.0,67.5
BKNG,1 P,656,143,2.75,2.75,9.7,2.4,60.8,13.0,0.0,62.2
BKNG,2+ P,213,33,1.75,1.5,26.5,7.5,60.6,55.6,6.1,39.4
BKNG,"2+ P, Tief>=2",150,23,1.75,1.75,24.3,6.0,64.0,72.5,0.0,39.1
BKNG,"2+ P, Tief>=2, RSI<50",110,18,1.75,1.75,28.2,7.3,62.7,93.7,0.0,50.0
BKNG,"alt: Tief>=2, RSI<50",296,51,2.75,2.75,22.8,1.4,62.8,37.2,0.0,60.8
BKR,0 P,409,75,3.5,3.75,0.8,0.0,60.1,17.8,0.0,73.3
BKR,1 P,695,160,2.75,2.75,2.9,0.3,61.6,12.4,0.0,57.5
BKR,2+ P,152,31,2.25,2.5,-1.3,4.6,62.5,19.2,0.0,77.4
BKR,"2+ P, Tief>=2",112,18,1.75,2.0,-1.0,6.2,61.6,34.4,0.0,72.2
BKR,"2+ P, Tief>=2, RSI<50",96,11,2.25,2.25,-5.7,5.2,60.4,37.3,0.0,63.6
BKR,"alt: Tief>=2, RSI<50",415,77,2.75,2.75,-0.6,1.7,61.0,24.5,0.0,63.6
BLK,0 P,353,84,3.75,3.25,8.6,1.1,61.2,-2.6,0.0,44.0
BLK,1 P,682,148,3.0,3.0,4.4,0.6,61.4,19.9,0.0,54.7
BLK,2+ P,195,37,1.75,1.75,4.8,5.1,62.1,54.6,2.7,59.5
BLK,"2+ P, Tief>=2",148,31,1.75,1.75,3.8,5.4,62.2,58.0,3.2,61.3
BLK,"2+ P, Tief>=2, RSI<50",120,27,2.0,1.75,4.2,6.7,60.0,57.6,3.7,59.3
BLK,"alt: Tief>=2, RSI<50",365,80,3.0,2.75,2.7,0.8,60.0,22.6,1.2,50.0
BMO,0 P,429,88,,,,,,,,
BMO,1 P,678,163,3.5,3.75,6.9,0.0,60.9,11.0,3.7,72.4
BMO,2+ P,148,39,3.25,3.25,6.0,0.0,60.1,14.9,2.6,64.1
BMO,"2+ P, Tief>=2",97,25,4.0,,,,,,,
BMO,"2+ P, Tief>=2, RSI<50",83,22,4.0,4.0,0.6,0.0,60.2,19.7,0.0,68.2
BMO,"alt: Tief>=2, RSI<50",353,67,,,,,,,,
BMW.DE,0 P,396,85,,4.0,-3.6,0.0,61.6,6.5,0.0,50.6
BMW.DE,1 P,660,145,3.5,3.25,-4.3,0.2,62.7,-12.5,4.1,37.9
BMW.DE,2+ P,168,39,2.25,1.75,3.5,6.5,60.1,10.5,28.2,38.5
BMW.DE,"2+ P, Tief>=2",134,29,2.25,1.75,-0.5,6.7,60.4,-1.1,31.0,31.0
BMW.DE,"2+ P, Tief>=2, RSI<50",98,27,2.5,2.0,3.5,8.2,61.2,6.2,14.8,33.3
BMW.DE,"alt: Tief>=2, RSI<50",413,97,3.5,3.0,-1.6,0.7,63.9,-6.7,5.2,27.8
BMY,0 P,348,61,3.75,3.75,6.8,1.4,60.1,0.8,0.0,63.9
BMY,1 P,688,112,3.25,3.25,-1.0,2.0,60.9,-7.4,0.9,55.4
BMY,2+ P,144,44,2.75,2.0,1.5,5.6,63.2,-17.8,11.4,36.4
BMY,"2+ P, Tief>=2",94,33,2.75,2.0,-1.2,8.5,64.9,-18.7,15.2,27.3
BMY,"2+ P, Tief>=2, RSI<50",68,30,3.25,2.0,2.3,11.8,64.7,-17.7,16.7,26.7
BMY,"alt: Tief>=2, RSI<50",320,93,3.25,2.5,5.5,4.1,60.0,-17.7,6.5,34.4
BNR.DE,0 P,253,88,4.0,3.25,7.2,1.6,60.5,-17.3,0.0,35.2
BNR.DE,1 P,545,125,3.75,3.5,-2.5,2.8,61.3,-13.4,3.2,47.2
BNR.DE,2+ P,162,51,2.75,3.0,3.3,1.2,60.5,7.5,5.9,68.6
BNR.DE,"2+ P, Tief>=2",126,36,3.25,3.25,4.7,0.8,60.3,2.8,5.6,66.7
BNR.DE,"2+ P, Tief>=2, RSI<50",104,32,3.5,3.5,4.4,1.0,60.6,-0.9,6.2,62.5
BNR.DE,"alt: Tief>=2, RSI<50",289,103,4.0,3.75,-1.6,2.4,60.2,-14.4,2.9,56.3
BNS,0 P,422,86,,,,,,,,
BNS,1 P,687,146,3.5,3.75,1.5,0.0,61.7,11.3,0.0,71.9
BNS,2+ P,174,32,4.0,,,,,,,
BNS,"2+ P, Tief>=2",120,24,,,,,,,,
BNS,"2+ P, Tief>=2, RSI<50",101,22,,,,,,,,
BNS,"alt: Tief>=2, RSI<50",396,87,4.0,,,,,,,
BNY,0 P,388,84,3.25,3.25,1.3,0.5,60.1,31.1,0.0,67.9
BNY,1 P,648,132,2.75,3.25,-2.5,1.4,62.2,22.3,0.0,84.1
BNY,2+ P,212,31,2.0,2.25,5.4,2.4,60.8,26.7,0.0,74.2
BNY,"2+ P, Tief>=2",155,22,1.75,1.75,12.6,3.9,60.0,42.1,0.0,81.8
BNY,"2+ P, Tief>=2, RSI<50",124,17,1.75,2.25,11.2,2.4,60.5,27.0,0.0,94.1
BNY,"alt: Tief>=2, RSI<50",342,42,2.5,2.75,5.8,1.2,62.3,41.0,0.0,78.6
BP,0 P,558,119,,,,,,,,
BP,1 P,745,144,4.0,4.0,0.4,0.0,62.0,-6.1,0.7,57.6
BP,2+ P,189,44,3.25,3.75,1.1,1.1,61.4,-2.7,0.0,70.5
BP,"2+ P, Tief>=2",151,36,3.5,4.0,2.2,1.3,60.3,-1.7,0.0,69.4
BP,"2+ P, Tief>=2, RSI<50",123,32,4.0,,,,,,,
BP,"alt: Tief>=2, RSI<50",535,98,4.0,4.0,2.1,0.4,60.7,-8.0,0.0,57.1
BRK-B,0 P,349,78,3.0,3.0,12.9,1.1,63.3,3.1,3.8,65.4
BRK-B,1 P,706,139,2.25,2.25,5.6,3.5,62.0,-0.9,2.9,62.6
BRK-B,2+ P,155,34,1.0,1.25,27.6,12.3,61.9,5.0,2.9,67.6
BRK-B,"2+ P, Tief>=2",108,19,1.0,1.5,32.4,9.3,63.0,26.2,0.0,84.2
BRK-B,"2+ P, Tief>=2, RSI<50",87,12,1.5,1.5,34.5,11.5,60.9,37.6,0.0,75.0
BRK-B,"alt: Tief>=2, RSI<50",326,43,2.25,2.25,16.2,4.3,61.7,1.0,2.3,58.1
BTI,0 P,584,102,,,,,,,,
BTI,1 P,705,124,3.75,4.0,0.7,0.7,61.3,7.8,0.0,68.5
BTI,2+ P,284,56,2.5,2.5,3.1,1.1,62.3,1.7,0.0,57.1
BTI,"2+ P, Tief>=2",201,42,2.75,2.75,6.8,1.0,62.2,-4.9,0.0,57.1
BTI,"2+ P, Tief>=2, RSI<50",145,34,3.0,3.0,8.6,1.4,62.1,-4.8,0.0,61.8
BTI,"alt: Tief>=2, RSI<50",483,108,3.5,3.5,7.0,1.2,61.1,0.3,0.0,66.7
C,0 P,406,93,,,,,,,,
C,1 P,643,133,3.0,3.25,2.8,0.3,60.3,23.4,0.0,74.4
C,2+ P,181,27,3.0,3.25,-7.1,0.0,60.8,52.7,0.0,81.5
C,"2+ P, Tief>=2",138,18,3.0,3.5,-5.5,0.0,62.3,47.5,0.0,100.0
C,"2+ P, Tief>=2, RSI<50",119,14,3.25,3.5,-7.4,0.0,60.5,55.0,0.0,100.0
C,"alt: Tief>=2, RSI<50",427,48,3.25,3.5,4.9,0.7,60.2,33.0,0.0,83.3
CAT,0 P,406,61,4.0,,,,,,,
CAT,1 P,678,159,2.5,2.75,10.1,0.7,61.4,29.9,0.6,68.6
CAT,2+ P,143,36,2.25,2.25,21.4,1.4,60.8,40.2,2.8,63.9
CAT,"2+ P, Tief>=2",96,25,2.5,2.5,28.2,1.0,65.6,48.4,4.0,60.0
CAT,"2+ P, Tief>=2, RSI<50",83,20,2.5,2.5,22.8,1.2,61.4,58.7,5.0,60.0
CAT,"alt: Tief>=2, RSI<50",341,67,3.0,3.25,11.2,1.2,61.9,33.6,1.5,67.2
CB,0 P,404,84,3.0,3.25,-1.2,1.0,61.6,10.1,2.4,67.9
CB,1 P,673,129,2.5,2.5,-2.5,1.8,60.6,-1.6,2.3,69.0
CB,2+ P,177,30,2.0,2.0,2.3,5.6,63.3,6.3,0.0,63.3
CB,"2+ P, Tief>=2",119,10,1.75,2.0,8.2,5.0,62.2,16.2,0.0,90.0
CB,"2+ P, Tief>=2, RSI<50",85,8,2.0,2.25,5.4,3.5,62.4,,,
CB,"alt: Tief>=2, RSI<50",314,46,2.25,2.25,14.6,2.9,61.5,29.6,2.2,87.0
CBK.DE,0 P,353,72,,,,,,,,
CBK.DE,1 P,625,162,3.25,3.5,4.0,1.3,60.2,13.1,0.0,70.4
CBK.DE,2+ P,153,20,3.5,3.5,-4.7,0.0,60.1,50.4,0.0,90.0
CBK.DE,"2+ P, Tief>=2",117,7,3.5,3.5,-6.7,0.0,62.4,,,
CBK.DE,"2+ P, Tief>=2, RSI<50",101,4,3.5,3.5,-9.2,0.0,62.4,,,
CBK.DE,"alt: Tief>=2, RSI<50",468,33,3.5,3.75,-2.9,0.6,61.3,42.5,0.0,75.8
CCEP,0 P,358,76,3.5,3.75,0.5,1.7,61.2,19.7,0.0,77.6
CCEP,1 P,594,143,2.75,2.75,2.9,1.9,60.3,3.9,0.0,67.1
CCEP,2+ P,216,31,1.5,2.25,11.7,5.6,61.6,57.0,0.0,87.1
CCEP,"2+ P, Tief>=2",137,26,1.25,1.5,27.2,9.5,61.3,87.2,0.0,88.5
CCEP,"2+ P, Tief>=2, RSI<50",95,16,1.5,2.0,30.6,8.4,60.0,113.4,0.0,93.8
CCEP,"alt: Tief>=2, RSI<50",276,57,2.25,2.5,28.5,4.3,63.0,37.8,0.0,80.7
CDNS,0 P,344,81,2.75,2.75,14.6,2.9,61.6,-10.4,7.4,56.8
CDNS,1 P,640,125,2.5,2.25,12.8,3.1,60.9,-7.8,6.4,46.4
CDNS,2+ P,157,49,2.25,3.25,12.1,0.6,60.5,16.2,0.0,83.7
CDNS,"2+ P, Tief>=2",102,35,2.25,3.25,9.2,0.0,60.8,16.0,0.0,82.9
CDNS,"2+ P, Tief>=2, RSI<50",71,17,3.0,3.25,18.9,0.0,60.6,11.7,0.0,64.7
CDNS,"alt: Tief>=2, RSI<50",275,61,2.5,2.5,15.6,2.2,62.2,8.0,0.0,67.2
CDW,0 P,218,59,3.25,2.75,4.8,4.1,64.2,3.1,13.6,27.1
CDW,1 P,350,113,3.0,2.0,2.6,6.0,60.6,-0.2,15.9,28.3
CDW,2+ P,128,61,2.75,1.5,0.6,7.8,60.2,19.9,14.8,29.5
CDW,"2+ P, Tief>=2",81,46,2.5,1.5,10.3,8.6,60.5,40.6,10.9,39.1
CDW,"2+ P, Tief>=2, RSI<50",55,40,2.75,2.25,5.2,3.6,60.0,38.2,5.0,40.0
CDW,"alt: Tief>=2, RSI<50",147,94,3.0,2.0,16.7,6.1,60.5,22.6,12.8,27.7
CEG,0 P,22,73,2.75,2.0,91.5,18.2,63.6,31.1,9.6,42.5
CEG,1 P,25,142,2.5,1.0,15.5,16.0,68.0,6.3,19.7,42.3
CEG,2+ P,6,50,1.5,,,,,,,
CEG,"2+ P, Tief>=2",2,43,1.5,,,,,,,
CEG,"2+ P, Tief>=2, RSI<50",0,35,2.0,,,,,,,
CEG,"alt: Tief>=2, RSI<50",4,78,2.75,,,,,,,
CHTR,0 P,252,65,3.25,2.75,17.2,2.8,60.7,-19.8,12.3,38.5
CHTR,1 P,513,141,3.0,2.25,18.9,4.3,61.4,-11.1,10.6,35.5
CHTR,2+ P,160,44,2.5,2.0,9.9,2.5,61.3,-20.5,15.9,31.8
CHTR,"2+ P, Tief>=2",110,35,2.75,1.75,6.4,3.6,60.9,-47.8,22.9,11.4
CHTR,"2+ P, Tief>=2, RSI<50",71,34,3.25,2.5,1.7,1.4,62.0,-40.7,11.8,29.4
CHTR,"alt: Tief>=2, RSI<50",238,98,3.75,3.0,11.5,1.3,60.9,-27.5,4.1,36.7
CL,0 P,357,78,,,,,,,,
CL,1 P,633,127,2.75,2.75,-4.5,2.4,60.5,1.1,0.0,62.2
CL,2+ P,222,42,2.25,2.25,4.1,2.3,61.7,1.5,2.4,52.4
CL,"2+ P, Tief>=2",160,34,2.5,2.25,3.5,2.5,61.3,-9.9,2.9,41.2
CL,"2+ P, Tief>=2, RSI<50",127,31,2.5,2.5,6.9,1.6,63.8,-11.4,3.2,45.2
CL,"alt: Tief>=2, RSI<50",300,101,3.0,2.75,7.0,1.3,61.3,-8.7,1.0,49.5
CM,0 P,392,89,,,,,,,,
CM,1 P,653,132,3.25,3.75,3.7,0.2,61.6,16.3,0.8,77.3
CM,2+ P,224,42,3.75,,,,,,,
CM,"2+ P, Tief>=2",177,30,,,,,,,,
CM,"2+ P, Tief>=2, RSI<50",157,24,,,,,,,,
CM,"alt: Tief>=2, RSI<50",414,65,,,,,,,,
CMCSA,0 P,389,66,3.5,3.25,6.8,1.3,62.0,10.5,6.1,47.0
CMCSA,1 P,654,130,2.5,2.25,2.1,3.5,60.2,-15.8,7.7,48.5
CMCSA,2+ P,179,45,3.25,3.0,-0.2,0.6,63.7,-25.0,17.8,40.0
CMCSA,"2+ P, Tief>=2",144,28,4.0,3.0,1.8,0.7,61.1,-34.4,28.6,17.9
CMCSA,"2+ P, Tief>=2, RSI<50",125,26,,3.25,1.5,0.8,60.8,-35.9,30.8,19.2
CMCSA,"alt: Tief>=2, RSI<50",391,82,3.5,2.75,4.9,2.6,60.6,-21.1,15.9,34.1
CNQ,0 P,426,77,4.0,4.0,0.1,0.0,61.7,1.5,0.0,62.3
CNQ,1 P,675,144,3.0,2.75,3.5,1.0,61.5,-3.5,0.7,51.4
CNQ,2+ P,159,25,2.5,2.75,-4.4,0.6,61.6,40.9,0.0,76.0
CNQ,"2+ P, Tief>=2",115,19,2.0,2.25,3.2,0.0,61.7,57.4,0.0,73.7
CNQ,"2+ P, Tief>=2, RSI<50",94,11,2.5,2.75,4.5,0.0,63.8,62.0,0.0,63.6
CNQ,"alt: Tief>=2, RSI<50",398,66,3.25,3.0,3.3,0.0,60.3,7.0,0.0,50.0
COF,0 P,414,85,3.75,3.75,-0.1,1.4,60.6,4.9,0.0,69.4
COF,1 P,687,137,3.0,3.0,1.9,2.0,63.5,10.1,0.7,65.7
COF,2+ P,160,42,2.75,2.75,-11.9,1.2,61.9,12.2,0.0,69.0
COF,"2+ P, Tief>=2",116,36,2.75,2.75,-14.9,0.9,60.3,18.2,0.0,72.2
COF,"2+ P, Tief>=2, RSI<50",90,29,2.75,3.25,-14.8,0.0,66.7,11.5,0.0,72.4
COF,"alt: Tief>=2, RSI<50",355,81,3.0,3.0,1.5,1.1,60.3,1.3,0.0,63.0
CON.DE,0 P,346,92,3.5,3.25,2.1,1.7,60.7,-10.1,4.3,51.1
CON.DE,1 P,622,151,3.25,3.0,-1.2,0.8,60.8,-5.1,2.6,53.0
CON.DE,2+ P,184,36,3.25,3.25,-2.7,2.7,60.9,-2.3,0.0,61.1
CON.DE,"2+ P, Tief>=2",123,25,3.25,3.25,-10.0,4.1,60.2,9.6,0.0,64.0
CON.DE,"2+ P, Tief>=2, RSI<50",91,18,4.0,4.0,-10.4,5.5,62.6,11.6,0.0,66.7
CON.DE,"alt: Tief>=2, RSI<50",347,75,3.75,3.5,8.2,1.4,62.0,15.6,1.3,50.7
COP,0 P,426,77,3.75,3.5,5.2,0.0,60.6,-11.3,0.0,50.6
COP,1 P,675,135,2.75,2.75,7.4,1.0,60.1,10.4,0.7,62.2
COP,2+ P,179,53,3.0,2.5,14.6,0.6,60.9,-3.7,0.0,41.5
COP,"2+ P, Tief>=2",142,34,3.0,2.75,12.3,0.0,60.6,-15.9,0.0,41.2
COP,"2+ P, Tief>=2, RSI<50",114,20,3.25,3.0,12.2,0.0,61.4,-17.2,0.0,35.0
COP,"alt: Tief>=2, RSI<50",405,61,3.5,3.5,4.8,0.2,60.0,-1.2,0.0,60.7
COST,0 P,369,57,3.0,2.75,16.1,3.3,60.4,25.2,0.0,54.4
COST,1 P,613,146,2.25,2.25,17.0,3.6,61.7,10.3,0.7,57.5
COST,2+ P,172,41,1.75,2.0,6.0,4.1,62.2,20.5,0.0,82.9
COST,"2+ P, Tief>=2",126,25,2.0,2.25,8.3,4.0,60.3,38.4,0.0,84.0
COST,"2+ P, Tief>=2, RSI<50",97,17,2.0,2.5,5.7,3.1,60.8,50.9,0.0,88.2
COST,"alt: Tief>=2, RSI<50",259,52,2.25,2.5,13.3,4.2,61.0,44.4,0.0,82.7
CPRT,0 P,339,63,3.25,3.0,15.0,1.8,61.7,14.2,1.6,39.7
CPRT,1 P,671,126,2.25,2.0,20.6,5.8,61.1,-5.9,10.3,44.4
CPRT,2+ P,187,58,2.25,1.5,11.1,12.3,62.6,-15.4,17.2,20.7
CPRT,"2+ P, Tief>=2",115,38,2.5,1.25,11.3,17.4,60.0,-35.6,21.1,13.2
CPRT,"2+ P, Tief>=2, RSI<50",86,35,2.5,1.25,13.1,19.8,60.5,-38.6,22.9,11.4
CPRT,"alt: Tief>=2, RSI<50",261,86,3.25,2.5,22.7,1.5,63.2,-12.6,2.3,22.1
CRM,0 P,323,81,3.0,3.0,2.0,0.9,61.3,17.5,1.2,55.6
CRM,1 P,660,123,2.5,2.25,7.4,5.5,61.2,8.2,4.9,48.0
CRM,2+ P,230,58,2.25,2.0,22.0,4.3,61.3,3.1,5.2,51.7
CRM,"2+ P, Tief>=2",174,53,2.0,2.0,24.6,5.2,62.6,6.9,5.7,52.8
CRM,"2+ P, Tief>=2, RSI<50",132,42,2.25,2.25,28.6,3.0,64.4,3.8,2.4,50.0
CRM,"alt: Tief>=2, RSI<50",332,97,2.75,2.5,23.1,2.4,61.7,13.1,3.1,45.4
CRWD,0 P,68,73,3.0,4.0,-0.3,0.0,60.3,20.9,0.0,82.2
CRWD,1 P,136,135,2.25,2.5,4.0,1.5,61.8,25.9,0.7,69.6
CRWD,2+ P,31,35,1.25,0.5,62.5,6.5,61.3,6.8,22.9,57.1
CRWD,"2+ P, Tief>=2",23,25,0.5,0.5,74.8,4.3,65.2,-7.3,24.0,56.0
CRWD,"2+ P, Tief>=2, RSI<50",17,19,2.5,2.5,22.2,0.0,64.7,-8.1,0.0,57.9
CRWD,"alt: Tief>=2, RSI<50",83,47,2.75,3.0,10.8,1.2,60.2,19.1,0.0,70.2
CSCO,0 P,388,83,3.0,3.25,4.7,4.4,60.6,24.8,4.8,67.5
CSCO,1 P,661,148,3.0,3.5,0.4,1.8,62.8,4.8,2.7,78.4
CSCO,2+ P,183,35,3.0,3.0,14.0,0.5,60.1,8.8,5.7,71.4
CSCO,"2+ P, Tief>=2",133,20,3.0,3.0,20.2,0.0,61.7,17.7,10.0,65.0
CSCO,"2+ P, Tief>=2, RSI<50",109,14,3.0,3.0,20.3,0.0,60.6,25.0,14.3,64.3
CSCO,"alt: Tief>=2, RSI<50",371,58,3.25,3.25,12.0,2.7,60.4,2.5,5.2,69.0
CSGP,0 P,352,70,3.0,2.75,7.9,1.7,61.1,6.3,8.6,54.3
CSGP,1 P,614,131,2.5,2.25,10.6,3.4,61.2,2.9,9.9,42.7
CSGP,2+ P,209,60,2.5,1.75,11.4,6.7,61.2,-16.4,10.0,38.3
CSGP,"2+ P, Tief>=2",135,48,3.0,1.25,27.2,11.9,60.7,-22.9,12.5,27.1
CSGP,"2+ P, Tief>=2, RSI<50",90,40,3.75,2.75,19.5,1.1,60.0,-18.8,0.0,27.5
CSGP,"alt: Tief>=2, RSI<50",267,103,3.75,3.25,18.1,1.5,61.4,-7.2,1.0,40.8
CSX,0 P,346,67,3.5,3.5,5.0,0.9,63.6,-0.8,0.0,62.7
CSX,1 P,640,143,2.75,2.75,1.1,1.9,60.3,11.2,0.0,70.6
CSX,2+ P,191,46,2.25,2.0,17.7,2.6,61.3,14.8,4.3,47.8
CSX,"2+ P, Tief>=2",135,41,2.25,1.75,31.9,1.5,61.5,14.2,12.2,36.6
CSX,"2+ P, Tief>=2, RSI<50",105,36,2.25,1.75,37.2,1.9,61.9,16.8,11.1,36.1
CSX,"alt: Tief>=2, RSI<50",298,94,2.5,2.5,19.4,0.3,62.4,0.8,1.1,57.4
CTAS,0 P,384,81,2.75,3.0,10.6,2.6,63.0,14.5,1.2,61.7
CTAS,1 P,735,148,2.25,2.25,8.5,3.4,60.7,7.5,2.0,64.2
CTAS,2+ P,134,43,1.5,1.75,4.4,10.4,61.2,13.9,2.3,81.4
CTAS,"2+ P, Tief>=2",92,25,1.5,1.75,3.0,8.7,60.9,19.2,4.0,84.0
CTAS,"2+ P, Tief>=2, RSI<50",63,20,1.5,1.75,5.6,11.1,60.3,16.6,5.0,80.0
CTAS,"alt: Tief>=2, RSI<50",284,55,2.0,2.25,7.4,6.0,62.3,4.1,1.8,74.5
CTSH,0 P,389,72,4.0,3.5,4.3,3.3,60.7,-9.7,4.2,38.9
CTSH,1 P,660,130,3.25,3.0,-1.1,2.9,61.4,-8.4,5.4,46.9
CTSH,2+ P,176,52,3.5,3.0,-4.6,2.3,60.2,-5.6,3.8,55.8
CTSH,"2+ P, Tief>=2",134,40,3.0,2.75,-0.6,2.2,60.4,6.9,5.0,55.0
CTSH,"2+ P, Tief>=2, RSI<50",100,29,3.0,3.0,-3.4,3.0,62.0,9.4,3.4,58.6
CTSH,"alt: Tief>=2, RSI<50",337,85,3.5,2.75,4.3,3.3,60.8,-8.3,8.2,38.8
CVS,0 P,361,67,3.25,3.25,2.8,1.7,61.8,4.2,3.0,56.7
CVS,1 P,644,117,2.75,2.5,5.3,2.2,60.4,-3.3,7.7,34.2
CVS,2+ P,180,40,2.5,2.5,5.4,3.3,61.7,1.4,12.5,57.5
CVS,"2+ P, Tief>=2",135,30,3.25,2.75,0.2,3.0,60.0,-2.4,16.7,50.0
CVS,"2+ P, Tief>=2, RSI<50",109,28,3.0,2.75,0.8,2.8,63.3,-1.1,17.9,46.4
CVS,"alt: Tief>=2, RSI<50",359,52,3.0,2.75,6.0,3.3,60.2,-3.3,11.5,48.1
CVX,0 P,455,72,4.0,4.0,3.0,0.2,63.1,3.0,0.0,56.9
CVX,1 P,683,168,3.25,3.25,5.4,1.0,60.9,1.3,0.6,61.9
CVX,2+ P,154,28,2.25,2.5,5.2,1.3,64.9,11.6,0.0,71.4
CVX,"2+ P, Tief>=2",129,26,2.25,2.5,8.2,0.8,65.1,13.5,0.0,76.9
CVX,"2+ P, Tief>=2, RSI<50",103,19,2.25,2.5,11.8,1.0,61.2,16.9,0.0,89.5
CVX,"alt: Tief>=2, RSI<50",435,87,3.0,3.25,12.4,0.9,62.1,8.6,0.0,82.8
DASH,0 P,42,67,3.0,3.0,-13.2,0.0,66.7,12.9,1.5,58.2
DASH,1 P,81,150,2.25,3.25,-7.6,0.0,61.7,18.1,0.7,75.3
DASH,2+ P,21,44,2.25,,,,,,,
DASH,"2+ P, Tief>=2",15,31,2.25,,,,,,,
DASH,"2+ P, Tief>=2, RSI<50",9,23,2.25,,,,,,,
DASH,"alt: Tief>=2, RSI<50",63,68,2.75,3.0,-16.9,0.0,63.5,-7.6,2.9,70.6
DB1.DE,0 P,384,86,3.25,3.25,-1.2,0.5,62.2,4.7,2.3,61.6
DB1.DE,1 P,653,126,2.5,2.5,-4.1,1.5,61.7,6.1,6.3,61.1
DB1.DE,2+ P,150,45,1.5,1.25,30.6,10.7,61.3,-6.7,6.7,48.9
DB1.DE,"2+ P, Tief>=2",105,33,1.5,1.25,43.9,12.4,62.9,-7.8,9.1,42.4
DB1.DE,"2+ P, Tief>=2, RSI<50",80,27,2.25,1.25,56.4,12.5,60.0,-11.4,11.1,33.3
DB1.DE,"alt: Tief>=2, RSI<50",378,89,2.25,2.25,11.6,2.9,62.7,4.0,12.4,49.4
DBK.DE,0 P,371,83,,,,,,,,
DBK.DE,1 P,655,178,4.0,,,,,,,
DBK.DE,2+ P,172,23,3.0,3.0,-3.2,0.6,62.8,23.6,0.0,78.3
DBK.DE,"2+ P, Tief>=2",135,13,2.75,2.75,-5.9,2.2,60.0,18.3,0.0,76.9
DBK.DE,"2+ P, Tief>=2, RSI<50",113,6,2.5,2.75,-7.9,1.8,61.1,,,
DBK.DE,"alt: Tief>=2, RSI<50",489,58,3.75,4.0,-6.3,0.0,61.6,21.2,0.0,77.6
DDOG,0 P,73,93,3.25,3.5,4.2,1.4,64.4,38.7,1.1,69.9
DDOG,1 P,122,136,2.75,3.0,18.7,0.0,62.3,21.3,0.0,66.2
DDOG,2+ P,44,44,1.75,1.25,68.6,2.3,63.6,65.8,11.4,50.0
DDOG,"2+ P, Tief>=2",30,34,1.75,1.25,46.5,3.3,60.0,45.6,11.8,52.9
DDOG,"2+ P, Tief>=2, RSI<50",25,25,2.0,1.5,51.6,4.0,60.0,46.4,12.0,40.0
DDOG,"alt: Tief>=2, RSI<50",67,109,3.0,2.75,23.4,0.0,61.2,5.7,0.9,58.7
DE,0 P,365,72,3.5,3.5,3.7,0.0,60.3,-6.8,1.4,59.7
DE,1 P,652,128,2.25,2.0,11.2,4.0,60.1,-13.1,10.2,39.8
DE,2+ P,220,54,2.0,2.0,13.6,2.3,60.9,0.5,1.9,57.4
DE,"2+ P, Tief>=2",143,40,2.25,2.5,10.9,0.7,64.3,9.7,0.0,67.5
DE,"2+ P, Tief>=2, RSI<50",112,27,2.5,2.5,15.8,0.9,62.5,13.5,0.0,63.0
DE,"alt: Tief>=2, RSI<50",291,76,2.75,2.75,8.0,2.1,63.6,-0.4,1.3,53.9
DELL,0 P,123,80,2.75,3.5,14.3,2.4,62.6,33.5,0.0,70.0
DELL,1 P,238,153,2.75,3.75,11.5,2.1,60.5,9.7,0.0,75.8
DELL,2+ P,88,40,3.0,2.5,10.7,2.3,61.4,15.0,2.5,47.5
DELL,"2+ P, Tief>=2",59,20,3.0,2.25,4.5,1.7,61.0,9.6,0.0,40.0
DELL,"2+ P, Tief>=2, RSI<50",43,17,2.75,2.25,14.5,0.0,62.8,6.8,0.0,41.2
DELL,"alt: Tief>=2, RSI<50",108,50,3.0,3.0,15.7,2.8,62.0,13.3,0.0,62.0
DHL.DE,0 P,327,83,4.0,,,,,,,
DHL.DE,1 P,670,147,3.0,2.75,8.6,1.6,60.1,2.8,3.4,59.2
DHL.DE,2+ P,189,33,3.25,3.5,1.1,0.5,60.3,-1.1,0.0,69.7
DHL.DE,"2+ P, Tief>=2",141,24,3.5,3.75,-0.7,0.0,60.3,4.9,0.0,87.5
DHL.DE,"2+ P, Tief>=2, RSI<50",114,20,3.5,3.75,2.2,0.0,60.5,7.5,0.0,85.0
DHL.DE,"alt: Tief>=2, RSI<50",330,72,3.25,3.75,5.2,0.3,61.5,1.6,0.0,80.6
DHR,0 P,374,86,3.0,2.75,7.1,4.5,61.5,-4.8,3.5,40.7
DHR,1 P,676,145,2.5,2.25,6.3,2.8,63.3,-14.4,2.1,35.9
DHR,2+ P,219,43,1.5,1.25,24.9,7.3,60.7,-11.0,25.6,41.9
DHR,"2+ P, Tief>=2",158,39,1.75,1.5,21.0,3.8,62.7,-11.3,17.9,46.2
DHR,"2+ P, Tief>=2, RSI<50",110,30,1.75,1.5,27.8,5.5,63.6,-3.0,23.3,43.3
DHR,"alt: Tief>=2, RSI<50",333,92,2.0,1.75,22.0,5.4,65.5,-12.8,18.5,38.0
DIS,0 P,341,76,3.5,3.25,3.9,2.1,61.0,1.2,1.3,46.1
DIS,1 P,712,133,3.25,3.0,5.2,1.7,61.8,-8.1,4.5,40.6
DIS,2+ P,197,57,2.5,2.25,8.5,5.6,60.4,19.3,1.8,50.9
DIS,"2+ P, Tief>=2",137,43,1.75,1.75,17.4,10.9,62.8,33.2,7.0,53.5
DIS,"2+ P, Tief>=2, RSI<50",99,32,2.5,2.5,10.8,3.0,60.6,26.9,3.1,59.4
DIS,"alt: Tief>=2, RSI<50",355,93,3.25,3.0,5.7,2.8,62.0,-13.5,4.3,44.1
DTE.DE,0 P,361,67,3.75,3.75,-2.0,0.8,60.4,10.2,0.0,62.7
DTE.DE,1 P,682,130,3.5,3.5,-0.2,0.6,61.1,4.4,3.8,59.2
DTE.DE,2+ P,135,34,2.5,2.5,1.5,1.5,63.0,0.9,0.0,52.9
DTE.DE,"2+ P, Tief>=2",105,29,2.75,2.5,6.4,1.9,61.0,3.1,0.0,55.2
DTE.DE,"2+ P, Tief>=2, RSI<50",84,21,2.5,2.5,9.6,2.4,60.7,4.1,0.0,57.1
DTE.DE,"alt: Tief>=2, RSI<50",390,74,3.25,3.25,3.6,1.0,63.3,11.4,2.7,56.8
DTG.DE,0 P,29,87,2.75,3.0,-5.5,0.0,69.0,29.9,4.6,63.2
DTG.DE,1 P,51,125,3.25,2.75,8.7,2.0,62.7,-1.8,4.0,53.6
DTG.DE,2+ P,1,39,2.5,,,,,,,
DTG.DE,"2+ P, Tief>=2",0,29,2.5,,,,,,,
DTG.DE,"2+ P, Tief>=2, RSI<50",0,23,3.5,,,,,,,
DTG.DE,"alt: Tief>=2, RSI<50",36,78,2.75,2.0,5.2,16.7,63.9,17.1,21.8,48.7
DUK,0 P,339,75,3.5,3.25,-0.7,0.3,60.2,-5.6,0.0,53.3
DUK,1 P,610,136,2.75,2.75,-0.7,1.0,62.5,0.7,0.7,59.6
DUK,2+ P,191,38,1.75,2.0,14.4,1.6,61.3,17.2,0.0,73.7
DUK,"2+ P, Tief>=2",137,30,1.75,1.75,16.9,1.5,63.5,28.3,3.3,70.0
DUK,"2+ P, Tief>=2, RSI<50",113,28,1.75,1.75,15.8,1.8,61.1,24.7,3.6,67.9
DUK,"alt: Tief>=2, RSI<50",326,81,2.25,2.25,5.1,2.8,60.4,25.6,2.5,65.4
DXCM,0 P,306,71,3.25,3.0,17.5,3.3,62.1,-4.6,1.4,47.9
DXCM,1 P,628,135,2.5,2.5,19.0,3.2,62.9,-3.5,6.7,55.6
DXCM,2+ P,174,50,2.0,0.75,59.4,21.3,60.3,-26.1,34.0,30.0
DXCM,"2+ P, Tief>=2",128,41,2.0,1.0,60.3,18.8,60.9,-11.0,22.0,36.6
DXCM,"2+ P, Tief>=2, RSI<50",85,34,2.5,1.25,74.1,18.8,61.2,-14.6,20.6,26.5
DXCM,"alt: Tief>=2, RSI<50",289,105,3.0,2.25,36.9,6.6,60.6,7.3,8.6,47.6
EMR,0 P,395,87,3.75,3.75,1.8,0.3,61.8,12.3,2.3,54.0
EMR,1 P,685,141,3.0,3.0,-1.1,0.1,60.0,15.3,1.4,66.7
EMR,2+ P,193,37,2.0,2.25,9.8,2.1,61.7,23.0,0.0,64.9
EMR,"2+ P, Tief>=2",134,29,2.25,2.75,7.0,2.2,61.2,21.4,0.0,75.9
EMR,"2+ P, Tief>=2, RSI<50",110,26,2.25,2.75,7.9,2.7,60.9,27.0,0.0,80.8
EMR,"alt: Tief>=2, RSI<50",359,92,3.0,3.0,3.3,0.6,60.4,14.0,0.0,71.7
ENB,0 P,367,70,3.5,3.25,4.3,0.8,61.0,-1.5,2.9,51.4
ENB,1 P,714,143,2.75,2.5,7.0,2.1,60.1,-3.5,4.9,55.9
ENB,2+ P,165,31,2.75,3.0,0.8,1.2,63.6,-3.7,0.0,74.2
ENB,"2+ P, Tief>=2",103,16,3.0,3.25,-3.4,0.0,62.1,-11.0,0.0,100.0
ENB,"2+ P, Tief>=2, RSI<50",85,15,2.25,3.0,-3.1,1.2,61.2,-11.7,0.0,93.3
ENB,"alt: Tief>=2, RSI<50",325,62,2.75,2.75,7.5,1.2,62.2,-4.5,1.6,61.3
ENR.DE,0 P,36,72,2.75,,,,,,,
ENR.DE,1 P,86,151,3.25,,,,,,,
ENR.DE,2+ P,31,39,3.0,3.75,-5.0,0.0,71.0,16.6,2.6,74.4
ENR.DE,"2+ P, Tief>=2",25,22,3.75,3.75,-18.0,0.0,72.0,8.2,4.5,59.1
ENR.DE,"2+ P, Tief>=2, RSI<50",20,18,4.0,3.75,-16.9,0.0,65.0,11.1,5.6,50.0
ENR.DE,"alt: Tief>=2, RSI<50",67,44,,,,,,,,
EOAN.DE,0 P,338,72,3.75,4.0,-2.9,0.6,62.1,10.0,1.4,77.8
EOAN.DE,1 P,691,139,3.0,3.25,3.2,0.7,61.1,10.0,0.7,71.9
EOAN.DE,2+ P,159,24,2.75,3.0,-2.6,2.5,61.6,34.7,0.0,70.8
EOAN.DE,"2+ P, Tief>=2",134,14,2.75,2.5,-4.3,3.0,60.4,7.4,0.0,42.9
EOAN.DE,"2+ P, Tief>=2, RSI<50",108,12,3.0,2.75,-8.7,3.7,60.2,7.2,0.0,50.0
EOAN.DE,"alt: Tief>=2, RSI<50",463,50,3.0,3.0,-3.8,2.4,60.5,17.2,2.0,68.0
EQIX,0 P,354,81,3.5,3.75,9.1,2.3,63.0,4.4,3.7,71.6
EQIX,1 P,642,141,2.75,2.75,10.9,0.9,61.5,4.0,5.0,59.6
EQIX,2+ P,195,40,2.25,2.5,9.3,2.6,61.0,16.9,0.0,67.5
EQIX,"2+ P, Tief>=2",113,22,2.5,2.75,10.8,0.0,61.1,24.4,0.0,68.2
EQIX,"2+ P, Tief>=2, RSI<50",86,18,3.25,3.5,11.0,0.0,65.1,22.2,0.0,72.2
EQIX,"alt: Tief>=2, RSI<50",258,46,3.5,3.5,14.2,0.4,62.4,7.1,0.0,58.7
EQNR,0 P,570,108,,4.0,0.7,0.7,60.2,-15.8,0.0,51.9
EQNR,1 P,755,185,3.5,3.25,1.3,1.3,60.8,-4.6,0.0,53.5
EQNR,2+ P,181,34,,,,,,,,
EQNR,"2+ P, Tief>=2",130,28,3.5,,,,,,,
EQNR,"2+ P, Tief>=2, RSI<50",120,24,,,,,,,,
EQNR,"alt: Tief>=2, RSI<50",489,114,,,,,,,,
ETN,0 P,354,85,3.5,3.75,6.0,0.6,62.4,11.4,3.5,72.9
ETN,1 P,706,152,3.0,3.0,6.4,0.8,61.8,-2.7,3.3,63.2
ETN,2+ P,193,34,2.5,2.5,9.6,0.5,62.2,8.1,2.9,61.8
ETN,"2+ P, Tief>=2",130,26,2.5,2.25,12.0,0.8,60.8,-2.7,3.8,50.0
ETN,"2+ P, Tief>=2, RSI<50",102,19,2.5,2.5,13.0,1.0,63.7,-4.3,0.0,52.6
ETN,"alt: Tief>=2, RSI<50",314,71,3.0,3.0,5.9,1.6,61.8,-6.4,4.2,57.7
EXC,0 P,322,79,3.5,3.75,6.5,1.6,61.8,-1.8,0.0,65.8
EXC,1 P,624,123,3.25,3.25,2.3,1.4,62.2,-1.2,0.8,61.0
EXC,2+ P,187,39,2.5,2.75,-8.6,2.1,63.6,23.4,0.0,84.6
EXC,"2+ P, Tief>=2",124,28,1.75,2.25,-4.5,2.4,62.1,41.8,0.0,85.7
EXC,"2+ P, Tief>=2, RSI<50",98,23,1.75,2.25,-1.0,2.0,63.3,52.8,0.0,87.0
EXC,"alt: Tief>=2, RSI<50",370,79,2.5,2.75,14.0,2.4,61.9,20.8,1.3,87.3
FANG,0 P,228,88,3.0,3.0,0.6,2.2,63.2,-4.3,0.0,64.8
FANG,1 P,407,145,2.5,2.5,-0.3,1.2,62.4,-5.4,1.4,57.2
FANG,2+ P,146,37,2.25,2.5,2.5,2.1,63.7,3.6,0.0,62.2
FANG,"2+ P, Tief>=2",98,29,2.5,2.5,7.1,0.0,62.2,1.9,0.0,58.6
FANG,"2+ P, Tief>=2, RSI<50",79,23,2.75,2.75,2.2,0.0,65.8,5.5,0.0,65.2
FANG,"alt: Tief>=2, RSI<50",211,104,2.75,3.0,6.7,0.0,61.1,-1.9,0.0,71.2
FAST,0 P,371,78,3.25,3.5,6.3,1.3,62.0,18.0,2.6,80.8
FAST,1 P,654,152,2.75,3.25,-1.2,1.1,60.9,8.2,0.7,86.2
FAST,2+ P,183,37,2.0,2.25,18.4,2.7,62.8,2.1,2.7,75.7
FAST,"2+ P, Tief>=2",134,24,2.25,2.5,8.7,0.7,64.2,-6.9,4.2,70.8
FAST,"2+ P, Tief>=2, RSI<50",97,22,2.5,2.75,7.0,1.0,63.9,-9.3,4.5,68.2
FAST,"alt: Tief>=2, RSI<50",365,56,2.75,2.75,10.1,2.7,61.4,3.2,3.6,67.9
FDX,0 P,388,84,3.5,4.0,3.7,1.0,60.8,8.0,1.2,73.8
FDX,1 P,654,148,2.75,3.0,4.3,0.6,61.9,-1.8,4.7,64.9
FDX,2+ P,154,23,2.0,2.0,8.4,1.9,61.7,9.4,21.7,60.9
FDX,"2+ P, Tief>=2",94,13,2.25,2.25,8.6,1.1,61.7,8.5,15.4,69.2
FDX,"2+ P, Tief>=2, RSI<50",75,9,2.25,2.0,13.9,2.7,61.3,,,
FDX,"alt: Tief>=2, RSI<50",311,75,2.75,3.0,2.6,0.3,62.7,-1.0,10.7,65.3
FRE.DE,0 P,325,60,3.75,3.75,5.2,0.3,62.2,13.2,1.7,60.0
FRE.DE,1 P,643,133,3.0,3.25,0.8,0.8,61.7,11.2,1.5,69.9
FRE.DE,2+ P,228,37,2.5,2.5,0.7,5.7,60.5,9.1,5.4,70.3
FRE.DE,"2+ P, Tief>=2",145,27,3.0,3.5,5.8,0.0,60.0,13.6,0.0,74.1
FRE.DE,"2+ P, Tief>=2, RSI<50",108,23,4.0,,,,,,,
FRE.DE,"alt: Tief>=2, RSI<50",312,64,4.0,,,,,,,
FTNT,0 P,272,83,2.75,2.75,13.7,2.6,63.2,9.8,6.0,51.8
FTNT,1 P,516,126,2.75,2.5,5.3,3.5,60.7,9.5,8.7,53.2
FTNT,2+ P,148,51,1.75,1.75,18.3,9.5,60.8,15.4,7.8,58.8
FTNT,"2+ P, Tief>=2",96,34,2.0,2.0,18.8,8.3,60.4,-6.8,8.8,61.8
FTNT,"2+ P, Tief>=2, RSI<50",81,29,2.0,2.25,19.2,7.4,61.7,-14.0,10.3,65.5
FTNT,"alt: Tief>=2, RSI<50",222,70,2.5,2.25,19.6,8.6,60.4,-4.1,12.9,54.3
GD,0 P,344,76,3.25,3.25,8.0,1.5,61.3,9.8,1.3,69.7
GD,1 P,653,127,2.25,2.25,3.2,4.1,60.2,2.9,4.7,67.7
GD,2+ P,233,52,1.75,1.5,19.7,4.7,60.5,8.5,1.9,53.8
GD,"2+ P, Tief>=2",162,41,1.5,1.5,28.6,4.9,64.2,12.2,2.4,53.7
GD,"2+ P, Tief>=2, RSI<50",116,29,1.75,1.75,37.4,3.4,64.7,16.3,0.0,58.6
GD,"alt: Tief>=2, RSI<50",329,69,2.25,2.0,25.7,7.3,60.5,7.9,1.4,47.8
GE,0 P,369,84,3.75,,,,,,,
GE,1 P,606,151,3.0,3.5,2.5,1.0,61.1,23.4,0.7,80.1
GE,2+ P,204,16,3.25,3.75,-1.0,0.0,62.7,40.3,0.0,100.0
GE,"2+ P, Tief>=2",148,12,3.5,3.75,-2.4,0.0,62.8,50.7,0.0,100.0
GE,"2+ P, Tief>=2, RSI<50",117,6,3.75,3.75,-3.3,0.0,60.7,,,
GE,"alt: Tief>=2, RSI<50",378,40,3.5,3.75,0.0,0.3,60.6,31.0,0.0,90.0
GEHC,0 P,0,72,3.25,,,,,,,
GEHC,1 P,0,140,3.25,,,,,,,
GEHC,2+ P,0,42,,,,,,,,
GEHC,"2+ P, Tief>=2",0,25,,,,,,,,
GEHC,"2+ P, Tief>=2, RSI<50",0,19,,,,,,,,
GEHC,"alt: Tief>=2, RSI<50",0,74,,,,,,,,
GEV,0 P,0,30,2.5,,,,,,,
GEV,1 P,0,112,1.75,,,,,,,
GEV,2+ P,0,19,1.5,,,,,,,
GEV,"2+ P, Tief>=2",0,12,0.75,,,,,,,
GEV,"2+ P, Tief>=2, RSI<50",0,4,,,,,,,,
GEV,"alt: Tief>=2, RSI<50",0,20,1.75,,,,,,,
GFS,0 P,28,84,,4.0,-10.1,0.0,67.9,-1.8,0.0,57.1
GFS,1 P,37,134,3.75,2.5,-17.9,10.8,62.2,-10.0,3.7,33.6
GFS,2+ P,10,42,1.75,2.5,4.3,0.0,70.0,10.9,0.0,76.2
GFS,"2+ P, Tief>=2",6,37,1.75,,,,,,,
GFS,"2+ P, Tief>=2, RSI<50",5,26,1.75,,,,,,,
GFS,"alt: Tief>=2, RSI<50",22,108,3.0,2.5,-0.4,0.0,72.7,11.5,5.6,52.8
GILD,0 P,335,79,3.0,3.0,-0.2,3.9,60.0,6.8,2.5,68.4
GILD,1 P,666,116,2.5,2.75,5.5,1.5,61.9,6.8,0.0,70.7
GILD,2+ P,172,39,2.25,2.5,-5.6,4.1,60.5,1.4,0.0,84.6
GILD,"2+ P, Tief>=2",118,29,2.25,2.75,-6.1,5.1,61.9,-8.5,0.0,86.2
GILD,"2+ P, Tief>=2, RSI<50",97,18,2.5,3.0,-6.6,5.2,63.9,-6.3,0.0,77.8
GILD,"alt: Tief>=2, RSI<50",337,66,2.5,2.75,4.8,6.2,61.1,-5.2,0.0,74.2
GLW,0 P,357,85,3.75,3.75,0.7,2.5,61.1,33.5,2.4,60.0
GLW,1 P,651,125,3.25,3.25,1.0,2.0,60.2,28.5,0.8,68.0
GLW,2+ P,172,36,2.5,2.75,-2.6,1.2,62.2,47.9,0.0,75.0
GLW,"2+ P, Tief>=2",110,22,2.0,2.25,0.6,3.6,60.9,68.6,0.0,72.7
GLW,"2+ P, Tief>=2, RSI<50",87,16,2.25,2.5,-3.1,2.3,60.9,63.4,0.0,87.5
GLW,"alt: Tief>=2, RSI<50",354,56,3.25,3.0,-0.8,2.3,60.5,11.0,0.0,55.4
GM,0 P,265,86,,,,,,,,
GM,1 P,468,154,3.25,3.75,0.4,0.0,62.6,4.3,0.0,76.0
GM,2+ P,122,40,3.25,3.5,-10.7,0.0,60.7,-10.3,0.0,75.0
GM,"2+ P, Tief>=2",92,22,3.5,3.75,-13.7,0.0,63.0,-5.2,0.0,81.8
GM,"2+ P, Tief>=2, RSI<50",73,14,3.75,3.75,-13.8,0.0,60.3,-12.3,0.0,71.4
GM,"alt: Tief>=2, RSI<50",307,74,3.75,3.75,2.5,0.0,60.3,9.7,0.0,74.3
GOOG,0 P,392,94,3.75,3.75,8.5,1.0,61.0,9.4,0.0,70.2
GOOG,1 P,658,143,2.75,2.75,13.4,2.4,61.4,18.1,0.0,72.0
GOOG,2+ P,148,33,1.75,1.75,14.0,2.0,62.8,4.5,6.1,66.7
GOOG,"2+ P, Tief>=2",110,28,1.5,1.0,29.7,11.8,60.0,9.1,21.4,50.0
GOOG,"2+ P, Tief>=2, RSI<50",89,21,1.75,1.5,25.1,3.4,60.7,0.3,14.3,42.9
GOOG,"alt: Tief>=2, RSI<50",326,52,2.75,3.0,9.1,2.8,62.0,19.4,1.9,67.3
GOOGL,0 P,399,93,3.5,3.75,5.8,0.8,61.9,8.8,0.0,68.8
GOOGL,1 P,684,149,2.5,2.75,13.8,2.2,62.1,15.5,0.7,70.5
GOOGL,2+ P,138,32,1.75,2.0,9.3,2.2,60.9,8.7,3.1,71.9
GOOGL,"2+ P, Tief>=2",99,25,1.5,1.5,19.2,3.0,63.6,-4.3,16.0,72.0
GOOGL,"2+ P, Tief>=2, RSI<50",78,18,2.25,2.25,18.8,2.6,60.3,-10.8,5.6,61.1
GOOGL,"alt: Tief>=2, RSI<50",320,51,3.0,3.0,14.7,3.1,62.2,8.1,2.0,68.6
GS,0 P,397,90,3.5,3.75,4.2,0.8,60.2,24.9,0.0,71.1
GS,1 P,653,130,2.75,3.0,9.1,1.2,60.5,21.0,0.0,76.9
GS,2+ P,171,35,2.5,2.5,8.4,4.7,60.2,75.0,0.0,71.4
GS,"2+ P, Tief>=2",131,22,2.25,2.5,3.1,6.1,61.8,102.0,0.0,86.4
GS,"2+ P, Tief>=2, RSI<50",104,13,2.5,2.75,2.3,5.8,62.5,125.9,0.0,92.3
GS,"alt: Tief>=2, RSI<50",385,39,3.5,3.5,1.3,0.8,62.3,62.9,0.0,82.1
GSK,0 P,568,76,,,,,,,,
GSK,1 P,789,169,3.75,3.75,-1.2,0.5,60.6,3.3,0.6,67.5
GSK,2+ P,193,42,3.0,,,,,,,
GSK,"2+ P, Tief>=2",136,31,3.0,,,,,,,
GSK,"2+ P, Tief>=2, RSI<50",111,24,2.75,,,,,,,
GSK,"alt: Tief>=2, RSI<50",457,84,,,,,,,,
HD,0 P,364,75,3.5,3.5,12.5,0.5,62.4,9.6,1.3,58.7
HD,1 P,661,136,3.25,3.25,11.1,1.4,63.4,0.4,1.5,50.7
HD,2+ P,161,53,3.0,2.75,5.2,0.6,60.9,12.6,0.0,49.1
HD,"2+ P, Tief>=2",111,41,3.0,2.0,4.0,3.6,60.4,19.1,4.9,34.1
HD,"2+ P, Tief>=2, RSI<50",86,34,3.0,2.75,2.3,0.0,60.5,20.6,0.0,44.1
HD,"alt: Tief>=2, RSI<50",277,88,3.0,3.0,4.1,0.7,61.7,-0.9,1.1,55.7
HDB,0 P,404,77,,,,,,,,
HDB,1 P,640,165,3.25,2.75,7.2,0.9,60.6,-7.5,2.4,46.7
HDB,2+ P,253,56,2.5,2.5,7.3,1.2,60.1,4.1,0.0,62.5
HDB,"2+ P, Tief>=2",190,37,2.75,2.75,7.8,1.1,62.6,7.4,0.0,75.7
HDB,"2+ P, Tief>=2, RSI<50",149,34,2.75,2.75,6.2,1.3,61.1,7.9,0.0,76.5
HDB,"alt: Tief>=2, RSI<50",390,114,3.25,3.0,8.2,1.5,60.5,-6.7,0.0,57.0
HEI.DE,0 P,369,70,4.0,4.0,-0.5,0.0,60.2,5.9,0.0,71.4
HEI.DE,1 P,625,164,3.25,3.5,2.9,0.2,61.9,12.3,0.6,73.2
HEI.DE,2+ P,223,27,3.0,3.25,-1.5,0.9,61.4,1.7,0.0,96.3
HEI.DE,"2+ P, Tief>=2",160,17,3.25,3.75,-5.2,0.0,61.3,-3.3,0.0,100.0
HEI.DE,"2+ P, Tief>=2, RSI<50",133,11,3.5,3.75,-4.2,0.0,61.7,0.8,0.0,100.0
HEI.DE,"alt: Tief>=2, RSI<50",390,45,3.5,3.75,-2.8,0.3,62.1,21.5,0.0,80.0
HEN3.DE,0 P,353,81,3.75,3.5,2.5,2.8,60.1,8.5,0.0,56.8
HEN3.DE,1 P,708,121,3.5,3.5,-4.0,0.8,60.9,14.5,0.0,62.8
HEN3.DE,2+ P,164,38,2.75,2.75,1.3,2.4,61.0,-22.1,2.6,68.4
HEN3.DE,"2+ P, Tief>=2",119,26,2.75,2.5,4.1,4.2,61.3,-34.7,7.7,42.3
HEN3.DE,"2+ P, Tief>=2, RSI<50",88,22,2.75,2.75,4.9,4.5,61.4,-37.3,4.5,54.5
HEN3.DE,"alt: Tief>=2, RSI<50",368,77,3.0,3.0,5.8,4.3,60.1,4.3,2.6,59.7
HNR1.DE,0 P,378,61,3.25,3.25,6.3,1.9,61.9,1.5,0.0,50.8
HNR1.DE,1 P,685,134,2.75,2.75,1.3,3.1,60.1,3.1,0.0,59.7
HNR1.DE,2+ P,135,35,1.75,1.75,5.0,5.2,60.7,11.8,2.9,57.1
HNR1.DE,"2+ P, Tief>=2",92,29,1.75,2.0,1.4,4.3,63.0,12.5,0.0,62.1
HNR1.DE,"2+ P, Tief>=2, RSI<50",67,20,2.75,2.75,0.3,6.0,67.2,18.5,0.0,65.0
HNR1.DE,"alt: Tief>=2, RSI<50",298,65,2.5,2.5,1.8,5.4,60.1,15.7,0.0,61.5
HON,0 P,400,65,3.25,3.0,6.0,1.2,61.8,-21.5,9.2,35.4
HON,1 P,690,147,2.5,2.5,5.6,1.9,61.7,-2.0,2.7,53.7
HON,2+ P,197,48,1.75,1.75,18.9,7.6,62.4,7.0,4.2,54.2
HON,"2+ P, Tief>=2",133,35,2.0,1.75,13.8,9.0,62.4,1.9,5.7,42.9
HON,"2+ P, Tief>=2, RSI<50",103,31,3.0,2.25,13.7,4.9,61.2,1.5,3.2,45.2
HON,"alt: Tief>=2, RSI<50",304,68,3.0,3.0,12.1,1.6,60.9,0.2,0.0,58.8
HSBC,0 P,700,127,,,,,,,,
HSBC,1 P,763,188,4.0,,,,,,,
HSBC,2+ P,186,23,3.25,3.5,2.8,0.0,60.2,22.5,0.0,78.3
HSBC,"2+ P, Tief>=2",143,15,4.0,,,,,,,
HSBC,"2+ P, Tief>=2, RSI<50",121,11,4.0,,,,,,,
HSBC,"alt: Tief>=2, RSI<50",585,53,,,,,,,,
IBM,0 P,387,74,,,,,,,,
IBM,1 P,631,119,3.5,3.5,7.2,2.5,61.2,10.0,3.4,58.8
IBM,2+ P,198,58,3.0,3.25,3.2,3.0,60.1,18.8,3.4,81.0
IBM,"2+ P, Tief>=2",141,35,3.0,3.5,4.6,1.4,61.0,47.0,0.0,91.4
IBM,"2+ P, Tief>=2, RSI<50",102,27,3.0,3.25,9.1,1.0,60.8,54.9,0.0,85.2
IBM,"alt: Tief>=2, RSI<50",375,57,3.25,3.5,10.2,2.1,62.7,32.2,0.0,73.7
IBN,0 P,465,100,4.0,,,,,,,
IBN,1 P,685,165,3.25,3.5,6.3,0.4,61.6,-0.5,0.6,66.7
IBN,2+ P,196,33,2.75,3.0,5.3,0.5,61.7,7.4,0.0,72.7
IBN,"2+ P, Tief>=2",145,27,2.75,3.0,4.3,0.7,62.1,8.4,0.0,77.8
IBN,"2+ P, Tief>=2, RSI<50",118,21,2.5,3.0,7.6,0.8,62.7,20.8,0.0,85.7
IBN,"alt: Tief>=2, RSI<50",435,92,3.5,3.75,9.5,0.2,61.6,13.8,0.0,67.4
IDXX,0 P,332,66,3.0,3.0,18.7,1.8,63.0,-6.7,3.0,53.0
IDXX,1 P,716,139,2.25,2.0,23.8,6.7,62.4,-10.1,5.8,43.9
IDXX,2+ P,167,55,2.5,2.0,18.8,3.0,62.3,-24.8,9.1,36.4
IDXX,"2+ P, Tief>=2",95,32,2.5,2.0,17.6,3.2,60.0,-13.6,0.0,40.6
IDXX,"2+ P, Tief>=2, RSI<50",75,26,2.5,1.75,26.3,4.0,60.0,-16.6,3.8,19.2
IDXX,"alt: Tief>=2, RSI<50",267,84,2.5,2.25,20.2,6.4,63.3,-16.8,4.8,36.9
IFX.DE,0 P,343,84,3.25,3.25,13.8,0.6,63.8,12.0,1.2,50.0
IFX.DE,1 P,629,144,2.5,2.25,15.1,2.7,61.0,-0.3,2.8,54.9
IFX.DE,2+ P,164,43,3.5,3.5,3.8,0.0,61.0,24.2,0.0,67.4
IFX.DE,"2+ P, Tief>=2",120,34,3.75,3.75,1.4,0.0,61.7,24.9,0.0,73.5
IFX.DE,"2+ P, Tief>=2, RSI<50",98,32,3.75,4.0,0.8,0.0,61.2,17.3,0.0,71.9
IFX.DE,"alt: Tief>=2, RSI<50",325,91,3.25,3.5,8.5,0.3,62.2,25.5,0.0,65.9
ILMN,0 P,307,72,3.25,3.0,3.6,2.6,60.6,-4.2,2.8,55.6
ILMN,1 P,620,117,2.75,2.5,9.4,6.3,61.0,-7.2,2.6,48.7
ILMN,2+ P,221,78,2.0,1.75,12.9,9.0,60.6,20.6,5.1,53.8
ILMN,"2+ P, Tief>=2",151,59,1.25,1.25,24.0,13.9,61.6,36.6,10.2,62.7
ILMN,"2+ P, Tief>=2, RSI<50",103,49,2.0,2.0,15.7,9.7,61.2,27.9,6.1,59.2
ILMN,"alt: Tief>=2, RSI<50",294,82,3.0,2.5,8.9,6.1,60.9,5.6,3.7,48.8
ING,0 P,581,119,,,,,,,,
ING,1 P,732,171,,,,,,,,
ING,2+ P,219,37,2.75,3.75,4.5,0.0,60.3,36.2,0.0,86.5
ING,"2+ P, Tief>=2",177,24,3.25,4.0,1.1,0.0,60.5,26.0,0.0,83.3
ING,"2+ P, Tief>=2, RSI<50",154,21,3.0,4.0,1.8,0.0,61.0,26.2,0.0,81.0
ING,"alt: Tief>=2, RSI<50",531,83,,,,,,,,
INTC,0 P,375,80,,,,,,,,
INTC,1 P,636,118,3.25,3.5,4.9,1.3,61.3,18.1,0.0,73.7
INTC,2+ P,214,69,2.25,2.25,5.5,3.3,60.3,36.7,4.3,68.1
INTC,"2+ P, Tief>=2",146,43,2.0,2.25,1.1,2.7,60.3,32.7,0.0,79.1
INTC,"2+ P, Tief>=2, RSI<50",107,32,2.25,2.75,3.7,0.9,61.7,32.2,0.0,75.0
INTC,"alt: Tief>=2, RSI<50",348,77,3.25,3.25,8.1,4.3,60.3,29.6,0.0,74.0
INTU,0 P,385,63,2.75,2.5,14.4,3.1,60.5,10.3,3.2,47.6
INTU,1 P,685,156,2.25,2.0,13.2,5.4,61.0,-4.5,7.7,51.9
INTU,2+ P,127,56,2.0,1.5,26.1,8.7,60.6,28.7,10.7,46.4
INTU,"2+ P, Tief>=2",87,36,1.75,1.25,33.4,6.9,60.9,33.1,11.1,30.6
INTU,"2+ P, Tief>=2, RSI<50",53,31,2.25,1.25,45.4,11.3,60.4,40.5,12.9,29.0
INTU,"alt: Tief>=2, RSI<50",293,86,2.25,1.75,39.1,6.8,62.5,1.1,8.1,34.9
ISRG,0 P,366,89,3.5,3.5,15.1,1.1,63.1,2.3,1.1,52.8
ISRG,1 P,630,129,2.5,2.5,8.4,2.5,61.1,5.9,2.3,55.0
ISRG,2+ P,179,51,2.0,1.75,9.7,5.6,62.6,11.0,7.8,41.2
ISRG,"2+ P, Tief>=2",142,41,2.0,1.75,11.8,6.3,62.7,4.2,9.8,39.0
ISRG,"2+ P, Tief>=2, RSI<50",104,32,2.25,1.75,12.0,6.7,60.6,8.2,12.5,34.4
ISRG,"alt: Tief>=2, RSI<50",348,90,3.0,2.75,7.8,0.9,64.1,-4.1,3.3,41.1
JNJ,0 P,379,94,3.75,3.5,1.0,1.8,60.4,2.8,0.0,55.3
JNJ,1 P,673,125,3.25,3.25,5.4,1.2,61.2,0.8,0.0,64.0
JNJ,2+ P,172,33,1.5,1.5,22.4,2.9,63.4,-25.5,18.2,57.6
JNJ,"2+ P, Tief>=2",122,29,1.5,1.5,19.2,4.1,61.5,-22.9,17.2,58.6
JNJ,"2+ P, Tief>=2, RSI<50",94,25,1.75,1.5,27.9,5.3,60.6,-25.4,20.0,52.0
JNJ,"alt: Tief>=2, RSI<50",355,86,2.75,2.5,9.9,0.8,61.1,-11.1,1.2,45.3
JPM,0 P,457,78,3.5,3.5,5.7,0.4,60.2,19.2,1.3,71.8
JPM,1 P,670,143,2.5,2.75,2.8,1.2,61.0,14.2,1.4,73.4
JPM,2+ P,158,36,1.75,1.75,-5.1,2.5,61.4,76.2,0.0,69.4
JPM,"2+ P, Tief>=2",115,24,1.75,1.75,-7.5,1.7,63.5,74.0,0.0,62.5
JPM,"2+ P, Tief>=2, RSI<50",89,17,1.75,1.75,-9.1,2.2,61.8,106.5,0.0,64.7
JPM,"alt: Tief>=2, RSI<50",337,53,2.25,2.25,10.0,4.5,61.7,45.2,1.9,64.2
KDP,0 P,349,55,3.25,3.0,11.1,1.7,63.3,-10.1,7.3,36.4
KDP,1 P,544,131,3.0,2.75,5.6,3.5,62.1,-8.0,5.3,42.0
KDP,2+ P,154,49,1.75,1.5,20.3,7.8,63.6,5.1,22.4,46.9
KDP,"2+ P, Tief>=2",82,37,2.0,1.5,21.4,4.9,61.0,12.7,27.0,45.9
KDP,"2+ P, Tief>=2, RSI<50",60,36,2.0,1.5,29.3,6.7,61.7,12.2,27.8,44.4
KDP,"alt: Tief>=2, RSI<50",210,80,2.25,2.0,29.2,5.7,62.4,0.6,5.0,46.2
KHC,0 P,163,72,,,,,,,,
KHC,1 P,272,133,,,,,,,,
KHC,2+ P,92,34,,,,,,,,
KHC,"2+ P, Tief>=2",77,29,,,,,,,,
KHC,"2+ P, Tief>=2, RSI<50",66,26,,,,,,,,
KHC,"alt: Tief>=2, RSI<50",175,112,,,,,,,,
KLAC,0 P,356,98,3.25,3.5,7.2,1.1,62.9,11.2,0.0,74.5
KLAC,1 P,675,146,2.5,2.5,9.2,2.8,61.0,7.2,0.7,68.5
KLAC,2+ P,189,39,2.0,2.75,9.5,1.1,61.9,28.3,0.0,89.7
KLAC,"2+ P, Tief>=2",119,20,1.75,2.0,24.1,4.2,63.0,39.0,0.0,85.0
KLAC,"2+ P, Tief>=2, RSI<50",92,11,2.75,3.0,22.0,0.0,63.0,37.9,0.0,81.8
KLAC,"alt: Tief>=2, RSI<50",327,49,2.5,2.75,18.7,0.9,63.3,28.9,0.0,75.5
KO,0 P,369,87,3.0,3.25,6.0,2.4,61.8,1.5,0.0,72.4
KO,1 P,664,140,2.75,3.0,-0.6,0.9,63.3,3.8,0.7,70.0
KO,2+ P,164,29,1.5,1.75,24.3,1.2,64.0,35.0,3.4,72.4
KO,"2+ P, Tief>=2",132,26,1.25,1.5,23.2,3.8,62.1,42.2,3.8,73.1
KO,"2+ P, Tief>=2, RSI<50",98,21,1.25,1.5,32.6,5.1,63.3,48.4,4.8,66.7
KO,"alt: Tief>=2, RSI<50",331,79,2.25,2.5,7.0,1.8,64.7,23.7,1.3,65.8
LIN,0 P,438,98,3.0,3.0,3.0,2.5,60.0,-1.4,4.1,65.3
LIN,1 P,688,167,2.0,2.0,-2.1,5.7,60.6,-8.7,3.6,57.5
LIN,2+ P,180,31,1.5,1.5,6.7,6.7,61.7,4.9,22.6,58.1
LIN,"2+ P, Tief>=2",119,21,1.5,1.5,3.8,6.7,62.2,5.9,28.6,57.1
LIN,"2+ P, Tief>=2, RSI<50",85,16,1.5,1.25,8.9,10.6,60.0,5.5,37.5,43.8
LIN,"alt: Tief>=2, RSI<50",289,68,2.0,2.0,5.2,5.9,66.1,-3.1,11.8,51.5
LLY,0 P,376,72,3.25,3.5,9.0,1.1,64.1,20.1,5.6,63.9
LLY,1 P,655,141,2.5,2.5,15.9,3.8,62.0,25.0,2.1,68.1
LLY,2+ P,165,24,1.0,1.0,38.9,7.3,61.8,27.3,16.7,54.2
LLY,"2+ P, Tief>=2",106,17,1.0,1.0,45.6,8.5,64.2,46.2,11.8,47.1
LLY,"2+ P, Tief>=2, RSI<50",74,13,1.5,1.25,53.2,9.5,60.8,43.9,7.7,53.8
LLY,"alt: Tief>=2, RSI<50",292,59,2.75,2.75,4.6,1.4,63.4,17.8,10.2,62.7
LMT,0 P,361,56,3.75,3.5,-0.7,1.4,61.8,16.1,1.8,35.7
LMT,1 P,721,143,3.0,3.0,5.7,1.1,61.9,-6.2,5.6,51.7
LMT,2+ P,128,47,2.25,2.5,5.0,1.6,60.2,17.8,0.0,74.5
LMT,"2+ P, Tief>=2",96,34,2.25,2.75,1.2,2.1,60.4,24.2,0.0,79.4
LMT,"2+ P, Tief>=2, RSI<50",83,28,2.25,3.0,1.9,2.4,62.7,15.9,0.0,82.1
LMT,"alt: Tief>=2, RSI<50",260,72,3.25,3.25,0.8,0.8,63.1,11.3,2.8,58.3
LOW,0 P,360,83,,,,,,,,
LOW,1 P,659,142,3.0,2.75,5.9,2.4,60.2,-2.0,0.7,47.9
LOW,2+ P,161,44,3.25,2.5,-1.1,5.0,60.2,-13.9,0.0,38.6
LOW,"2+ P, Tief>=2",107,31,3.25,3.5,-3.8,1.9,61.7,-10.9,0.0,74.2
LOW,"2+ P, Tief>=2, RSI<50",84,21,3.5,4.0,-2.7,0.0,60.7,-17.2,0.0,76.2
LOW,"alt: Tief>=2, RSI<50",331,98,3.5,3.5,-8.1,1.8,61.3,-6.9,0.0,63.3
LRCX,0 P,344,98,3.25,3.25,8.5,1.2,62.2,15.7,0.0,68.4
LRCX,1 P,689,156,2.5,2.75,12.0,1.6,63.6,8.2,1.3,73.7
LRCX,2+ P,180,23,2.5,2.75,0.7,1.1,60.0,35.0,0.0,82.6
LRCX,"2+ P, Tief>=2",140,16,2.25,2.75,4.0,0.7,62.1,41.9,0.0,87.5
LRCX,"2+ P, Tief>=2, RSI<50",101,12,3.0,3.25,-0.7,1.0,60.4,43.5,0.0,91.7
LRCX,"alt: Tief>=2, RSI<50",381,53,3.25,3.5,6.4,0.3,61.9,17.5,0.0,84.9
LULU,0 P,352,87,3.5,3.25,9.9,1.7,60.8,-20.8,8.0,46.0
LULU,1 P,549,116,3.0,2.75,10.6,1.5,61.6,3.3,8.6,49.1
LULU,2+ P,201,58,3.0,2.5,5.1,6.0,62.2,-10.2,3.4,39.7
LULU,"2+ P, Tief>=2",133,51,3.5,2.5,6.1,9.0,60.9,-11.5,3.9,37.3
LULU,"2+ P, Tief>=2, RSI<50",106,42,3.75,2.75,-1.8,8.5,60.4,-9.8,2.4,35.7
LULU,"alt: Tief>=2, RSI<50",297,123,3.5,2.75,4.3,5.1,60.9,-6.2,8.1,42.3
MA,0 P,371,85,2.75,2.25,20.6,4.9,60.4,-19.0,10.6,27.1
MA,1 P,664,149,2.5,2.25,15.3,3.2,60.1,-5.8,6.0,53.0
MA,2+ P,173,46,1.5,1.25,24.9,12.1,60.1,19.7,10.9,47.8
MA,"2+ P, Tief>=2",119,33,1.75,1.5,32.1,7.6,61.3,21.0,12.1,54.5
MA,"2+ P, Tief>=2, RSI<50",88,22,2.0,2.0,34.2,1.1,63.6,19.5,4.5,63.6
MA,"alt: Tief>=2, RSI<50",261,52,2.5,2.25,23.4,1.5,62.5,-6.6,9.6,42.3
MAR,0 P,384,66,3.0,3.0,8.5,1.3,61.2,22.7,0.0,60.6
MAR,1 P,666,143,2.75,2.75,13.8,0.9,60.7,1.0,1.4,60.8
MAR,2+ P,174,31,1.75,2.0,34.7,0.6,62.1,47.4,0.0,90.3
MAR,"2+ P, Tief>=2",121,22,1.5,1.75,48.9,0.0,60.3,61.8,0.0,90.9
MAR,"2+ P, Tief>=2, RSI<50",101,15,1.5,2.0,53.8,0.0,63.4,70.0,0.0,86.7
MAR,"alt: Tief>=2, RSI<50",363,59,2.5,2.5,24.8,1.7,61.7,37.5,0.0,62.7
MBG.DE,0 P,361,91,,,,,,,,
MBG.DE,1 P,690,125,3.5,3.5,-1.0,0.3,61.4,-7.0,0.0,52.8
MBG.DE,2+ P,198,56,3.25,3.0,2.7,0.0,62.1,4.4,0.0,50.0
MBG.DE,"2+ P, Tief>=2",154,43,3.25,3.0,5.9,0.0,61.0,4.2,0.0,48.8
MBG.DE,"2+ P, Tief>=2, RSI<50",120,39,3.75,3.5,3.6,0.0,60.0,5.0,0.0,53.8
MBG.DE,"alt: Tief>=2, RSI<50",411,92,,,,,,,,
MCD,0 P,343,77,3.25,3.0,11.9,2.0,62.1,-12.8,1.3,44.2
MCD,1 P,669,133,2.5,2.5,7.5,2.5,62.6,0.2,0.8,54.9
MCD,2+ P,211,54,1.75,1.25,16.7,7.6,62.6,-29.8,16.7,22.2
MCD,"2+ P, Tief>=2",131,45,2.25,1.25,24.4,8.4,61.1,-27.9,15.6,24.4
MCD,"2+ P, Tief>=2, RSI<50",94,39,2.75,2.0,21.0,5.3,61.7,-19.5,0.0,30.8
MCD,"alt: Tief>=2, RSI<50",254,103,2.75,2.5,12.9,3.5,63.8,-13.1,0.0,42.7
MCHP,0 P,353,89,3.25,2.75,2.8,2.0,60.3,-2.2,3.4,38.2
MCHP,1 P,719,150,3.0,2.5,0.7,2.5,61.9,-7.6,2.0,35.3
MCHP,2+ P,159,47,2.5,2.5,4.0,6.9,60.4,25.3,0.0,66.0
MCHP,"2+ P, Tief>=2",102,40,2.5,2.75,-2.2,6.9,62.7,23.3,0.0,70.0
MCHP,"2+ P, Tief>=2, RSI<50",78,32,2.5,2.75,0.2,9.0,61.5,28.5,0.0,68.8
MCHP,"alt: Tief>=2, RSI<50",284,107,3.0,2.5,15.6,5.3,62.0,-2.3,5.6,36.4
MCK,0 P,360,82,2.75,3.0,7.4,1.1,63.6,5.8,2.4,70.7
MCK,1 P,660,138,2.0,2.25,1.6,4.1,65.0,3.7,6.5,73.2
MCK,2+ P,202,41,2.0,2.0,10.7,5.0,61.9,2.2,12.2,53.7
MCK,"2+ P, Tief>=2",144,22,2.5,2.75,6.5,2.1,65.3,21.9,9.1,72.7
MCK,"2+ P, Tief>=2, RSI<50",106,17,2.75,2.75,10.3,2.8,63.2,14.1,11.8,64.7
MCK,"alt: Tief>=2, RSI<50",309,52,2.5,2.75,13.6,3.6,61.5,25.4,13.5,71.2
MDB,0 P,109,88,3.0,3.5,13.5,0.0,62.4,28.0,2.3,65.9
MDB,1 P,176,138,3.0,3.0,15.3,0.6,63.6,4.2,1.4,61.6
MDB,2+ P,54,53,1.75,1.25,41.0,7.4,63.0,32.7,11.3,54.7
MDB,"2+ P, Tief>=2",35,40,1.75,2.25,19.5,0.0,62.9,19.5,2.5,72.5
MDB,"2+ P, Tief>=2, RSI<50",25,29,2.0,2.25,28.9,0.0,60.0,14.5,3.4,69.0
MDB,"alt: Tief>=2, RSI<50",98,80,2.5,3.0,19.7,0.0,61.2,32.4,1.2,77.5
MDLZ,0 P,376,68,4.0,3.75,3.1,1.6,60.6,-9.5,0.0,52.9
MDLZ,1 P,647,129,3.25,3.25,0.2,0.8,62.0,-5.0,1.6,61.2
MDLZ,2+ P,193,50,3.0,2.25,4.1,1.6,60.6,-18.5,6.0,28.0
MDLZ,"2+ P, Tief>=2",143,36,3.0,2.0,6.3,1.4,61.5,-19.6,11.1,25.0
MDLZ,"2+ P, Tief>=2, RSI<50",106,33,3.5,3.0,5.2,0.0,60.4,-27.9,0.0,33.3
MDLZ,"alt: Tief>=2, RSI<50",314,83,3.0,2.5,10.3,4.8,60.8,-21.3,2.4,34.9
MDT,0 P,406,72,3.75,3.5,2.7,1.5,61.8,-0.5,1.4,36.1
MDT,1 P,659,123,2.75,2.5,3.1,2.4,60.8,-2.8,7.3,52.0
MDT,2+ P,167,46,2.5,2.75,-2.2,1.2,61.1,6.0,0.0,76.1
MDT,"2+ P, Tief>=2",132,40,2.5,2.75,-7.3,1.5,60.6,8.2,0.0,77.5
MDT,"2+ P, Tief>=2, RSI<50",102,30,3.0,3.5,-6.2,2.0,60.8,5.1,0.0,73.3
MDT,"alt: Tief>=2, RSI<50",352,99,2.75,2.5,-1.0,4.0,60.5,3.1,5.1,52.5
MELI,0 P,329,84,3.25,3.25,24.2,0.0,62.6,-14.3,2.4,58.3
MELI,1 P,579,149,3.0,2.75,19.5,0.3,61.7,-0.6,0.7,51.0
MELI,2+ P,169,31,2.25,2.25,19.4,0.6,60.9,35.4,3.2,67.7
MELI,"2+ P, Tief>=2",111,17,2.0,2.5,15.5,0.9,60.4,55.1,0.0,88.2
MELI,"2+ P, Tief>=2, RSI<50",86,10,2.5,2.75,11.6,0.0,61.6,77.6,0.0,90.0
MELI,"alt: Tief>=2, RSI<50",294,76,2.75,2.75,21.7,0.3,61.2,2.9,2.6,57.9
META,0 P,219,94,3.5,3.75,5.0,3.2,61.2,26.9,2.1,67.0
META,1 P,436,150,3.0,3.0,8.3,3.2,61.0,9.5,2.7,67.3
META,2+ P,103,33,2.25,2.25,3.9,2.9,61.2,8.7,12.1,60.6
META,"2+ P, Tief>=2",68,26,2.5,2.25,9.9,1.5,61.8,6.2,15.4,53.8
META,"2+ P, Tief>=2, RSI<50",50,20,2.5,2.25,16.3,2.0,60.0,7.7,20.0,55.0
META,"alt: Tief>=2, RSI<50",171,63,2.5,2.25,25.8,5.3,60.8,12.4,9.5,55.6
MFG,0 P,464,112,,,,,,,,
MFG,1 P,525,129,3.75,4.0,2.0,0.6,60.0,17.7,1.6,75.2
MFG,2+ P,152,26,2.5,3.0,-1.2,0.0,61.2,25.0,0.0,92.3
MFG,"2+ P, Tief>=2",122,11,2.75,3.0,-1.5,0.0,62.3,38.9,0.0,100.0
MFG,"2+ P, Tief>=2, RSI<50",97,8,2.5,2.75,1.3,0.0,63.9,,,
MFG,"alt: Tief>=2, RSI<50",463,37,3.75,4.0,1.1,0.2,63.3,18.6,2.7,86.5
MMM,0 P,403,65,,,,,,,,
MMM,1 P,684,120,3.5,3.75,-1.7,2.6,60.1,8.6,0.8,74.2
MMM,2+ P,173,49,3.0,3.0,-2.1,1.7,61.3,10.2,0.0,79.6
MMM,"2+ P, Tief>=2",132,38,2.75,3.25,-1.0,0.8,64.4,7.6,0.0,81.6
MMM,"2+ P, Tief>=2, RSI<50",109,24,3.25,3.25,-2.5,0.9,61.5,11.6,0.0,75.0
MMM,"alt: Tief>=2, RSI<50",357,66,3.75,4.0,2.3,0.6,61.1,16.1,0.0,77.3
MNST,0 P,318,61,3.0,3.0,12.5,1.9,62.9,4.9,3.3,57.4
MNST,1 P,655,147,2.5,2.5,10.7,2.7,61.5,10.0,2.7,62.6
MNST,2+ P,201,38,3.0,2.5,9.2,2.0,60.2,-11.2,7.9,47.4
MNST,"2+ P, Tief>=2",138,33,3.5,3.25,11.1,0.0,62.3,-9.5,6.1,48.5
MNST,"2+ P, Tief>=2, RSI<50",107,20,3.5,3.25,14.5,0.0,60.7,-16.8,10.0,50.0
MNST,"alt: Tief>=2, RSI<50",334,60,2.5,2.5,14.0,2.7,61.1,11.2,6.7,56.7
MO,0 P,344,69,3.5,3.75,-1.2,1.5,60.5,2.4,0.0,76.8
MO,1 P,613,120,2.75,2.75,7.1,4.7,60.8,-5.6,3.3,58.3
MO,2+ P,186,27,1.25,1.25,20.7,9.1,60.8,3.6,11.1,59.3
MO,"2+ P, Tief>=2",162,25,1.0,1.0,33.5,9.9,62.3,6.9,12.0,52.0
MO,"2+ P, Tief>=2, RSI<50",126,17,1.0,1.0,37.0,12.7,61.1,8.8,17.6,52.9
MO,"alt: Tief>=2, RSI<50",346,73,2.5,2.5,4.9,5.8,60.7,4.7,2.7,64.4
MPC,0 P,241,78,3.25,3.25,4.0,0.0,62.7,20.6,2.6,60.3
MPC,1 P,481,134,2.5,2.5,3.5,2.5,60.3,14.9,2.2,61.2
MPC,2+ P,115,44,1.75,1.75,13.7,5.2,60.0,52.0,0.0,65.9
MPC,"2+ P, Tief>=2",94,32,1.75,2.25,18.3,0.0,66.0,57.8,0.0,84.4
MPC,"2+ P, Tief>=2, RSI<50",71,23,2.25,2.25,22.6,0.0,63.4,75.3,0.0,82.6
MPC,"alt: Tief>=2, RSI<50",232,74,2.5,2.75,8.3,0.9,62.1,47.8,0.0,71.6
MRK,0 P,353,80,3.5,3.5,-3.3,0.6,61.8,8.4,0.0,61.3
MRK,1 P,705,129,2.5,2.5,0.9,3.4,61.1,-8.9,5.4,54.3
MRK,2+ P,161,35,2.0,1.75,16.1,6.2,61.5,-45.9,31.4,34.3
MRK,"2+ P, Tief>=2",96,21,1.75,1.25,28.8,12.5,60.4,-26.8,19.0,47.6
MRK,"2+ P, Tief>=2, RSI<50",69,17,2.0,2.0,23.7,10.1,65.2,-29.4,11.8,41.2
MRK,"alt: Tief>=2, RSI<50",299,87,2.25,2.25,3.8,4.3,62.5,0.3,9.2,52.9
MRK.DE,0 P,363,84,3.5,3.25,7.7,2.5,63.1,-9.6,2.4,35.7
MRK.DE,1 P,628,145,3.25,3.0,4.0,1.6,62.6,3.2,2.1,40.7
MRK.DE,2+ P,205,33,2.0,2.0,7.1,2.9,61.5,4.8,6.1,69.7
MRK.DE,"2+ P, Tief>=2",145,31,2.0,2.0,10.0,3.4,60.0,2.2,6.5,67.7
MRK.DE,"2+ P, Tief>=2, RSI<50",111,27,2.5,2.5,10.9,0.0,61.3,4.5,0.0,66.7
MRK.DE,"alt: Tief>=2, RSI<50",309,110,3.0,2.5,8.6,1.6,62.8,-2.8,0.9,37.3
MRNA,0 P,76,71,3.25,3.0,0.5,5.3,60.5,0.8,4.2,54.9
MRNA,1 P,125,128,2.5,2.0,28.7,13.6,60.8,7.3,10.2,48.4
MRNA,2+ P,48,53,2.75,1.25,18.7,10.4,60.4,-14.8,26.4,30.2
MRNA,"2+ P, Tief>=2",36,41,4.0,1.5,28.9,5.6,61.1,-19.5,31.7,24.4
MRNA,"2+ P, Tief>=2, RSI<50",23,36,,2.0,20.0,0.0,60.9,-19.7,22.2,25.0
MRNA,"alt: Tief>=2, RSI<50",83,104,3.75,3.0,-0.9,3.6,62.7,-16.1,9.6,43.3
MRVL,0 P,364,95,3.25,3.5,2.0,1.6,62.4,20.3,0.0,74.7
MRVL,1 P,637,152,3.0,3.0,0.3,1.4,62.0,15.1,1.3,65.1
MRVL,2+ P,154,35,2.75,2.75,-5.3,1.9,60.4,2.3,0.0,68.6
MRVL,"2+ P, Tief>=2",106,24,2.5,3.0,-4.7,1.9,61.3,-3.8,0.0,75.0
MRVL,"2+ P, Tief>=2, RSI<50",80,16,3.75,4.0,-4.4,1.2,60.0,-2.7,0.0,81.2
MRVL,"alt: Tief>=2, RSI<50",367,71,3.5,4.0,-3.5,1.4,60.8,15.0,0.0,85.9
MS,0 P,454,83,3.5,3.75,5.6,0.7,62.8,22.0,0.0,63.9
MS,1 P,637,141,3.0,3.25,5.6,0.6,61.5,24.6,1.4,70.2
MS,2+ P,141,43,2.5,2.5,-1.5,0.0,63.1,49.3,0.0,58.1
MS,"2+ P, Tief>=2",104,35,2.0,2.25,-6.9,1.0,60.6,54.0,2.9,71.4
MS,"2+ P, Tief>=2, RSI<50",91,29,2.25,2.25,-8.2,1.1,60.4,56.1,3.4,69.0
MS,"alt: Tief>=2, RSI<50",388,81,3.25,3.25,-0.1,0.0,60.3,35.6,0.0,67.9
MSFT,0 P,392,75,3.25,3.25,9.9,2.3,60.2,31.5,0.0,62.7
MSFT,1 P,674,141,2.5,2.25,18.3,2.2,61.4,14.1,3.5,52.5
MSFT,2+ P,164,40,1.75,1.75,26.4,1.8,62.2,13.7,7.5,55.0
MSFT,"2+ P, Tief>=2",94,19,2.0,2.0,28.1,3.2,61.7,-8.2,5.3,57.9
MSFT,"2+ P, Tief>=2, RSI<50",73,16,2.25,2.25,29.9,4.1,65.8,-4.5,6.2,56.2
MSFT,"alt: Tief>=2, RSI<50",292,64,3.0,3.0,17.3,1.0,63.7,-2.1,1.6,51.6
MSTR,0 P,362,93,3.5,3.75,1.7,3.3,63.5,3.4,0.0,68.8
MSTR,1 P,687,135,3.0,3.0,1.7,3.5,62.0,15.7,0.0,65.2
MSTR,2+ P,196,40,1.5,1.5,7.5,9.7,62.8,17.3,15.0,55.0
MSTR,"2+ P, Tief>=2",114,22,1.75,1.75,2.3,9.6,64.0,8.6,13.6,50.0
MSTR,"2+ P, Tief>=2, RSI<50",72,18,2.0,2.0,2.4,5.6,66.7,14.8,5.6,55.6
MSTR,"alt: Tief>=2, RSI<50",366,102,2.5,2.5,0.5,4.1,61.7,12.2,2.9,58.8
MTX.DE,0 P,331,92,3.0,3.0,14.5,0.6,62.5,7.0,4.3,54.3
MTX.DE,1 P,668,141,2.5,2.5,2.9,2.1,62.1,-0.2,2.1,60.3
MTX.DE,2+ P,180,42,2.25,2.25,6.7,2.8,61.7,33.6,4.8,61.9
MTX.DE,"2+ P, Tief>=2",130,33,1.75,1.75,13.4,6.9,60.8,46.0,6.1,60.6
MTX.DE,"2+ P, Tief>=2, RSI<50",91,25,1.5,1.5,23.8,9.9,61.5,65.9,8.0,60.0
MTX.DE,"alt: Tief>=2, RSI<50",302,67,2.25,2.0,22.1,7.3,61.6,29.6,10.4,46.3
MU,0 P,381,85,3.25,3.5,8.0,1.0,61.9,20.1,0.0,80.0
MU,1 P,622,144,3.0,3.25,3.7,0.6,61.3,24.3,2.1,75.7
MU,2+ P,158,40,1.75,2.5,-2.6,1.3,65.2,47.1,0.0,82.5
MU,"2+ P, Tief>=2",102,23,2.0,2.5,-0.6,1.0,62.7,66.5,0.0,82.6
MU,"2+ P, Tief>=2, RSI<50",80,14,2.5,2.5,2.1,1.2,62.5,88.2,0.0,71.4
MU,"alt: Tief>=2, RSI<50",361,54,3.5,3.5,5.4,0.0,62.0,34.2,0.0,68.5
MUFG,0 P,488,146,,,,,,,,
MUFG,1 P,598,143,3.5,4.0,1.4,0.2,61.0,17.6,0.0,81.1
MUFG,2+ P,147,27,2.75,3.25,2.1,0.0,60.5,18.5,0.0,81.5
MUFG,"2+ P, Tief>=2",112,11,2.75,2.75,2.4,0.0,62.5,18.7,0.0,81.8
MUFG,"2+ P, Tief>=2, RSI<50",93,5,2.75,2.75,-1.3,0.0,61.3,,,
MUFG,"alt: Tief>=2, RSI<50",459,45,,,,,,,,
MUV2.DE,0 P,372,82,3.5,3.75,8.5,1.6,62.4,4.3,0.0,67.1
MUV2.DE,1 P,716,152,3.0,3.0,7.5,0.7,60.5,12.1,0.0,64.5
MUV2.DE,2+ P,132,29,2.0,2.25,5.7,3.8,62.1,33.9,0.0,86.2
MUV2.DE,"2+ P, Tief>=2",95,20,1.75,2.0,6.5,4.2,60.0,59.4,0.0,95.0
MUV2.DE,"2+ P, Tief>=2, RSI<50",77,15,1.75,2.0,6.7,5.2,61.0,77.2,0.0,100.0
MUV2.DE,"alt: Tief>=2, RSI<50",360,64,2.25,2.25,12.6,4.7,61.7,31.6,3.1,59.4
NEE,0 P,353,65,3.25,3.0,12.2,2.3,61.5,13.7,3.1,46.2
NEE,1 P,661,137,2.25,2.0,9.5,2.7,61.9,-11.9,13.1,43.8
NEE,2+ P,162,49,1.5,1.25,11.5,8.6,61.7,-16.5,10.2,34.7
NEE,"2+ P, Tief>=2",104,32,2.0,1.5,15.2,3.8,62.5,-17.3,9.4,31.2
NEE,"2+ P, Tief>=2, RSI<50",76,26,2.25,1.5,20.9,5.3,60.5,-33.1,11.5,19.2
NEE,"alt: Tief>=2, RSI<50",246,64,2.25,2.0,28.0,2.0,62.2,-14.5,10.9,32.8
NEM,0 P,416,113,3.5,3.25,-2.9,0.7,60.1,7.0,0.9,52.2
NEM,1 P,643,154,3.0,3.0,-3.9,1.1,62.5,19.5,0.6,60.4
NEM,2+ P,204,38,3.25,3.0,-0.5,0.5,62.7,-6.5,0.0,44.7
NEM,"2+ P, Tief>=2",145,32,3.5,3.25,-3.7,0.7,62.1,-12.3,0.0,46.9
NEM,"2+ P, Tief>=2, RSI<50",122,24,3.75,3.5,-3.8,0.8,62.3,-14.3,0.0,45.8
NEM,"alt: Tief>=2, RSI<50",429,95,3.5,3.25,-2.5,0.7,63.2,-4.1,1.1,45.3
NET,0 P,64,95,3.5,3.25,0.5,3.1,62.5,7.6,3.2,57.9
NET,1 P,117,127,2.5,2.5,10.1,1.7,60.7,8.3,3.9,59.8
NET,2+ P,46,42,1.5,1.5,34.9,6.5,63.0,58.8,4.8,59.5
NET,"2+ P, Tief>=2",27,29,1.5,2.0,31.4,3.7,66.7,55.4,3.4,69.0
NET,"2+ P, Tief>=2, RSI<50",21,23,2.0,2.0,36.9,4.8,66.7,53.3,4.3,60.9
NET,"alt: Tief>=2, RSI<50",58,62,2.5,3.0,5.8,0.0,63.8,12.5,8.1,71.0
NFLX,0 P,352,51,3.0,2.5,23.3,5.4,60.8,-9.6,7.8,33.3
NFLX,1 P,606,124,2.5,2.25,12.5,5.4,61.9,5.2,0.8,46.8
NFLX,2+ P,201,65,2.0,1.75,15.0,5.0,62.2,20.9,7.7,50.8
NFLX,"2+ P, Tief>=2",132,58,2.25,1.75,18.5,6.8,60.6,18.3,8.6,50.0
NFLX,"2+ P, Tief>=2, RSI<50",95,37,3.0,3.0,9.8,6.3,61.1,10.0,0.0,64.9
NFLX,"alt: Tief>=2, RSI<50",308,77,3.0,2.5,16.5,5.5,60.7,6.6,3.9,46.8
NKE,0 P,373,75,4.0,3.25,5.4,1.6,63.0,-23.5,4.0,24.0
NKE,1 P,652,115,3.25,2.75,5.5,3.1,61.5,-16.9,7.0,30.4
NKE,2+ P,204,77,2.75,1.75,5.5,9.3,61.8,-5.9,13.0,18.2
NKE,"2+ P, Tief>=2",133,69,3.0,1.75,-0.2,10.5,60.2,-7.0,13.0,14.5
NKE,"2+ P, Tief>=2, RSI<50",108,58,3.25,2.0,3.2,7.4,63.0,-4.1,13.8,19.0
NKE,"alt: Tief>=2, RSI<50",304,129,4.0,2.75,4.7,4.3,62.8,-9.6,8.5,28.7
NOW,0 P,206,88,2.75,2.75,13.1,2.4,63.1,2.3,2.3,56.8
NOW,1 P,427,136,2.25,2.25,6.6,3.0,63.5,1.2,2.9,51.5
NOW,2+ P,116,44,0.75,0.25,96.2,22.4,61.2,28.0,38.6,43.2
NOW,"2+ P, Tief>=2",64,42,1.5,0.75,61.3,17.2,62.5,14.5,35.7,42.9
NOW,"2+ P, Tief>=2, RSI<50",43,31,2.75,1.25,58.5,7.0,60.5,3.5,35.5,41.9
NOW,"alt: Tief>=2, RSI<50",175,98,3.0,2.25,19.3,1.7,61.7,5.8,6.1,39.8
NVDA,0 P,349,81,3.0,3.25,13.0,1.7,61.0,41.2,1.2,75.3
NVDA,1 P,632,146,2.25,2.5,17.5,2.4,62.7,26.0,0.7,67.1
NVDA,2+ P,180,33,2.0,2.25,8.0,2.2,60.0,46.7,0.0,90.9
NVDA,"2+ P, Tief>=2",115,28,1.75,2.0,20.9,3.5,62.6,23.5,0.0,89.3
NVDA,"2+ P, Tief>=2, RSI<50",94,18,2.0,2.25,18.4,2.1,60.6,33.1,0.0,83.3
NVDA,"alt: Tief>=2, RSI<50",304,63,2.5,2.5,23.0,2.0,60.9,-0.1,3.2,66.7
NVO,0 P,537,110,3.5,3.25,12.3,2.6,60.9,1.7,3.6,53.6
NVO,1 P,769,160,3.0,2.75,12.2,3.1,60.6,-1.3,3.8,44.4
NVO,2+ P,228,46,2.5,2.0,6.4,6.1,61.0,-8.2,4.3,43.5
NVO,"2+ P, Tief>=2",143,26,3.0,3.0,6.6,5.6,65.0,-8.9,0.0,34.6
NVO,"2+ P, Tief>=2, RSI<50",104,25,,4.0,4.8,7.7,60.6,-7.6,0.0,44.0
NVO,"alt: Tief>=2, RSI<50",340,93,3.5,3.25,20.9,3.5,60.6,1.0,0.0,53.8
NVS,0 P,583,105,,,,,,,,
NVS,1 P,788,152,4.0,,,,,,,
NVS,2+ P,195,43,3.0,3.0,-0.8,0.5,61.5,12.1,0.0,69.8
NVS,"2+ P, Tief>=2",127,34,2.75,2.75,-2.7,1.6,64.6,10.8,0.0,58.8
NVS,"2+ P, Tief>=2, RSI<50",105,27,2.75,2.75,-4.2,1.9,61.0,15.4,0.0,63.0
NVS,"alt: Tief>=2, RSI<50",442,83,3.75,4.0,7.8,0.2,60.4,24.3,0.0,74.7
NXPI,0 P,262,88,3.5,3.25,3.2,1.9,60.3,3.4,0.0,51.1
NXPI,1 P,492,136,3.25,2.5,7.5,3.9,60.4,-0.8,2.2,34.6
NXPI,2+ P,159,56,2.0,2.25,6.6,3.8,61.0,40.4,0.0,76.8
NXPI,"2+ P, Tief>=2",118,41,1.5,2.25,-0.2,2.5,62.7,57.9,0.0,87.8
NXPI,"2+ P, Tief>=2, RSI<50",80,29,2.25,3.0,-1.3,2.5,60.0,59.5,0.0,93.1
NXPI,"alt: Tief>=2, RSI<50",213,106,3.25,3.0,6.6,2.3,60.6,8.5,0.0,57.5
ODFL,0 P,338,80,2.75,2.75,3.2,0.3,62.4,15.0,0.0,50.0
ODFL,1 P,671,122,2.0,2.0,11.9,3.4,62.4,-0.6,2.5,47.5
ODFL,2+ P,168,48,2.0,2.25,4.9,0.6,62.5,4.5,2.1,66.7
ODFL,"2+ P, Tief>=2",114,36,2.25,2.0,11.0,2.6,60.5,-4.8,5.6,50.0
ODFL,"2+ P, Tief>=2, RSI<50",90,30,2.5,2.5,10.7,1.1,66.7,-8.7,3.3,63.3
ODFL,"alt: Tief>=2, RSI<50",307,85,2.5,2.25,10.2,2.9,60.6,7.4,4.7,52.9
ON,0 P,345,80,3.0,2.75,26.7,1.2,60.9,7.0,0.0,43.8
ON,1 P,639,148,3.0,3.0,10.5,1.3,62.6,1.0,0.0,71.6
ON,2+ P,175,42,2.25,2.0,14.6,6.3,61.1,17.6,14.3,45.2
ON,"2+ P, Tief>=2",105,34,2.0,1.25,20.4,15.2,61.0,41.0,26.5,50.0
ON,"2+ P, Tief>=2, RSI<50",81,27,2.25,2.0,30.2,3.7,61.7,26.5,14.8,48.1
ON,"alt: Tief>=2, RSI<50",303,107,3.0,2.5,12.6,3.3,60.4,-4.9,3.7,52.3
ORCL,0 P,408,75,3.5,3.25,2.3,2.0,60.8,35.4,2.7,48.0
ORCL,1 P,641,129,3.25,3.0,1.7,1.1,62.4,-0.3,4.7,45.7
ORCL,2+ P,173,51,2.0,1.75,2.8,7.5,60.1,56.5,13.7,54.9
ORCL,"2+ P, Tief>=2",129,42,1.75,1.75,1.4,7.0,63.6,65.4,14.3,54.8
ORCL,"2+ P, Tief>=2, RSI<50",95,33,1.75,1.75,2.3,7.4,66.3,61.9,18.2,48.5
ORCL,"alt: Tief>=2, RSI<50",342,87,2.5,2.25,17.0,2.6,62.0,37.2,9.2,46.0
ORLY,0 P,371,71,2.5,2.5,14.8,3.8,63.1,2.0,5.6,53.5
ORLY,1 P,668,123,2.0,2.0,9.3,3.3,61.8,14.8,4.1,61.0
ORLY,2+ P,169,43,1.0,0.75,19.2,14.8,60.4,1.3,18.6,39.5
ORLY,"2+ P, Tief>=2",102,28,1.5,1.0,19.2,10.8,60.8,11.7,25.0,39.3
ORLY,"2+ P, Tief>=2, RSI<50",73,23,2.0,1.75,23.8,2.7,61.6,14.1,8.7,52.2
ORLY,"alt: Tief>=2, RSI<50",254,62,2.0,2.0,14.1,5.1,60.6,16.6,6.5,62.9
P911.DE,0 P,2,81,,,,,,,,
P911.DE,1 P,6,139,,,,,,,,
P911.DE,2+ P,0,37,3.75,,,,,,,
P911.DE,"2+ P, Tief>=2",0,27,,,,,,,,
P911.DE,"2+ P, Tief>=2, RSI<50",0,24,,,,,,,,
P911.DE,"alt: Tief>=2, RSI<50",2,116,,,,,,,,
PAH3.DE,0 P,271,74,,3.75,1.0,0.7,62.4,-11.3,0.0,33.8
PAH3.DE,1 P,542,139,3.5,3.25,1.7,1.3,62.5,-10.9,3.6,39.6
PAH3.DE,2+ P,151,56,3.75,3.5,0.7,2.0,62.3,-15.5,0.0,53.6
PAH3.DE,"2+ P, Tief>=2",103,47,3.5,2.5,2.1,6.8,60.2,-17.9,8.5,40.4
PAH3.DE,"2+ P, Tief>=2, RSI<50",79,37,4.0,2.5,0.7,8.9,60.8,-20.0,10.8,40.5
PAH3.DE,"alt: Tief>=2, RSI<50",329,119,3.5,3.25,2.4,3.3,61.7,-7.9,2.5,43.7
PANW,0 P,218,75,3.5,3.5,3.6,0.9,60.1,11.4,2.7,60.0
PANW,1 P,395,128,3.5,3.0,7.2,0.5,60.5,10.6,0.8,48.4
PANW,2+ P,129,43,1.5,1.25,14.2,7.0,60.5,39.9,9.3,58.1
PANW,"2+ P, Tief>=2",75,30,2.0,1.25,14.2,8.0,61.3,39.2,3.3,50.0
PANW,"2+ P, Tief>=2, RSI<50",52,22,2.0,2.0,18.2,3.8,63.5,37.1,0.0,59.1
PANW,"alt: Tief>=2, RSI<50",169,63,2.75,2.25,5.5,3.0,60.4,3.6,7.9,52.4
PAYX,0 P,359,71,3.5,3.75,7.1,0.6,61.6,-5.4,1.4,66.2
PAYX,1 P,708,135,3.0,3.0,-1.2,0.6,61.3,-8.3,2.2,65.2
PAYX,2+ P,181,44,2.5,2.25,1.9,2.2,61.9,-13.4,2.3,45.5
PAYX,"2+ P, Tief>=2",125,31,2.75,2.25,3.5,1.6,62.4,-22.0,3.2,38.7
PAYX,"2+ P, Tief>=2, RSI<50",102,25,2.75,2.25,3.6,2.0,63.7,-23.8,4.0,28.0
PAYX,"alt: Tief>=2, RSI<50",326,71,3.0,2.75,9.1,1.8,61.3,-17.3,5.6,42.3
PBR,0 P,402,81,,4.0,2.1,0.0,60.9,0.6,1.2,49.4
PBR,1 P,674,125,4.0,4.0,1.5,0.1,60.1,0.9,1.6,68.0
PBR,2+ P,176,55,2.25,2.25,10.1,2.8,60.2,42.5,0.0,70.9
PBR,"2+ P, Tief>=2",141,23,2.75,2.75,11.3,0.7,61.0,35.4,0.0,60.9
PBR,"2+ P, Tief>=2, RSI<50",116,17,3.0,3.0,11.5,0.9,60.3,37.1,0.0,70.6
PBR,"alt: Tief>=2, RSI<50",457,53,3.75,4.0,2.5,0.0,61.7,13.3,3.8,77.4
PCAR,0 P,386,71,3.25,3.25,-0.8,0.8,60.6,9.6,1.4,67.6
PCAR,1 P,606,145,2.5,3.0,-2.8,0.7,62.5,4.6,0.0,80.0
PCAR,2+ P,200,40,2.25,2.0,3.7,3.0,61.0,-4.9,2.5,50.0
PCAR,"2+ P, Tief>=2",151,30,2.25,2.0,6.8,4.0,61.6,1.7,3.3,46.7
PCAR,"2+ P, Tief>=2, RSI<50",121,27,2.25,2.25,8.9,1.7,63.6,1.5,0.0,48.1
PCAR,"alt: Tief>=2, RSI<50",395,83,2.75,2.75,3.4,1.3,62.8,12.5,0.0,57.8
PDD,0 P,109,114,4.0,3.25,6.2,2.8,66.1,7.8,4.4,45.6
PDD,1 P,165,148,3.5,3.0,8.3,2.4,60.0,1.2,4.1,49.3
PDD,2+ P,51,56,2.0,1.75,8.7,3.9,64.7,12.0,0.0,55.4
PDD,"2+ P, Tief>=2",37,46,1.75,1.75,16.6,5.4,64.9,17.7,0.0,60.9
PDD,"2+ P, Tief>=2, RSI<50",30,35,2.0,2.0,17.4,3.3,63.3,20.5,0.0,57.1
PDD,"alt: Tief>=2, RSI<50",110,133,3.25,3.0,14.5,0.0,60.9,8.9,3.0,55.6
PEP,0 P,396,70,3.5,3.25,5.5,0.5,61.4,1.7,0.0,51.4
PEP,1 P,639,147,3.0,2.75,7.1,0.3,60.6,-7.1,2.0,51.0
PEP,2+ P,165,49,1.75,1.0,25.0,12.1,60.0,-2.6,22.4,32.7
PEP,"2+ P, Tief>=2",109,40,2.25,1.75,19.4,2.8,61.5,-3.6,10.0,42.5
PEP,"2+ P, Tief>=2, RSI<50",87,35,2.75,2.25,16.0,0.0,64.4,-0.2,8.6,48.6
PEP,"alt: Tief>=2, RSI<50",271,116,2.75,2.5,17.4,1.5,63.1,-3.7,4.3,47.4
PFE,0 P,424,60,3.5,3.25,12.2,1.2,60.6,-12.0,1.7,51.7
PFE,1 P,663,130,3.5,3.25,2.3,0.8,61.1,-20.7,3.1,44.6
PFE,2+ P,126,29,1.5,1.25,14.0,12.7,61.1,-26.0,20.7,41.4
PFE,"2+ P, Tief>=2",87,24,1.5,1.25,25.3,9.2,62.1,-16.3,20.8,50.0
PFE,"2+ P, Tief>=2, RSI<50",61,18,1.5,1.5,28.3,11.5,70.5,-14.2,16.7,38.9
PFE,"alt: Tief>=2, RSI<50",317,98,3.75,3.25,-0.0,0.0,61.8,-14.6,5.1,42.9
PG,0 P,401,78,,,,,,,,
PG,1 P,622,132,3.0,3.0,-0.8,1.8,61.9,-9.3,0.8,56.1
PG,2+ P,174,35,2.0,2.25,17.1,5.2,60.9,17.2,2.9,74.3
PG,"2+ P, Tief>=2",121,28,2.0,2.0,12.4,8.3,60.3,16.9,3.6,71.4
PG,"2+ P, Tief>=2, RSI<50",93,24,1.75,2.0,18.2,8.6,60.2,26.0,4.2,70.8
PG,"alt: Tief>=2, RSI<50",328,77,3.0,3.0,8.5,0.9,61.6,1.2,0.0,66.2
PGR,0 P,386,75,3.5,3.5,5.1,0.8,61.1,3.5,6.7,57.3
PGR,1 P,630,142,2.25,2.0,11.2,4.0,60.5,6.5,9.9,52.1
PGR,2+ P,183,35,1.75,1.75,10.2,4.9,63.9,0.5,5.7,42.9
PGR,"2+ P, Tief>=2",128,27,1.5,1.25,19.4,12.5,61.7,-0.3,11.1,37.0
PGR,"2+ P, Tief>=2, RSI<50",98,16,1.5,1.5,33.2,9.2,63.3,1.1,18.8,43.8
PGR,"alt: Tief>=2, RSI<50",312,76,2.25,2.25,14.1,5.1,63.5,-4.3,3.9,55.3
PH,0 P,389,96,3.25,3.75,2.6,0.0,62.5,30.4,0.0,69.8
PH,1 P,686,139,2.5,2.75,6.3,1.5,61.1,9.9,0.0,69.1
PH,2+ P,164,34,2.25,2.25,-1.4,3.7,62.8,37.6,0.0,70.6
PH,"2+ P, Tief>=2",115,24,2.5,2.5,3.4,2.6,64.3,15.7,0.0,75.0
PH,"2+ P, Tief>=2, RSI<50",97,18,2.5,2.5,4.3,3.1,61.9,6.1,0.0,72.2
PH,"alt: Tief>=2, RSI<50",337,41,2.75,3.0,4.4,0.6,61.7,15.3,0.0,73.2
PLD,0 P,345,92,3.0,3.0,10.1,0.3,60.6,3.3,1.1,64.1
PLD,1 P,684,149,2.5,2.5,9.6,1.6,61.7,-0.4,1.3,58.4
PLD,2+ P,146,39,2.75,3.25,15.1,0.0,61.0,11.0,0.0,74.4
PLD,"2+ P, Tief>=2",104,23,3.25,3.25,14.0,0.0,60.6,31.0,0.0,65.2
PLD,"2+ P, Tief>=2, RSI<50",84,20,3.25,3.25,15.1,0.0,61.9,22.0,0.0,65.0
PLD,"alt: Tief>=2, RSI<50",316,69,2.75,2.75,19.0,0.9,63.0,26.1,2.9,50.7
PLTR,0 P,40,95,2.75,4.0,-4.1,0.0,60.0,23.3,0.0,81.1
PLTR,1 P,77,129,2.5,3.25,-2.3,2.6,61.0,11.4,0.8,82.2
PLTR,2+ P,33,36,2.0,2.0,4.7,3.0,63.6,50.0,0.0,72.2
PLTR,"2+ P, Tief>=2",20,25,2.0,2.75,-8.0,0.0,60.0,22.7,0.0,88.0
PLTR,"2+ P, Tief>=2, RSI<50",18,14,2.0,2.75,-7.7,0.0,61.1,18.4,0.0,78.6
PLTR,"alt: Tief>=2, RSI<50",60,58,2.25,3.0,-2.9,1.7,60.0,27.9,1.7,81.0
PM,0 P,345,91,,,,,,,,
PM,1 P,600,123,3.25,3.25,8.6,1.5,60.3,5.5,4.9,63.4
PM,2+ P,146,44,2.75,3.0,20.3,0.7,63.0,24.9,0.0,79.5
PM,"2+ P, Tief>=2",111,32,2.75,3.0,26.3,0.9,64.9,30.8,0.0,78.1
PM,"2+ P, Tief>=2, RSI<50",80,25,2.5,2.5,37.6,1.2,60.0,23.3,4.0,60.0
PM,"alt: Tief>=2, RSI<50",283,89,3.25,3.75,16.1,1.4,61.5,7.6,2.2,71.9
PSX,0 P,242,94,3.25,3.5,4.7,0.0,64.0,19.4,3.2,71.3
PSX,1 P,425,128,2.75,2.75,0.9,1.4,60.5,4.8,0.8,67.2
PSX,2+ P,130,45,2.5,3.0,3.0,0.8,62.3,10.2,0.0,77.8
PSX,"2+ P, Tief>=2",103,36,2.5,2.75,7.2,1.0,61.2,9.1,0.0,77.8
PSX,"2+ P, Tief>=2, RSI<50",87,29,2.75,3.25,6.8,0.0,66.7,12.4,0.0,86.2
PSX,"alt: Tief>=2, RSI<50",257,86,3.0,3.25,5.0,0.8,63.0,17.0,2.3,66.3
PYPL,0 P,163,76,3.75,3.0,13.2,0.6,61.3,-0.5,1.3,34.2
PYPL,1 P,293,130,2.75,2.5,13.5,2.7,62.5,-1.5,4.6,47.7
PYPL,2+ P,92,48,2.75,2.75,2.6,4.3,64.1,2.4,0.0,56.2
PYPL,"2+ P, Tief>=2",58,37,3.0,2.75,0.2,6.9,62.1,8.1,0.0,54.1
PYPL,"2+ P, Tief>=2, RSI<50",44,33,3.5,3.25,6.6,2.3,61.4,8.0,0.0,57.6
PYPL,"alt: Tief>=2, RSI<50",147,101,3.5,2.75,5.5,4.1,62.6,2.8,1.0,43.6
QCOM,0 P,391,76,3.75,3.75,2.3,1.8,60.1,14.4,0.0,61.8
QCOM,1 P,675,166,3.25,3.25,4.0,1.0,60.0,6.8,2.4,66.3
QCOM,2+ P,193,45,2.5,2.75,16.6,1.6,65.3,16.4,4.4,71.1
QCOM,"2+ P, Tief>=2",141,33,2.5,2.75,20.4,0.7,66.7,18.3,6.1,69.7
QCOM,"2+ P, Tief>=2, RSI<50",122,24,2.75,2.75,20.4,0.8,63.9,15.9,8.3,66.7
QCOM,"alt: Tief>=2, RSI<50",385,104,3.0,3.0,12.0,1.0,60.5,16.2,3.8,66.3
QIA.DE,0 P,363,93,3.75,3.25,2.1,1.4,60.1,-0.5,1.1,33.3
QIA.DE,1 P,642,131,3.25,2.75,-0.4,3.3,60.4,6.9,2.3,40.5
QIA.DE,2+ P,213,36,1.75,1.5,-4.2,9.9,60.6,8.6,11.1,36.1
QIA.DE,"2+ P, Tief>=2",128,22,1.5,1.5,2.6,7.8,62.5,17.6,13.6,45.5
QIA.DE,"2+ P, Tief>=2, RSI<50",93,18,1.75,1.75,1.4,3.2,66.7,13.6,16.7,50.0
QIA.DE,"alt: Tief>=2, RSI<50",335,98,2.5,2.25,6.2,3.9,63.6,15.1,8.2,36.7
REGN,0 P,317,67,3.25,3.25,11.6,0.3,63.7,-7.5,9.0,52.2
REGN,1 P,638,123,3.0,3.0,14.1,0.2,62.1,2.4,8.1,55.3
REGN,2+ P,179,42,2.0,1.75,36.8,3.9,63.1,-11.5,19.0,45.2
REGN,"2+ P, Tief>=2",115,33,2.25,2.0,23.2,2.6,62.6,-10.9,15.2,42.4
REGN,"2+ P, Tief>=2, RSI<50",91,30,2.5,2.0,31.5,3.3,60.4,-10.6,16.7,36.7
REGN,"alt: Tief>=2, RSI<50",298,76,3.0,2.75,17.3,1.3,62.4,-13.0,11.8,35.5
RHM.DE,0 P,320,52,3.75,3.75,5.7,0.9,61.6,1.4,3.8,55.8
RHM.DE,1 P,653,156,2.75,2.75,-0.4,2.6,62.3,3.1,7.7,57.1
RHM.DE,2+ P,165,43,2.75,2.75,-3.2,3.0,61.8,1.9,0.0,69.8
RHM.DE,"2+ P, Tief>=2",112,24,3.0,2.75,1.3,4.5,60.7,4.8,0.0,54.2
RHM.DE,"2+ P, Tief>=2, RSI<50",90,22,3.25,3.25,1.1,5.6,61.1,6.3,0.0,68.2
RHM.DE,"alt: Tief>=2, RSI<50",317,62,3.75,3.5,1.6,3.8,60.6,-2.9,6.5,51.6
RIO,0 P,625,139,,,,,,,,
RIO,1 P,751,168,3.25,3.25,4.9,0.8,62.8,-1.5,0.0,57.7
RIO,2+ P,207,40,3.0,3.5,0.3,0.0,61.8,24.1,0.0,82.5
RIO,"2+ P, Tief>=2",160,31,2.5,3.25,1.2,0.6,62.5,31.6,0.0,90.3
RIO,"2+ P, Tief>=2, RSI<50",127,24,3.0,3.25,2.3,0.8,60.6,32.8,0.0,95.8
RIO,"alt: Tief>=2, RSI<50",513,103,3.25,3.25,6.8,1.2,62.0,-1.3,1.0,63.1
ROP,0 P,368,87,3.0,2.75,10.0,3.0,61.4,-13.8,5.7,46.0
ROP,1 P,665,148,2.75,2.5,8.7,2.1,61.8,-13.4,5.4,48.6
ROP,2+ P,202,46,1.5,1.5,23.9,10.4,60.4,7.0,10.9,58.7
ROP,"2+ P, Tief>=2",119,36,1.0,1.0,46.0,16.0,61.3,20.3,27.8,55.6
ROP,"2+ P, Tief>=2, RSI<50",69,24,1.75,1.5,52.9,14.5,62.3,15.2,16.7,45.8
ROP,"alt: Tief>=2, RSI<50",238,81,2.5,2.0,28.7,6.3,60.1,4.7,6.2,46.9
ROST,0 P,356,87,2.5,2.5,3.8,3.1,61.2,3.5,4.6,57.5
ROST,1 P,657,139,2.25,2.25,4.1,1.8,60.9,7.5,5.0,69.1
ROST,2+ P,221,39,1.5,1.75,5.0,4.5,60.2,0.2,0.0,71.8
ROST,"2+ P, Tief>=2",172,22,1.5,1.5,6.8,7.0,60.5,-5.9,0.0,68.2
ROST,"2+ P, Tief>=2, RSI<50",122,19,3.0,3.25,6.1,0.8,61.5,-4.9,0.0,63.2
ROST,"alt: Tief>=2, RSI<50",308,63,2.5,2.75,4.9,1.6,60.1,-1.2,0.0,69.8
RTX,0 P,376,73,3.75,3.75,0.6,0.5,60.6,7.0,6.8,64.4
RTX,1 P,702,157,2.5,2.5,3.4,1.6,60.3,13.6,6.4,73.2
RTX,2+ P,182,36,1.5,1.75,1.5,9.3,61.5,75.0,11.1,63.9
RTX,"2+ P, Tief>=2",129,34,1.25,1.25,13.8,14.7,62.0,83.8,17.6,58.8
RTX,"2+ P, Tief>=2, RSI<50",98,26,1.75,1.75,11.1,11.2,62.2,101.7,15.4,61.5
RTX,"alt: Tief>=2, RSI<50",334,64,2.75,2.75,3.2,3.0,62.3,34.4,12.5,59.4
RWE.DE,0 P,327,58,4.0,4.0,-1.6,1.2,60.2,19.0,0.0,69.0
RWE.DE,1 P,637,157,3.25,3.5,3.0,1.4,62.5,15.6,0.0,75.2
RWE.DE,2+ P,176,28,3.75,4.0,-4.5,0.6,62.5,-6.8,3.6,82.1
RWE.DE,"2+ P, Tief>=2",120,22,3.5,3.75,-6.7,0.8,60.0,-4.6,4.5,77.3
RWE.DE,"2+ P, Tief>=2, RSI<50",96,19,4.0,,,,,,,
RWE.DE,"alt: Tief>=2, RSI<50",362,73,3.5,3.75,-0.3,1.1,61.6,7.9,1.4,75.3
RY,0 P,412,92,,,,,,,,
RY,1 P,687,142,3.25,3.5,6.9,0.1,61.4,17.1,0.0,67.6
RY,2+ P,180,32,3.0,3.0,-4.8,0.0,60.6,10.0,0.0,71.9
RY,"2+ P, Tief>=2",121,22,3.25,3.25,-8.2,0.0,60.3,5.7,0.0,68.2
RY,"2+ P, Tief>=2, RSI<50",102,17,3.25,3.5,-11.7,0.0,63.7,8.6,0.0,76.5
RY,"alt: Tief>=2, RSI<50",338,58,3.5,3.75,-0.3,0.0,62.1,3.2,0.0,67.2
SAN,0 P,556,99,,,,,,,,
SAN,1 P,642,152,,,,,,,,
SAN,2+ P,186,26,3.25,3.75,-4.8,0.0,62.4,10.8,0.0,88.5
SAN,"2+ P, Tief>=2",141,13,3.5,3.75,-5.1,0.0,61.0,37.0,0.0,100.0
SAN,"2+ P, Tief>=2, RSI<50",116,8,3.5,3.75,-2.8,0.0,60.3,,,
SAN,"alt: Tief>=2, RSI<50",547,50,,,,,,,,
SAP.DE,0 P,481,96,3.25,3.25,10.4,0.8,62.2,8.3,1.0,61.5
SAP.DE,1 P,695,140,3.25,3.5,0.3,0.6,61.6,2.0,1.4,67.1
SAP.DE,2+ P,154,25,2.0,1.75,10.6,3.2,61.7,-2.3,8.0,48.0
SAP.DE,"2+ P, Tief>=2",108,17,1.75,1.75,7.9,2.8,63.0,-19.6,5.9,41.2
SAP.DE,"2+ P, Tief>=2, RSI<50",88,16,2.0,1.75,7.3,3.4,62.5,-17.4,6.2,43.8
SAP.DE,"alt: Tief>=2, RSI<50",444,70,2.75,2.5,10.4,2.3,61.3,-3.8,1.4,48.6
SBUX,0 P,408,72,3.5,3.0,14.3,1.0,61.8,-9.6,2.8,27.8
SBUX,1 P,631,124,3.0,2.75,13.6,2.4,60.4,3.2,1.6,38.7
SBUX,2+ P,144,45,2.5,3.0,-7.8,3.5,61.1,0.1,4.4,75.6
SBUX,"2+ P, Tief>=2",98,37,2.5,3.0,-5.9,5.1,61.2,0.9,5.4,78.4
SBUX,"2+ P, Tief>=2, RSI<50",71,28,2.75,3.25,-3.0,5.6,60.6,8.2,3.6,78.6
SBUX,"alt: Tief>=2, RSI<50",269,76,3.25,3.25,13.9,4.1,60.2,13.6,3.9,61.8
SCCO,0 P,437,113,3.5,3.5,5.3,0.0,61.8,0.6,0.0,65.5
SCCO,1 P,639,145,3.25,3.5,5.6,0.5,61.5,-1.5,0.0,72.4
SCCO,2+ P,168,34,3.5,3.75,2.5,0.0,60.7,20.9,0.0,79.4
SCCO,"2+ P, Tief>=2",134,22,3.25,3.75,1.2,0.0,61.2,25.4,0.0,77.3
SCCO,"2+ P, Tief>=2, RSI<50",115,17,3.5,3.75,0.5,0.0,60.0,36.8,0.0,76.5
SCCO,"alt: Tief>=2, RSI<50",435,84,3.75,4.0,2.8,0.0,61.1,20.4,0.0,78.6
SCHW,0 P,361,75,3.5,3.25,6.5,0.3,60.7,0.1,4.0,53.3
SCHW,1 P,673,139,2.75,2.75,3.5,0.7,62.1,15.9,2.9,59.7
SCHW,2+ P,190,46,2.0,2.0,4.7,2.6,61.1,24.1,2.2,60.9
SCHW,"2+ P, Tief>=2",118,41,2.0,2.0,1.1,2.5,61.0,30.4,2.4,63.4
SCHW,"2+ P, Tief>=2, RSI<50",99,33,2.0,2.25,5.3,1.0,67.7,24.5,3.0,63.6
SCHW,"alt: Tief>=2, RSI<50",329,96,2.25,2.25,9.5,2.7,64.1,15.0,8.3,60.4
SHEL,0 P,601,106,,,,,,,,
SHEL,1 P,739,187,3.75,3.75,-0.7,0.7,60.2,5.9,0.5,61.5
SHEL,2+ P,191,25,3.0,3.0,0.2,0.5,61.3,7.8,0.0,68.0
SHEL,"2+ P, Tief>=2",135,18,3.0,3.25,-4.1,0.7,60.7,17.5,0.0,77.8
SHEL,"2+ P, Tief>=2, RSI<50",109,15,3.25,4.0,-1.2,0.0,61.5,19.0,0.0,80.0
SHEL,"alt: Tief>=2, RSI<50",457,79,4.0,3.75,2.4,0.7,60.6,1.9,0.0,50.6
SHL.DE,0 P,108,83,,,,,,,,
SHL.DE,1 P,186,149,3.5,3.25,9.6,2.2,60.8,-10.0,2.0,58.4
SHL.DE,2+ P,28,39,2.0,1.25,3.7,21.4,64.3,0.4,7.7,43.6
SHL.DE,"2+ P, Tief>=2",17,36,2.75,2.75,-20.9,11.8,64.7,-2.3,0.0,63.9
SHL.DE,"2+ P, Tief>=2, RSI<50",13,30,2.75,2.75,-17.4,15.4,61.5,3.2,0.0,66.7
SHL.DE,"alt: Tief>=2, RSI<50",95,122,3.75,3.5,-13.2,2.1,62.1,-11.5,2.5,57.4
SHOP,0 P,128,90,3.25,2.25,17.6,3.1,60.2,5.8,10.0,43.3
SHOP,1 P,306,132,2.25,2.0,30.5,4.9,61.8,36.2,3.8,50.0
SHOP,2+ P,80,37,2.0,1.25,21.3,7.5,61.3,12.4,16.2,43.2
SHOP,"2+ P, Tief>=2",59,29,2.25,1.75,16.9,3.4,61.0,27.8,6.9,48.3
SHOP,"2+ P, Tief>=2, RSI<50",45,22,3.0,2.25,8.6,2.2,60.0,20.8,9.1,31.8
SHOP,"alt: Tief>=2, RSI<50",143,86,3.25,2.25,14.2,2.8,61.5,32.8,10.5,34.9
SHW,0 P,341,59,2.75,2.5,10.7,4.1,60.1,1.6,0.0,47.5
SHW,1 P,697,138,2.5,2.5,8.2,2.6,61.5,9.7,2.2,58.0
SHW,2+ P,216,67,2.5,2.0,6.1,5.6,63.0,-3.7,7.5,31.3
SHW,"2+ P, Tief>=2",135,47,2.5,1.75,10.7,8.1,60.7,6.4,6.4,25.5
SHW,"2+ P, Tief>=2, RSI<50",99,37,2.5,2.0,9.4,9.1,65.7,8.6,5.4,35.1
SHW,"alt: Tief>=2, RSI<50",259,93,2.75,2.5,3.7,4.2,61.0,2.9,2.2,52.7
SIE.DE,0 P,404,98,3.75,3.75,6.4,0.2,62.9,2.7,0.0,62.2
SIE.DE,1 P,675,156,2.75,2.75,3.3,1.8,61.9,12.1,1.9,59.6
SIE.DE,2+ P,144,33,2.0,1.75,-0.8,6.9,60.4,13.0,6.1,54.5
SIE.DE,"2+ P, Tief>=2",106,20,1.75,1.75,4.2,6.6,62.3,8.8,5.0,60.0
SIE.DE,"2+ P, Tief>=2, RSI<50",79,14,2.0,2.0,4.9,6.3,63.3,10.2,0.0,50.0
SIE.DE,"alt: Tief>=2, RSI<50",351,57,2.75,2.75,6.5,3.1,63.8,3.7,1.8,43.9
SMFG,0 P,425,135,,,,,,,,
SMFG,1 P,519,142,3.25,3.5,7.9,0.8,60.5,29.0,1.4,72.5
SMFG,2+ P,165,26,2.0,2.25,17.2,4.2,61.8,35.8,0.0,84.6
SMFG,"2+ P, Tief>=2",127,15,2.0,2.25,21.2,3.1,60.6,46.2,0.0,86.7
SMFG,"2+ P, Tief>=2, RSI<50",113,10,2.0,2.25,24.9,2.7,61.9,78.8,0.0,100.0
SMFG,"alt: Tief>=2, RSI<50",429,60,3.0,3.25,12.7,1.4,60.4,68.1,8.3,80.0
SNDK,0 P,0,28,1.0,,,,,,,
SNDK,1 P,0,60,0.25,,,,,,,
SNDK,2+ P,0,11,0.25,,,,,,,
SNDK,"2+ P, Tief>=2",0,8,,,,,,,,
SNDK,"2+ P, Tief>=2, RSI<50",0,0,,,,,,,,
SNDK,"alt: Tief>=2, RSI<50",0,19,0.25,,,,,,,
SNOW,0 P,61,88,3.75,3.75,-6.7,0.0,62.3,26.0,3.4,60.2
SNOW,1 P,78,128,3.75,4.0,-2.2,0.0,65.4,15.0,0.0,63.3
SNOW,2+ P,19,58,2.5,3.0,5.1,0.0,63.2,24.0,0.0,65.5
SNOW,"2+ P, Tief>=2",14,45,1.5,2.0,7.1,0.0,64.3,37.0,2.2,62.2
SNOW,"2+ P, Tief>=2, RSI<50",12,37,2.5,2.0,9.3,0.0,66.7,42.6,2.7,54.1
SNOW,"alt: Tief>=2, RSI<50",69,103,3.5,3.5,-0.2,0.0,62.3,23.6,0.0,66.0
SNPS,0 P,391,81,3.0,2.75,11.5,1.8,60.4,-7.0,4.9,48.1
SNPS,1 P,646,131,2.5,2.25,10.5,2.9,61.1,8.7,4.6,48.1
SNPS,2+ P,177,49,1.0,0.75,52.4,10.7,61.6,31.7,18.4,46.9
SNPS,"2+ P, Tief>=2",114,35,1.5,1.5,17.1,6.1,64.0,13.3,2.9,57.1
SNPS,"2+ P, Tief>=2, RSI<50",85,27,2.25,1.75,22.7,1.2,60.0,15.8,0.0,55.6
SNPS,"alt: Tief>=2, RSI<50",286,81,2.5,2.25,16.6,4.2,60.8,29.8,1.2,55.6
SNY,0 P,584,85,,,,,,,,
SNY,1 P,791,158,3.75,3.75,-7.0,0.4,62.1,2.1,1.3,51.9
SNY,2+ P,200,55,2.75,3.25,0.4,0.0,64.5,8.4,5.5,74.5
SNY,"2+ P, Tief>=2",134,45,2.5,3.0,7.7,0.0,61.2,15.1,2.2,84.4
SNY,"2+ P, Tief>=2, RSI<50",107,34,2.25,2.5,14.7,0.0,61.7,3.5,2.9,79.4
SNY,"alt: Tief>=2, RSI<50",498,128,3.25,3.25,3.2,1.6,61.8,3.6,4.7,63.3
SO,0 P,328,74,3.5,3.5,5.6,0.0,61.0,17.1,0.0,66.2
SO,1 P,603,126,2.5,2.75,4.1,1.8,61.4,8.7,0.8,70.6
SO,2+ P,201,45,2.0,2.0,-3.5,5.0,62.2,5.0,2.2,57.8
SO,"2+ P, Tief>=2",132,26,1.75,1.75,-9.4,8.3,62.1,-0.8,3.8,65.4
SO,"2+ P, Tief>=2, RSI<50",106,23,2.0,2.0,-9.0,7.5,63.2,-6.3,0.0,65.2
SO,"alt: Tief>=2, RSI<50",288,59,2.5,2.25,-1.3,4.5,60.4,5.1,0.0,50.8
SONY,0 P,499,129,,,,,,,,
SONY,1 P,730,159,4.0,4.0,6.2,1.1,60.7,0.4,0.6,65.4
SONY,2+ P,203,41,,4.0,2.9,0.5,60.1,1.1,0.0,53.7
SONY,"2+ P, Tief>=2",145,32,,,,,,,,
SONY,"2+ P, Tief>=2, RSI<50",120,27,,,,,,,,
SONY,"alt: Tief>=2, RSI<50",473,98,,,,,,,,
SPG,0 P,374,85,3.25,3.25,5.5,0.8,61.2,-0.3,2.4,67.1
SPG,1 P,634,155,2.25,2.5,-3.6,1.7,60.9,5.6,0.6,73.5
SPG,2+ P,169,29,2.5,2.75,1.6,0.0,62.7,8.6,0.0,75.9
SPG,"2+ P, Tief>=2",115,24,2.5,2.75,1.1,0.0,61.7,6.2,0.0,75.0
SPG,"2+ P, Tief>=2, RSI<50",90,18,2.75,3.25,2.9,0.0,60.0,8.4,0.0,83.3
SPG,"alt: Tief>=2, RSI<50",341,61,3.25,3.5,-0.7,0.6,60.4,5.0,0.0,77.0
SPGI,0 P,320,86,,,,,,,,
SPGI,1 P,688,132,3.0,3.0,8.2,1.3,61.6,-0.5,4.5,54.5
SPGI,2+ P,198,45,2.0,2.0,14.3,3.0,61.1,6.8,0.0,73.3
SPGI,"2+ P, Tief>=2",156,25,2.0,2.0,15.5,2.6,60.9,7.4,0.0,64.0
SPGI,"2+ P, Tief>=2, RSI<50",112,18,2.5,2.75,16.6,0.0,61.6,4.3,0.0,72.2
SPGI,"alt: Tief>=2, RSI<50",309,54,3.5,3.75,8.6,0.0,62.1,6.8,1.9,70.4
SPOT,0 P,107,88,3.5,,,,,,,
SPOT,1 P,168,149,2.75,4.0,4.7,0.0,63.1,22.4,0.7,83.2
SPOT,2+ P,72,30,2.0,2.75,1.1,1.4,62.5,19.9,0.0,73.3
SPOT,"2+ P, Tief>=2",53,17,2.0,3.0,-6.3,1.9,62.3,22.0,0.0,82.4
SPOT,"2+ P, Tief>=2, RSI<50",46,14,2.75,3.0,-8.7,2.2,60.9,30.7,0.0,78.6
SPOT,"alt: Tief>=2, RSI<50",131,61,3.5,4.0,-2.4,0.0,61.1,32.0,0.0,73.8
SRT3.DE,0 P,283,82,,3.75,12.3,1.1,61.1,-13.3,4.9,46.3
SRT3.DE,1 P,636,130,2.75,2.25,18.0,5.2,60.5,-14.6,13.1,34.6
SRT3.DE,2+ P,194,41,2.25,2.25,19.9,1.5,62.9,-20.4,9.8,46.3
SRT3.DE,"2+ P, Tief>=2",111,37,2.75,2.75,11.5,0.9,60.4,-21.8,8.1,64.9
SRT3.DE,"2+ P, Tief>=2, RSI<50",78,27,3.0,3.0,11.3,1.3,60.3,-20.2,11.1,59.3
SRT3.DE,"alt: Tief>=2, RSI<50",287,110,3.75,3.25,2.7,1.7,60.6,-19.8,10.0,47.3
STX,0 P,344,79,3.75,4.0,7.0,1.7,60.2,26.2,0.0,77.2
STX,1 P,610,155,2.75,3.25,6.5,2.0,60.0,26.2,1.3,83.9
STX,2+ P,199,36,4.0,,,,,,,
STX,"2+ P, Tief>=2",142,19,,,,,,,,
STX,"2+ P, Tief>=2, RSI<50",121,14,,,,,,,,
STX,"alt: Tief>=2, RSI<50",372,41,,,,,,,,
SY1.DE,0 P,340,63,3.25,3.25,6.0,0.6,62.4,-2.4,0.0,69.8
SY1.DE,1 P,634,143,3.0,2.75,-1.3,1.4,61.8,-6.8,4.9,51.7
SY1.DE,2+ P,202,41,2.0,1.75,-3.9,3.0,62.4,-18.5,12.2,41.5
SY1.DE,"2+ P, Tief>=2",141,33,2.0,1.75,-2.9,2.8,61.7,-18.4,12.1,42.4
SY1.DE,"2+ P, Tief>=2, RSI<50",99,28,2.5,2.0,-1.5,0.0,63.6,-16.7,10.7,39.3
SY1.DE,"alt: Tief>=2, RSI<50",301,98,2.5,2.5,-2.2,4.0,62.8,-6.5,3.1,52.0
SYK,0 P,410,98,3.5,3.25,6.1,2.4,60.2,8.7,0.0,53.1
SYK,1 P,654,134,2.5,2.25,8.1,4.3,61.6,1.7,4.5,41.8
SYK,2+ P,175,44,1.75,1.5,23.0,7.4,60.6,23.0,9.1,56.8
SYK,"2+ P, Tief>=2",126,34,1.25,1.25,32.9,7.9,61.1,42.4,2.9,61.8
SYK,"2+ P, Tief>=2, RSI<50",79,27,2.0,2.0,35.8,2.5,62.0,38.8,3.7,70.4
SYK,"alt: Tief>=2, RSI<50",316,64,2.5,2.5,17.4,3.5,61.7,5.5,0.0,51.6
T,0 P,356,77,3.75,3.75,0.1,2.0,60.7,0.7,2.6,61.0
T,1 P,656,115,3.25,3.25,-2.1,1.7,61.3,-3.6,2.6,62.6
T,2+ P,167,30,3.5,3.75,-5.4,0.0,61.1,6.0,0.0,70.0
T,"2+ P, Tief>=2",130,17,3.75,3.5,-4.0,0.0,60.0,-11.6,0.0,52.9
T,"2+ P, Tief>=2, RSI<50",101,13,,,,,,,,
T,"alt: Tief>=2, RSI<50",450,55,3.5,3.5,0.8,1.3,62.0,-4.3,3.6,49.1
TD,0 P,389,89,,4.0,1.3,0.3,61.2,6.6,3.4,51.7
TD,1 P,699,125,3.25,3.5,1.8,0.0,60.2,21.2,4.0,73.6
TD,2+ P,191,45,2.25,2.5,9.5,2.6,62.3,7.0,0.0,75.6
TD,"2+ P, Tief>=2",134,30,2.25,2.75,9.3,2.2,62.7,-1.2,0.0,80.0
TD,"2+ P, Tief>=2, RSI<50",108,23,2.75,3.5,8.4,0.0,62.0,-4.6,0.0,87.0
TD,"alt: Tief>=2, RSI<50",334,59,3.5,3.75,3.3,0.3,60.8,27.8,1.7,71.2
TEAM,0 P,147,83,3.5,2.75,16.7,0.7,61.2,-4.2,6.0,43.4
TEAM,1 P,289,121,2.5,1.75,28.3,7.3,61.6,21.1,13.2,37.2
TEAM,2+ P,75,49,2.5,1.75,1.7,5.3,60.0,30.0,14.3,40.8
TEAM,"2+ P, Tief>=2",56,45,2.5,1.0,7.3,10.7,60.7,55.9,28.9,35.6
TEAM,"2+ P, Tief>=2, RSI<50",44,37,2.5,2.0,10.1,2.3,61.4,39.9,5.4,45.9
TEAM,"alt: Tief>=2, RSI<50",122,98,3.25,2.5,9.2,1.6,62.3,24.0,3.1,42.9
TJX,0 P,407,80,2.75,2.5,17.8,2.2,60.2,33.3,2.5,58.8
TJX,1 P,679,130,2.0,2.0,7.4,4.0,61.9,14.0,9.2,56.9
TJX,2+ P,146,36,1.5,1.75,10.6,6.2,61.0,9.4,2.8,77.8
TJX,"2+ P, Tief>=2",103,15,1.5,1.75,15.8,5.8,63.1,28.0,6.7,73.3
TJX,"2+ P, Tief>=2, RSI<50",82,10,2.0,2.0,18.4,4.9,62.2,26.2,0.0,80.0
TJX,"alt: Tief>=2, RSI<50",284,29,1.75,1.5,24.2,11.6,61.3,-0.7,31.0,41.4
TM,0 P,573,124,,,,,,,,
TM,1 P,742,155,,,,,,,,
TM,2+ P,182,47,3.25,2.75,0.3,1.1,61.0,-4.0,2.1,53.2
TM,"2+ P, Tief>=2",144,33,3.5,3.25,-3.5,1.4,60.4,-5.0,3.0,51.5
TM,"2+ P, Tief>=2, RSI<50",120,28,3.5,3.25,-2.0,0.8,60.0,-9.1,3.6,46.4
TM,"alt: Tief>=2, RSI<50",532,119,,,,,,,,
TMO,0 P,350,72,3.0,3.0,8.8,0.3,64.3,-5.9,2.8,48.6
TMO,1 P,643,135,2.5,2.25,9.1,1.4,62.5,-2.4,7.4,45.9
TMO,2+ P,202,57,1.75,1.5,22.7,5.4,61.9,-20.0,8.8,42.1
TMO,"2+ P, Tief>=2",122,37,1.75,1.5,20.8,5.7,61.5,-24.2,5.4,29.7
TMO,"2+ P, Tief>=2, RSI<50",92,35,2.0,1.75,19.7,3.3,66.3,-24.7,5.7,34.3
TMO,"alt: Tief>=2, RSI<50",251,89,2.5,2.0,23.9,2.8,62.9,-2.8,9.0,39.3
TMUS,0 P,317,77,3.0,3.0,14.6,1.3,61.5,2.2,1.3,57.1
TMUS,1 P,608,127,2.25,2.25,7.4,2.6,60.7,6.0,7.1,56.7
TMUS,2+ P,159,44,3.25,3.25,-1.0,1.3,61.0,3.7,0.0,65.9
TMUS,"2+ P, Tief>=2",94,41,3.25,,,,,,,
TMUS,"2+ P, Tief>=2, RSI<50",67,35,3.75,,,,,,,
TMUS,"alt: Tief>=2, RSI<50",257,78,3.25,2.75,2.3,1.2,60.3,-10.6,2.6,43.6
TRV,0 P,407,83,3.75,3.75,1.0,1.2,62.9,2.7,3.6,59.0
TRV,1 P,679,133,2.75,2.5,-1.5,2.2,60.5,18.4,1.5,55.6
TRV,2+ P,177,44,1.0,1.25,0.2,10.7,61.6,14.2,13.6,70.5
TRV,"2+ P, Tief>=2",137,35,1.0,0.75,-0.5,15.3,60.6,0.3,20.0,45.7
TRV,"2+ P, Tief>=2, RSI<50",109,28,1.5,1.5,-2.2,10.1,61.5,-2.3,10.7,60.7
TRV,"alt: Tief>=2, RSI<50",363,80,2.5,2.5,-1.8,1.9,62.0,6.1,2.5,73.8
TSLA,0 P,253,80,,,,,,,,
TSLA,1 P,463,148,3.25,3.0,21.0,1.1,60.5,11.0,3.4,54.7
TSLA,2+ P,145,25,1.5,1.75,10.6,4.8,60.7,43.9,0.0,68.0
TSLA,"2+ P, Tief>=2",100,21,1.75,2.0,12.0,6.0,62.0,37.7,0.0,71.4
TSLA,"2+ P, Tief>=2, RSI<50",75,14,2.0,2.0,13.7,6.7,62.7,67.6,0.0,57.1
TSLA,"alt: Tief>=2, RSI<50",272,83,3.25,3.0,15.8,1.1,60.7,22.3,3.6,56.6
TSM,0 P,420,89,3.25,3.5,7.0,0.5,60.7,5.6,0.0,71.9
TSM,1 P,714,164,2.75,3.0,8.6,0.7,61.6,18.5,0.0,75.6
TSM,2+ P,173,37,2.25,2.25,-3.8,1.7,61.3,40.2,0.0,67.6
TSM,"2+ P, Tief>=2",126,23,2.25,2.5,-1.0,1.6,61.9,43.7,0.0,69.6
TSM,"2+ P, Tief>=2, RSI<50",101,18,2.75,2.75,-1.6,2.0,62.4,45.1,0.0,66.7
TSM,"alt: Tief>=2, RSI<50",388,54,3.0,3.0,9.2,1.5,60.6,16.2,0.0,70.4
TTD,0 P,122,76,,4.0,6.8,0.8,60.7,3.6,5.3,53.9
TTD,1 P,231,142,3.5,2.75,10.9,0.9,60.2,4.2,5.6,47.2
TTD,2+ P,76,44,1.5,0.75,70.6,13.2,64.5,22.6,31.8,34.1
TTD,"2+ P, Tief>=2",51,29,1.5,0.75,50.4,11.8,64.7,17.3,31.0,31.0
TTD,"2+ P, Tief>=2, RSI<50",38,26,2.5,0.75,50.0,15.8,60.5,16.5,34.6,26.9
TTD,"alt: Tief>=2, RSI<50",122,72,3.0,1.75,59.7,8.2,60.7,2.9,20.8,23.6
TTE,0 P,590,111,,,,,,,,
TTE,1 P,795,194,3.75,3.5,-1.4,0.4,60.8,-5.7,0.0,56.2
TTE,2+ P,201,31,3.5,3.5,11.4,0.0,60.2,1.8,0.0,71.0
TTE,"2+ P, Tief>=2",148,21,3.75,3.5,10.5,0.0,60.1,-11.8,0.0,57.1
TTE,"2+ P, Tief>=2, RSI<50",126,17,4.0,,,,,,,
TTE,"alt: Tief>=2, RSI<50",513,89,3.75,4.0,1.7,0.0,61.0,2.6,0.0,68.5
TTWO,0 P,346,71,3.5,3.5,3.2,0.9,60.4,-2.6,8.5,67.6
TTWO,1 P,638,153,2.75,2.75,5.8,1.4,60.0,2.7,3.3,64.7
TTWO,2+ P,185,34,1.75,2.0,11.7,4.9,62.2,4.0,0.0,79.4
TTWO,"2+ P, Tief>=2",127,29,1.75,2.25,13.6,3.1,63.8,6.6,0.0,86.2
TTWO,"2+ P, Tief>=2, RSI<50",94,18,2.25,2.5,17.0,2.1,61.7,14.4,0.0,83.3
TTWO,"alt: Tief>=2, RSI<50",336,55,3.0,3.25,3.2,0.0,62.8,11.3,9.1,85.5
TXN,0 P,419,87,3.0,2.75,9.3,1.2,63.5,0.3,2.3,29.9
TXN,1 P,692,143,2.25,2.0,-0.6,4.8,61.1,8.8,4.2,41.3
TXN,2+ P,147,55,2.25,2.0,-2.8,3.4,61.2,17.7,0.0,56.4
TXN,"2+ P, Tief>=2",98,48,2.0,2.0,-0.2,4.1,62.2,13.2,0.0,58.3
TXN,"2+ P, Tief>=2, RSI<50",71,35,2.25,2.25,4.9,4.2,60.6,10.0,0.0,60.0
TXN,"alt: Tief>=2, RSI<50",291,109,2.75,2.0,5.5,6.5,60.1,-4.6,5.5,36.7
UBER,0 P,95,82,3.75,4.0,10.0,0.0,61.1,-11.9,0.0,64.6
UBER,1 P,148,135,3.0,3.75,-11.3,0.0,61.5,-3.6,0.7,71.9
UBER,2+ P,20,38,2.5,2.75,-4.2,0.0,60.0,0.6,2.6,68.4
UBER,"2+ P, Tief>=2",12,31,2.5,2.75,11.5,0.0,66.7,8.8,3.2,67.7
UBER,"2+ P, Tief>=2, RSI<50",11,17,2.5,2.5,14.9,0.0,63.6,0.3,5.9,58.8
UBER,"alt: Tief>=2, RSI<50",96,74,3.25,3.5,-1.9,0.0,64.6,5.8,0.0,66.2
UBS,0 P,568,104,,,,,,,,
UBS,1 P,749,171,,,,,,,,
UBS,2+ P,191,30,,,,,,,,
UBS,"2+ P, Tief>=2",147,20,,,,,,,,
UBS,"2+ P, Tief>=2, RSI<50",124,17,,,,,,,,
UBS,"alt: Tief>=2, RSI<50",526,83,,,,,,,,
UL,0 P,591,112,,,,,,,,
UL,1 P,788,141,3.75,3.5,-0.3,0.6,60.7,-2.1,0.7,54.6
UL,2+ P,180,66,3.0,3.25,-4.6,1.1,62.2,26.1,3.0,66.7
UL,"2+ P, Tief>=2",115,45,2.75,3.0,1.6,0.9,60.0,28.4,6.7,68.9
UL,"2+ P, Tief>=2, RSI<50",95,36,2.75,3.0,5.5,1.1,62.1,34.5,8.3,66.7
UL,"alt: Tief>=2, RSI<50",438,133,3.5,3.5,5.7,1.6,62.8,1.8,4.5,54.9
UNH,0 P,396,73,3.5,3.5,4.9,1.0,64.1,-8.5,2.7,43.8
UNH,1 P,691,126,2.75,2.25,5.8,2.6,60.6,-1.1,12.7,31.7
UNH,2+ P,121,51,2.25,2.0,14.7,5.8,60.3,13.7,9.8,52.9
UNH,"2+ P, Tief>=2",72,43,2.25,1.75,39.8,5.6,61.1,25.8,9.3,46.5
UNH,"2+ P, Tief>=2, RSI<50",58,36,2.75,1.5,52.8,8.6,60.3,25.8,16.7,38.9
UNH,"alt: Tief>=2, RSI<50",292,98,2.75,2.0,37.0,6.2,61.6,-0.9,14.3,31.6
UNP,0 P,389,87,3.25,3.25,1.5,2.1,62.5,4.3,0.0,57.5
UNP,1 P,639,124,2.5,2.5,-0.3,3.0,60.3,16.2,0.8,62.1
UNP,2+ P,212,50,1.75,2.0,16.7,4.2,63.7,25.9,2.0,72.0
UNP,"2+ P, Tief>=2",159,42,1.75,1.75,17.8,6.9,60.4,30.8,2.4,71.4
UNP,"2+ P, Tief>=2, RSI<50",118,35,2.0,2.5,13.4,2.5,60.2,32.8,0.0,82.9
UNP,"alt: Tief>=2, RSI<50",298,101,2.25,2.75,14.1,2.0,63.8,22.2,0.0,76.2
UPS,0 P,410,73,,,,,,,,
UPS,1 P,685,127,3.5,3.0,4.3,2.5,60.7,-6.1,10.2,42.5
UPS,2+ P,139,52,2.0,1.75,-3.4,7.9,60.4,-16.8,7.7,50.0
UPS,"2+ P, Tief>=2",92,46,2.25,2.0,-4.3,4.3,60.9,-20.1,6.5,50.0
UPS,"2+ P, Tief>=2, RSI<50",72,42,2.5,2.0,-6.4,5.6,61.1,-19.5,7.1,50.0
UPS,"alt: Tief>=2, RSI<50",302,113,2.75,2.75,-0.4,4.0,62.3,-8.5,8.8,54.0
USB,0 P,446,83,4.0,4.0,-2.1,0.7,62.8,13.2,0.0,59.0
USB,1 P,680,141,3.0,3.0,-1.1,0.9,60.7,17.2,0.7,63.1
USB,2+ P,145,46,1.75,2.5,0.1,1.4,60.0,30.8,0.0,80.4
USB,"2+ P, Tief>=2",104,41,1.25,2.0,-5.5,1.9,63.5,37.0,2.4,78.0
USB,"2+ P, Tief>=2, RSI<50",86,33,1.75,2.0,-8.6,2.3,61.6,43.7,3.0,72.7
USB,"alt: Tief>=2, RSI<50",385,106,2.75,2.75,5.7,2.1,60.5,21.5,0.0,61.3
V,0 P,330,74,2.75,2.75,18.3,1.2,62.4,-8.6,2.7,51.4
V,1 P,638,131,2.5,2.25,6.9,2.7,60.8,-4.0,3.1,54.2
V,2+ P,152,56,1.25,1.25,23.2,9.2,63.8,7.4,5.4,50.0
V,"2+ P, Tief>=2",84,28,1.25,0.75,48.4,15.5,64.3,2.6,10.7,35.7
V,"2+ P, Tief>=2, RSI<50",54,20,1.75,0.75,66.1,16.7,61.1,9.4,15.0,35.0
V,"alt: Tief>=2, RSI<50",198,51,2.75,2.75,9.4,1.5,61.1,1.0,0.0,70.6
VLO,0 P,351,78,4.0,4.0,8.9,0.0,62.1,13.5,0.0,73.1
VLO,1 P,621,149,2.75,2.75,12.1,0.8,60.5,0.8,1.3,61.1
VLO,2+ P,165,33,1.75,2.0,26.4,1.2,61.2,26.4,0.0,66.7
VLO,"2+ P, Tief>=2",130,29,2.0,2.0,29.7,1.5,62.3,31.3,0.0,62.1
VLO,"2+ P, Tief>=2, RSI<50",106,26,1.75,1.75,40.7,1.9,61.3,37.8,0.0,65.4
VLO,"alt: Tief>=2, RSI<50",368,78,2.75,2.75,14.1,0.5,61.1,18.1,0.0,60.3
VNA.DE,0 P,182,75,3.75,3.0,11.8,1.6,60.4,3.5,0.0,46.7
VNA.DE,1 P,379,147,3.75,3.0,3.2,0.0,60.7,-5.3,2.7,46.3
VNA.DE,2+ P,126,38,3.0,2.5,12.7,0.0,60.3,-5.0,2.6,52.6
VNA.DE,"2+ P, Tief>=2",92,29,2.25,2.0,13.2,4.3,62.0,-16.4,3.4,48.3
VNA.DE,"2+ P, Tief>=2, RSI<50",65,24,2.5,2.25,16.2,1.5,64.6,-13.8,4.2,45.8
VNA.DE,"alt: Tief>=2, RSI<50",193,101,3.25,2.5,14.4,1.6,61.7,-6.9,4.0,39.6
VOW3.DE,0 P,334,72,,3.75,3.9,0.9,60.8,-13.4,1.4,33.3
VOW3.DE,1 P,607,131,3.5,3.25,3.7,2.0,61.6,-14.2,3.1,45.8
VOW3.DE,2+ P,199,39,2.5,2.5,7.6,3.5,61.8,10.7,2.6,64.1
VOW3.DE,"2+ P, Tief>=2",141,32,2.5,2.75,4.1,2.8,63.1,11.9,0.0,65.6
VOW3.DE,"2+ P, Tief>=2, RSI<50",115,28,2.75,2.75,1.7,3.5,60.9,15.4,0.0,64.3
VOW3.DE,"alt: Tief>=2, RSI<50",379,96,4.0,3.5,4.8,2.6,61.2,-1.9,2.1,42.7
VRSK,0 P,298,82,3.0,2.5,13.2,4.4,60.7,-14.5,6.1,41.5
VRSK,1 P,525,144,2.5,2.25,12.3,5.9,61.7,-7.0,9.0,50.0
VRSK,2+ P,161,44,2.0,2.0,6.9,5.0,64.0,-15.0,18.2,52.3
VRSK,"2+ P, Tief>=2",93,29,2.0,1.5,15.0,10.8,61.3,-14.3,24.1,37.9
VRSK,"2+ P, Tief>=2, RSI<50",65,25,3.0,2.0,15.3,7.7,64.6,-26.7,24.0,32.0
VRSK,"alt: Tief>=2, RSI<50",210,86,3.0,1.75,15.6,7.1,60.5,-35.3,26.7,19.8
VRTX,0 P,339,80,3.25,3.5,6.5,1.8,61.9,7.0,3.8,66.2
VRTX,1 P,673,127,2.75,3.0,4.3,1.8,60.0,-0.3,2.4,71.7
VRTX,2+ P,125,43,1.0,1.5,8.0,7.2,64.0,84.0,11.6,76.7
VRTX,"2+ P, Tief>=2",91,34,1.25,1.5,9.2,8.8,61.5,96.0,5.9,79.4
VRTX,"2+ P, Tief>=2, RSI<50",70,20,1.5,2.0,-2.8,5.7,61.4,115.9,10.0,85.0
VRTX,"alt: Tief>=2, RSI<50",387,76,2.25,3.0,7.5,3.4,61.5,43.8,2.6,86.8
VZ,0 P,380,66,,4.0,0.8,0.5,61.3,-3.9,1.5,50.0
VZ,1 P,640,147,3.25,3.0,1.7,0.8,60.5,-6.0,4.8,56.5
VZ,2+ P,154,34,3.5,3.25,3.7,0.6,61.0,13.6,0.0,52.9
VZ,"2+ P, Tief>=2",120,24,3.5,3.25,6.4,0.8,60.0,18.3,0.0,45.8
VZ,"2+ P, Tief>=2, RSI<50",93,20,3.75,3.5,7.8,1.1,60.2,16.4,0.0,55.0
VZ,"alt: Tief>=2, RSI<50",374,90,3.5,3.0,5.4,0.5,60.4,10.5,1.1,41.1
WBD,0 P,308,68,4.0,4.0,3.4,0.3,63.6,5.1,2.9,52.9
WBD,1 P,621,141,3.0,3.0,2.7,0.2,62.6,14.1,1.4,56.0
WBD,2+ P,230,41,2.75,2.75,0.5,1.3,60.0,25.0,4.9,68.3
WBD,"2+ P, Tief>=2",141,31,3.0,3.0,2.4,2.1,63.1,24.7,6.5,64.5
WBD,"2+ P, Tief>=2, RSI<50",119,19,3.0,3.0,1.1,2.5,60.5,33.0,10.5,63.2
WBD,"alt: Tief>=2, RSI<50",359,79,3.0,2.75,10.1,1.1,60.7,7.0,12.7,46.8
WDAY,0 P,219,93,3.25,2.75,-0.2,3.7,61.6,-16.0,4.3,50.5
WDAY,1 P,379,121,3.0,2.75,4.7,1.8,60.9,-2.4,3.3,48.8
WDAY,2+ P,117,53,2.0,1.5,8.6,9.4,65.0,-22.5,35.8,37.7
WDAY,"2+ P, Tief>=2",78,42,1.5,1.25,10.3,10.3,66.7,-34.2,47.6,33.3
WDAY,"2+ P, Tief>=2, RSI<50",53,32,2.0,1.5,8.5,5.7,67.9,-45.1,40.6,25.0
WDAY,"alt: Tief>=2, RSI<50",194,89,2.75,2.0,21.3,8.2,61.3,-14.1,18.0,36.0
WDC,0 P,353,84,3.75,4.0,8.0,0.3,60.6,45.2,0.0,75.0
WDC,1 P,621,157,3.25,3.5,5.0,0.2,61.4,36.3,0.0,70.1
WDC,2+ P,192,42,2.5,3.0,6.6,0.5,60.4,45.2,2.4,78.6
WDC,"2+ P, Tief>=2",142,25,3.0,3.25,6.8,0.0,60.6,75.6,4.0,76.0
WDC,"2+ P, Tief>=2, RSI<50",114,16,3.5,3.75,5.5,0.0,64.0,65.3,6.2,68.8
WDC,"alt: Tief>=2, RSI<50",364,46,3.75,,,,,,,
WELL,0 P,344,74,3.25,3.75,2.8,0.3,61.3,15.7,0.0,89.2
WELL,1 P,630,170,2.25,2.75,2.7,0.3,61.0,13.2,1.2,84.1
WELL,2+ P,167,14,2.5,3.0,5.2,0.0,61.7,18.8,0.0,92.9
WELL,"2+ P, Tief>=2",137,5,2.0,2.0,10.0,6.6,61.3,,,
WELL,"2+ P, Tief>=2, RSI<50",114,3,2.5,2.75,7.5,0.0,60.5,,,
WELL,"alt: Tief>=2, RSI<50",356,30,2.25,2.75,9.6,0.3,60.4,23.1,0.0,100.0
WFC,0 P,391,73,,,,,,,,
WFC,1 P,667,145,3.0,3.0,-2.8,0.9,60.4,8.3,0.7,62.1
WFC,2+ P,205,39,2.5,2.5,2.0,0.0,60.0,21.9,0.0,76.9
WFC,"2+ P, Tief>=2",150,36,2.0,2.25,3.6,0.7,60.0,22.1,0.0,69.4
WFC,"2+ P, Tief>=2, RSI<50",124,22,2.5,2.5,3.0,0.0,61.3,27.5,0.0,77.3
WFC,"alt: Tief>=2, RSI<50",378,68,3.0,3.0,-4.1,0.5,61.9,6.2,0.0,61.8
WMT,0 P,396,74,3.25,3.25,1.8,2.8,60.1,0.7,5.4,73.0
WMT,1 P,616,131,2.5,2.75,5.1,2.6,61.5,26.1,1.5,77.1
WMT,2+ P,185,23,1.75,1.75,3.4,3.8,60.5,50.8,8.7,69.6
WMT,"2+ P, Tief>=2",143,10,1.5,1.5,8.0,7.0,62.9,116.3,0.0,80.0
WMT,"2+ P, Tief>=2, RSI<50",112,8,1.75,2.0,6.5,3.6,61.6,,,
WMT,"alt: Tief>=2, RSI<50",364,36,2.75,2.75,2.9,5.8,60.2,54.6,5.6,77.8
XEL,0 P,339,72,3.0,3.0,7.6,0.9,61.4,-3.9,1.4,68.1
XEL,1 P,645,131,2.25,2.25,7.2,1.6,60.8,1.7,0.8,60.3
XEL,2+ P,180,41,1.75,1.75,18.4,1.7,61.7,-10.5,4.9,61.0
XEL,"2+ P, Tief>=2",127,31,1.5,1.5,21.5,6.3,61.4,-2.6,6.5,71.0
XEL,"2+ P, Tief>=2, RSI<50",99,29,1.5,1.75,27.3,2.0,61.6,-1.6,6.9,69.0
XEL,"alt: Tief>=2, RSI<50",285,78,2.0,2.0,17.4,3.2,60.7,-4.7,2.6,61.5
XOM,0 P,472,90,3.75,4.0,2.3,0.4,62.3,-0.5,0.0,77.8
XOM,1 P,691,153,3.25,3.5,3.5,0.0,60.8,2.6,0.0,73.9
XOM,2+ P,145,35,2.25,2.75,4.5,0.0,60.0,11.6,0.0,71.4
XOM,"2+ P, Tief>=2",111,27,3.25,3.5,2.8,0.0,60.4,6.5,0.0,81.5
XOM,"2+ P, Tief>=2, RSI<50",90,22,3.75,4.0,3.0,0.0,61.1,11.1,0.0,86.4
XOM,"alt: Tief>=2, RSI<50",386,79,3.25,3.75,1.7,0.0,60.6,0.3,0.0,82.3
ZAL.DE,0 P,144,78,4.0,3.75,12.7,2.8,61.1,-2.0,1.3,51.3
ZAL.DE,1 P,299,121,3.75,3.0,11.2,3.0,60.9,-13.5,3.3,32.2
ZAL.DE,2+ P,126,39,3.25,2.25,4.6,5.6,60.3,2.3,7.7,46.2
ZAL.DE,"2+ P, Tief>=2",73,30,4.0,,,,,,,
ZAL.DE,"2+ P, Tief>=2, RSI<50",63,21,4.0,,,,,,,
ZAL.DE,"alt: Tief>=2, RSI<50",165,85,,,,,,,,
ZS,0 P,84,65,3.5,3.5,3.0,0.0,61.9,9.1,7.7,63.1
ZS,1 P,187,132,3.0,2.5,9.8,4.3,62.0,11.8,4.5,42.4
ZS,2+ P,61,49,2.5,1.75,25.1,8.2,62.3,-16.6,20.4,36.7
ZS,"2+ P, Tief>=2",41,41,3.0,2.0,17.5,4.9,65.9,-13.0,9.8,36.6
ZS,"2+ P, Tief>=2, RSI<50",30,36,3.0,2.0,26.6,6.7,60.0,-23.2,11.1,30.6
ZS,"alt: Tief>=2, RSI<50",93,91,2.75,2.0,7.7,5.4,62.4,17.2,11.0,42.9
