ticker,n_alt,n_neu,alt_2,neu_2,diff_2,alt_3,neu_3,diff_3
AAPL,131,65,58.8,61.5,-2.8,63.4,67.7,-4.3
ABBV,66,59,60.6,52.5,8.1,68.2,61.0,7.2
ABT,127,82,60.6,51.2,9.4,68.5,59.8,8.7
ACN,121,84,58.7,48.8,9.9,70.2,57.1,13.1
ADBE,125,69,61.6,33.3,28.3,70.4,47.8,22.6
ADI,138,85,55.8,63.5,-7.7,65.9,71.8,-5.8
ADP,117,80,57.3,52.5,4.8,65.0,63.7,1.2
ADS.DE,119,94,59.7,44.7,15.0,73.1,59.6,13.5
ADSK,134,72,50.0,56.9,-6.9,57.5,62.5,-5.0
AEP,117,61,59.8,62.3,-2.5,67.5,78.7,-11.2
AIR.DE,147,78,52.4,55.1,-2.7,68.0,59.0,9.1
ALV.DE,140,62,65.0,53.2,11.8,75.0,61.3,13.7
AMAT,128,83,45.3,51.8,-6.5,57.0,65.1,-8.0
AMD,109,83,46.8,53.0,-6.2,54.1,71.1,-17.0
AMGN,150,75,53.3,53.3,0.0,60.0,65.3,-5.3
AMT,138,89,66.7,40.4,26.2,72.5,66.3,6.2
AMZN,133,78,66.2,60.3,5.9,75.9,64.1,11.8
ANET,41,67,46.3,61.2,-14.9,61.0,82.1,-21.1
APH,130,65,63.1,60.0,3.1,71.5,73.8,-2.3
ASML,151,74,50.3,45.9,4.4,60.9,56.8,4.2
AVGO,87,69,71.3,68.1,3.1,78.2,73.9,4.2
AXON,122,68,51.6,66.2,-14.5,65.6,76.5,-10.9
AXP,160,78,54.4,67.9,-13.6,63.1,74.4,-11.2
AZN,179,76,45.3,44.7,0.5,53.1,59.2,-6.1
BABA,59,108,39.0,43.5,-4.5,54.2,53.7,0.5
BAC,154,75,46.8,53.3,-6.6,55.2,60.0,-4.8
BAS.DE,136,86,57.4,50.0,7.4,63.2,62.8,0.4
BAYN.DE,137,78,54.0,41.0,13.0,67.2,55.1,12.0
BBVA,196,82,38.8,62.2,-23.4,50.5,75.6,-25.1
BEI.DE,139,66,49.6,39.4,10.2,59.7,59.1,0.6
BHP,207,99,49.8,48.5,1.3,54.6,62.6,-8.0
BIIB,121,74,60.3,28.4,32.0,71.1,43.2,27.8
BKNG,116,79,60.3,55.7,4.6,69.0,70.9,-1.9
BKR,155,69,58.7,47.8,10.9,65.8,63.8,2.0
BLK,162,80,58.6,45.0,13.6,69.8,52.5,17.3
BMO,138,79,47.1,54.4,-7.3,57.2,63.3,-6.0
BMW.DE,144,69,54.2,43.5,10.7,67.4,52.2,15.2
BMY,130,85,58.5,48.2,10.2,70.0,58.8,11.2
BNR.DE,100,79,54.0,34.2,19.8,64.0,45.6,18.4
BNS,138,80,44.2,48.8,-4.5,58.0,63.7,-5.8
BNY,153,71,53.6,60.6,-7.0,66.0,76.1,-10.0
BP,184,89,47.3,46.1,1.2,57.1,57.3,-0.2
BRK-B,143,63,58.7,60.3,-1.6,71.3,74.6,-3.3
BTC-USD,47,69,72.3,53.6,18.7,76.6,59.4,17.2
BTI,180,93,47.2,48.4,-1.2,57.2,58.1,-0.8
BZ=F,146,63,42.5,46.0,-3.6,52.1,63.5,-11.4
C,157,66,49.7,48.5,1.2,59.9,65.2,-5.3
CAT,136,57,54.4,52.6,1.8,61.0,61.4,-0.4
CB,123,64,63.4,68.8,-5.3,75.6,76.6,-1.0
CBK.DE,167,53,35.3,64.2,-28.8,48.5,75.5,-27.0
CC=F,135,81,58.5,50.6,7.9,68.9,59.3,9.6
CCEP,131,78,54.2,52.6,1.6,67.2,64.1,3.1
CDNS,114,74,50.0,55.4,-5.4,59.6,64.9,-5.2
CDW,59,79,59.3,48.1,11.2,67.8,63.3,4.5
CHTR,77,75,68.8,37.3,31.5,74.0,53.3,20.7
CL,116,80,53.4,52.5,0.9,67.2,63.7,3.5
CL=F,154,60,50.6,51.7,-1.0,62.3,68.3,-6.0
CM,143,66,44.1,59.1,-15.0,52.4,69.7,-17.2
CMCSA,150,72,54.0,36.1,17.9,66.0,40.3,25.7
CNQ,166,73,48.2,56.2,-8.0,56.0,72.6,-16.6
COF,150,81,52.0,49.4,2.6,65.3,67.9,-2.6
CON.DE,132,64,51.5,46.9,4.6,61.4,57.8,3.6
COP,160,79,48.1,43.0,5.1,59.4,54.4,4.9
COST,120,59,60.0,57.6,2.4,67.5,59.3,8.2
CPRT,105,72,61.0,48.6,12.3,69.5,63.9,5.6
CRM,148,84,62.8,45.2,17.6,74.3,57.1,17.2
CSCO,134,52,55.2,59.6,-4.4,62.7,69.2,-6.5
CSGP,118,78,58.5,38.5,20.0,68.6,44.9,23.8
CSX,153,82,54.9,61.0,-6.1,64.7,70.7,-6.0
CTAS,126,65,60.3,69.2,-8.9,71.4,70.8,0.7
CTSH,133,88,55.6,37.5,18.1,63.2,48.9,14.3
CVS,109,78,61.5,55.1,6.3,70.6,62.8,7.8
CVX,119,72,45.4,43.1,2.3,57.1,54.2,3.0
DB1.DE,148,70,54.1,54.3,-0.2,73.6,68.6,5.1
DBK.DE,178,73,36.0,69.9,-33.9,46.1,78.1,-32.0
DE,134,75,58.2,42.7,15.5,67.9,69.3,-1.4
DELL,28,67,46.4,50.7,-4.3,57.1,61.2,-4.1
DHL.DE,144,70,51.4,47.1,4.2,61.1,55.7,5.4
DHR,154,74,61.7,51.4,10.3,72.1,66.2,5.9
DIS,139,84,56.1,39.3,16.8,67.6,53.6,14.1
DTE.DE,139,60,53.2,51.7,1.6,67.6,65.0,2.6
DUK,124,73,62.9,60.3,2.6,75.8,75.3,0.5
DXCM,99,68,59.6,51.5,8.1,67.7,58.8,8.9
EMR,151,74,53.6,50.0,3.6,63.6,62.2,1.4
ENB,141,68,60.3,55.9,4.4,69.5,67.6,1.9
EOAN.DE,158,74,58.2,45.9,12.3,65.2,68.9,-3.7
EQIX,108,69,55.6,44.9,10.6,65.7,58.0,7.8
EQNR,188,87,48.4,50.6,-2.2,54.3,65.5,-11.3
ETN,128,71,54.7,54.9,-0.2,65.6,64.8,0.8
EXC,115,57,49.6,70.2,-20.6,62.6,91.2,-28.6
FANG,70,72,64.3,62.5,1.8,72.9,76.4,-3.5
FAST,136,75,52.9,58.7,-5.7,68.4,76.0,-7.6
FDX,119,73,51.3,49.3,1.9,68.1,61.6,6.4
FRE.DE,125,66,58.4,45.5,12.9,68.0,50.0,18.0
FTNT,85,48,62.4,50.0,12.4,67.1,62.5,4.6
GC=F,127,40,48.8,72.5,-23.7,59.8,90.0,-30.2
GD,114,79,58.8,62.0,-3.3,72.8,75.9,-3.1
GE,159,62,40.3,62.9,-22.7,55.3,79.0,-23.7
GILD,104,71,54.8,56.3,-1.5,60.6,69.0,-8.4
GLW,138,77,52.2,49.4,2.8,64.5,63.6,0.9
GM,115,94,41.7,50.0,-8.3,53.0,61.7,-8.7
GOOG,124,76,64.5,55.3,9.3,71.8,69.7,2.0
GOOGL,127,80,59.1,58.8,0.3,66.1,71.2,-5.1
GS,158,67,48.1,64.2,-16.1,61.4,71.6,-10.2
GSK,168,90,45.2,42.2,3.0,56.0,46.7,9.3
HD,130,74,54.6,52.7,1.9,64.6,59.5,5.2
HDB,156,97,54.5,40.2,14.3,64.7,45.4,19.4
HEI.DE,160,59,48.1,44.1,4.1,59.4,55.9,3.4
HEN3.DE,139,66,47.5,43.9,3.5,59.7,53.0,6.7
HG=F,162,57,43.8,56.1,-12.3,54.3,61.4,-7.1
HNR1.DE,121,60,58.7,51.7,7.0,68.6,73.3,-4.7
HON,124,78,61.3,47.4,13.9,71.0,59.0,12.0
HSBC,218,96,38.1,41.7,-3.6,49.1,46.9,2.2
IBM,134,70,51.5,47.1,4.3,59.7,62.9,-3.2
IBN,192,98,41.7,44.9,-3.2,52.6,53.1,-0.5
IDXX,99,76,70.7,44.7,26.0,76.8,56.6,20.2
IFX.DE,135,77,47.4,46.8,0.7,57.0,64.9,-7.9
ILMN,126,74,60.3,45.9,14.4,69.0,54.1,15.0
ING,198,84,40.4,60.7,-20.3,51.5,70.2,-18.7
INTC,150,70,51.3,44.3,7.0,66.7,52.9,13.8
INTU,127,81,64.6,44.4,20.1,76.4,54.3,22.1
ISRG,121,68,63.6,51.5,12.2,78.5,61.8,16.7
JNJ,121,90,60.3,51.1,9.2,68.6,66.7,1.9
JPM,176,61,56.8,54.1,2.7,65.9,72.1,-6.2
KDP,104,73,66.3,60.3,6.1,74.0,78.1,-4.0
KHC,36,88,33.3,44.3,-11.0,41.7,58.0,-16.3
KLAC,152,74,57.2,67.6,-10.3,67.8,83.8,-16.0
KO,103,67,66.0,71.6,-5.6,74.8,79.1,-4.3
LIN,119,71,68.1,52.1,16.0,77.3,70.4,6.9
LLY,126,70,55.6,54.3,1.3,68.3,61.4,6.8
LMT,107,76,57.0,39.5,17.5,68.2,48.7,19.5
LOW,134,88,47.0,40.9,6.1,61.2,55.7,5.5
LRCX,164,70,48.8,57.1,-8.4,61.6,74.3,-12.7
LULU,130,83,59.2,38.6,20.7,69.2,45.8,23.4
MA,125,62,67.2,58.1,9.1,74.4,74.2,0.2
MAR,135,72,52.6,52.8,-0.2,66.7,63.9,2.8
MBG.DE,169,74,51.5,40.5,10.9,61.5,48.6,12.9
MCD,115,70,64.3,54.3,10.1,70.4,61.4,9.0
MCHP,128,79,60.2,43.0,17.1,66.4,55.7,10.7
MCK,120,64,55.0,75.0,-20.0,65.8,79.7,-13.9
MDB,16,91,68.8,61.5,7.2,75.0,72.5,2.5
MDLZ,111,78,57.7,48.7,8.9,70.3,59.0,11.3
MDT,126,76,54.8,38.2,16.6,66.7,51.3,15.4
MELI,123,70,53.7,48.6,5.1,65.9,58.6,7.3
META,71,83,59.2,53.0,6.1,74.6,67.5,7.2
MFG,182,61,41.2,59.0,-17.8,57.1,63.9,-6.8
MMM,108,79,52.8,48.1,4.7,63.9,58.2,5.7
MNST,109,71,50.5,57.7,-7.3,63.3,63.4,-0.1
MO,105,60,53.3,70.0,-16.7,61.9,78.3,-16.4
MPC,90,48,52.2,66.7,-14.4,64.4,77.1,-12.6
MRK,117,77,58.1,58.4,-0.3,66.7,67.5,-0.9
MRK.DE,116,74,62.1,52.7,9.4,75.0,60.8,14.2
MRNA,8,86,25.0,46.5,-21.5,50.0,62.8,-12.8
MRVL,151,73,48.3,49.3,-1.0,60.9,72.6,-11.7
MS,178,78,45.5,57.7,-12.2,57.3,65.4,-8.1
MSFT,120,71,53.3,50.7,2.6,63.3,70.4,-7.1
MSTR,104,79,54.8,51.9,2.9,65.4,58.2,7.2
MTX.DE,115,68,60.9,57.4,3.5,68.7,66.2,2.5
MU,137,75,44.5,65.3,-20.8,56.9,80.0,-23.1
MUFG,196,86,41.3,48.8,-7.5,49.5,55.8,-6.3
MUV2.DE,134,61,64.2,49.2,15.0,74.6,68.9,5.8
NEE,100,59,66.0,55.9,10.1,78.0,67.8,10.2
NEM,166,86,48.8,44.2,4.6,62.0,58.1,3.9
NFLX,137,79,60.6,53.2,7.4,65.0,59.5,5.5
NG=F,160,93,50.6,55.9,-5.3,59.4,64.5,-5.1
NKE,124,85,57.3,24.7,32.6,70.2,36.5,33.7
NOW,67,71,73.1,43.7,29.5,80.6,57.7,22.9
NVDA,130,58,63.1,55.2,7.9,72.3,72.4,-0.1
NVO,157,78,50.3,53.8,-3.5,60.5,65.4,-4.9
NVS,162,78,51.2,44.9,6.4,62.3,60.3,2.1
NXPI,94,87,52.1,55.2,-3.0,60.6,69.0,-8.3
ODFL,156,73,65.4,56.2,9.2,74.4,72.6,1.8
ON,138,76,49.3,51.3,-2.0,63.0,64.5,-1.4
ORCL,132,68,60.6,39.7,20.9,74.2,48.5,25.7
ORLY,97,55,66.0,72.7,-6.7,81.4,85.5,-4.0
PA=F,105,111,40.0,31.5,8.5,42.9,39.6,3.2
PAH3.DE,142,61,57.7,32.8,25.0,69.7,47.5,22.2
PANW,81,69,51.9,59.4,-7.6,59.3,71.0,-11.8
PAYX,127,76,51.2,55.3,-4.1,63.8,64.5,-0.7
PBR,188,86,37.8,55.8,-18.0,51.6,59.3,-7.7
PCAR,149,72,57.7,56.9,0.8,73.2,65.3,7.9
PDD,16,97,75.0,48.5,26.5,93.8,54.6,39.1
PEP,140,79,55.0,57.0,-2.0,64.3,68.4,-4.1
PFE,126,84,55.6,39.3,16.3,63.5,48.8,14.7
PG,120,68,52.5,51.5,1.0,65.8,61.8,4.1
PGR,132,55,63.6,61.8,1.8,74.2,72.7,1.5
PH,146,68,50.7,48.5,2.2,61.0,66.2,-5.2
PL=F,173,99,31.2,33.3,-2.1,42.2,47.5,-5.3
PLD,120,68,55.8,73.5,-17.7,67.5,77.9,-10.4
PM,94,68,62.8,52.9,9.8,70.2,69.1,1.1
PSX,67,77,53.7,53.2,0.5,65.7,70.1,-4.5
PYPL,32,91,65.6,37.4,28.3,84.4,49.5,34.9
QCOM,135,90,57.0,43.3,13.7,67.4,64.4,3.0
QIA.DE,131,81,53.4,46.9,6.5,63.4,58.0,5.3
REGN,137,61,52.6,49.2,3.4,69.3,62.3,7.0
RHM.DE,136,58,52.9,53.4,-0.5,64.7,63.8,0.9
RIO,203,103,51.7,50.5,1.2,60.6,66.0,-5.4
ROP,126,74,67.5,58.1,9.4,77.0,66.2,10.8
ROST,141,84,61.7,58.3,3.4,68.8,64.3,4.5
RTX,135,72,54.1,62.5,-8.4,64.4,70.8,-6.4
RWE.DE,150,60,48.0,63.3,-15.3,57.3,71.7,-14.3
RY,133,82,49.6,52.4,-2.8,61.7,62.2,-0.5
SAN,189,91,42.3,58.2,-15.9,47.6,69.2,-21.6
SAP.DE,165,80,57.0,50.0,7.0,64.2,61.3,3.0
SB=F,160,87,41.2,47.1,-5.9,56.2,63.2,-7.0
SBUX,124,79,43.5,50.6,-7.1,58.1,64.6,-6.5
SCCO,179,87,48.6,58.6,-10.0,58.1,71.3,-13.2
SCHW,143,50,56.6,68.0,-11.4,67.1,76.0,-8.9
SHEL,179,73,43.0,49.3,-6.3,53.1,60.3,-7.2
SHL.DE,12,70,50.0,52.9,-2.9,66.7,58.6,8.1
SHOP,27,80,63.0,46.2,16.7,70.4,62.5,7.9
SHW,117,75,67.5,40.0,27.5,77.8,58.7,19.1
SI=F,144,61,41.7,50.8,-9.2,50.7,59.0,-8.3
SIE.DE,142,68,59.2,60.3,-1.1,71.1,64.7,6.4
SMFG,206,80,41.7,41.2,0.5,54.9,57.5,-2.6
SNPS,121,76,53.7,52.6,1.1,61.2,61.8,-0.7
SNY,148,75,51.4,44.0,7.4,57.4,52.0,5.4
SO,111,66,66.7,63.6,3.0,80.2,71.2,9.0
SONY,207,103,41.1,38.8,2.2,49.8,47.6,2.2
SPG,129,65,58.9,63.1,-4.2,72.1,73.8,-1.8
SPGI,91,66,48.4,40.9,7.4,59.3,54.5,4.8
SPOT,20,85,25.0,48.2,-23.2,55.0,54.1,0.9
SRT3.DE,84,77,52.4,42.9,9.5,69.0,63.6,5.4
STX,141,75,47.5,62.7,-15.1,58.2,70.7,-12.5
SY1.DE,112,72,60.7,50.0,10.7,75.0,61.1,13.9
SYK,117,78,60.7,51.3,9.4,75.2,61.5,13.7
T,119,61,50.4,37.7,12.7,61.3,49.2,12.2
TD,151,75,51.7,49.3,2.3,61.6,62.7,-1.1
TEAM,30,92,60.0,46.7,13.3,73.3,58.7,14.6
TJX,125,55,68.8,50.9,17.9,77.6,69.1,8.5
TM,190,112,42.6,37.5,5.1,51.1,44.6,6.4
TMO,128,72,58.6,52.8,5.8,74.2,62.5,11.7
TMUS,106,82,56.6,57.3,-0.7,67.9,64.6,3.3
TRV,152,68,57.2,64.7,-7.5,69.1,77.9,-8.9
TSLA,87,74,40.2,44.6,-4.4,56.3,58.1,-1.8
TSM,167,98,60.5,57.1,3.3,69.5,69.4,0.1
TTD,20,76,75.0,36.8,38.2,85.0,50.0,35.0
TTE,181,84,44.2,44.0,0.2,56.4,57.1,-0.8
TTWO,110,68,60.9,48.5,12.4,68.2,67.6,0.5
TXN,126,85,58.7,60.0,-1.3,69.0,70.6,-1.5
UBER,5,86,0.0,45.3,-45.3,0.0,62.8,-62.8
UBS,184,93,37.5,53.8,-16.3,42.9,63.4,-20.5
UL,180,110,53.3,42.7,10.6,62.8,47.3,15.5
UNH,114,70,53.5,61.4,-7.9,65.8,68.6,-2.8
UNP,139,74,59.0,54.1,4.9,70.5,64.9,5.6
UPS,123,79,59.3,50.6,8.7,65.9,62.0,3.8
USB,150,77,54.7,44.2,10.5,65.3,57.1,8.2
V,100,64,64.0,62.5,1.5,71.0,78.1,-7.1
VLO,147,73,55.1,56.2,-1.1,66.0,64.4,1.6
VNA.DE,56,69,64.3,33.3,31.0,71.4,52.2,19.3
VOW3.DE,160,80,50.0,40.0,10.0,66.2,51.2,15.0
VRSK,70,73,68.6,53.4,15.1,77.1,58.9,18.2
VRTX,128,73,58.6,64.4,-5.8,69.5,75.3,-5.8
VZ,129,82,51.2,45.1,6.0,65.9,58.5,7.4
WBD,138,77,59.4,40.3,19.2,71.0,57.1,13.9
WDAY,68,85,57.4,49.4,7.9,76.5,61.2,15.3
WDC,146,79,39.7,49.4,-9.6,52.7,62.0,-9.3
WELL,143,67,59.4,64.2,-4.7,63.6,79.1,-15.5
WFC,147,77,52.4,44.2,8.2,61.9,61.0,0.9
WMT,139,67,53.2,65.7,-12.4,64.7,76.1,-11.4
XEL,119,65,64.7,53.8,10.9,73.1,67.7,5.4
XOM,124,74,48.4,59.5,-11.1,60.5,75.7,-15.2
ZAL.DE,37,74,56.8,39.2,17.6,64.9,44.6,20.3
ZS,14,81,78.6,50.6,28.0,85.7,71.6,14.1
ZW=F,163,74,54.0,67.6,-13.6,67.5,78.4,-10.9
