ticker,name,isin,index,kurs,sektor,land,quelle,kaufen_pct,kaufen_pct_vortag,kaufen_richtung,halten_pct,verkaufen_pct,banken,nicht_zuordenbar,empfehlung_yahoo,analysten_yahoo,kursziel,kursziel_vortag,kursziel_richtung,potenzial_pct,kursziel_hoch,kursziel_tief,kursziel_frisch,ziel_eigen,ziel_eigen_hoch,ziel_eigen_tief,anzahl_einzelziele,hochstufungen_30t,abstufungen_30t,netto_30t,letztes_datum,letzte_bank,letzte_aktion,letzte_von,letzte_nach,letzte_klartext,aenderungen_30t,einzelratings,boerse
AAPL,Apple Inc.,US0378331005,NASDAQ/DOW,332.89,Technology,United States,Einzelratings,65,65,bestaetigt,22,13,23,0,kaufen,39,340.0,340.0,bestaetigt,2.1,405.0,215.0,ja,,,,0,0,0,0,2026-10-01,Morgan Stanley,main,Overweight,Overweight,bestaetigt auf Overweight,"2026-10-01 Morgan Stanley: bestaetigt auf Overweight; 2026-10-01 Needham: bestaetigt auf Hold; 2026-09-29 Morgan Stanley: bestaetigt auf Overweight; 2026-09-23 B of A Securities: bestaetigt auf Buy; 2026-09-18 Evercore ISI Group: bestaetigt auf Outperform",,NASDAQ
ABBV,AbbVie Inc.,US00287Y1091,SP100,265.76,Healthcare,United States,Einzelratings,86,86,bestaetigt,14,0,21,0,kaufen,28,285.0,285.0,bestaetigt,7.2,328.0,200.0,nein,,,,0,0,0,0,2026-09-10,HSBC,main,Buy,Buy,bestaetigt auf Buy,2026-09-10 HSBC: bestaetigt auf Buy,,NYSE
ABNB,"Airbnb, Inc.",,NASDAQ,164.07,Consumer Cyclical,United States,Einzelratings,59,59,bestaetigt,34,7,29,1,kaufen,40,185.0,185.0,bestaetigt,12.8,220.0,135.0,ja,,,,0,2,0,2,2026-10-02,Keybanc,up,Sector Weight,Overweight,hochgestuft von Sector Weight auf Overweight,"2026-10-02 Keybanc: hochgestuft von Sector Weight auf Overweight; 2026-09-21 RBC Capital: bestaetigt auf Outperform; 2026-09-18 Citizens: bestaetigt auf Market Outperform; 2026-09-10 Truist Securities: bestaetigt auf Hold; 2026-09-08 Raymond James: hochgestuft von Market Perform auf Outperform",,NASDAQ
ABT,Abbott Laboratories,US0028241000,SP100,100.1,Healthcare,United States,Einzelratings,100,100,bestaetigt,0,0,12,0,klar kaufen,25,120.0,120.0,bestaetigt,19.9,135.0,103.0,ja,,,,0,1,0,1,2026-10-02,Rothschild & Co,up,Neutral,Buy,hochgestuft von Neutral auf Buy,"2026-10-02 Rothschild & Co: hochgestuft von Neutral auf Buy; 2026-09-08 TD Cowen: bestaetigt auf Buy",,NYSE
ACN,Accenture plc,IE00B4BNMY34,SP100,195.05,Technology,Ireland,Einzelratings,44,44,bestaetigt,56,0,16,0,kaufen,24,223.0,223.0,bestaetigt,14.3,275.0,163.0,ja,,,,0,0,2,-2,2026-10-02,Goldman Sachs,main,Buy,Buy,bestaetigt auf Buy,"2026-10-02 Goldman Sachs: bestaetigt auf Buy; 2026-10-02 Truist Securities: bestaetigt auf Hold; 2026-10-02 Wells Fargo: bestaetigt auf Equal-Weight; 2026-10-02 TD Cowen: bestaetigt auf Hold; 2026-10-02 RBC Capital: bestaetigt auf Outperform",,NYSE
ADBE,Adobe Inc.,US00724F1012,NASDAQ,238.79,Technology,United States,Einzelratings,28,28,bestaetigt,56,16,25,0,halten,32,265.5,265.5,bestaetigt,11.2,373.0,195.0,nein,,,,0,0,0,0,2026-09-14,DA Davidson,main,Buy,Buy,bestaetigt auf Buy,"2026-09-14 DA Davidson: bestaetigt auf Buy; 2026-09-11 Citigroup: bestaetigt auf Neutral; 2026-09-11 JP Morgan: bestaetigt auf Overweight; 2026-09-11 Jefferies: bestaetigt auf Hold; 2026-09-11 TD Cowen: bestaetigt auf Hold",,NASDAQ
ADI,"Analog Devices, Inc.",US0326541051,NASDAQ,419.1,Technology,United States,Einzelratings,100,100,bestaetigt,0,0,12,0,klar kaufen,32,463.5,463.5,bestaetigt,10.6,675.0,365.0,nein,,,,0,0,0,0,2026-09-08,TD Cowen,reit,Buy,Buy,bestaetigt auf Buy,2026-09-08 TD Cowen: bestaetigt auf Buy,,NASDAQ
ADP,"Automatic Data Processing, Inc.",US0530151036,NASDAQ,260.26,Technology,United States,Einzelratings,25,25,bestaetigt,75,0,8,0,halten,15,287.0,287.0,bestaetigt,10.3,322.0,225.0,,,,,0,0,0,0,,,,,,,,,NASDAQ
ADS.DE,adidas AG,,DAX,145.3,Consumer Cyclical,Germany,Aggregat,74,74,bestaetigt,26,0,31,0,kaufen,29,190.0,190.0,bestaetigt,30.8,245.0,158.0,,,,,0,0,0,0,,,,,,,,,XETRA
ADSK,"Autodesk, Inc.",US0527691069,NASDAQ,221.56,Technology,United States,Einzelratings,73,73,bestaetigt,27,0,15,0,kaufen,34,302.5,302.5,bestaetigt,36.5,375.0,215.0,ja,,,,0,1,0,1,2026-09-28,Piper Sandler,main,Overweight,Overweight,bestaetigt auf Overweight,"2026-09-28 Piper Sandler: bestaetigt auf Overweight; 2026-09-21 Guggenheim: bestaetigt auf Buy; 2026-09-18 BTIG: bestaetigt auf Buy; 2026-09-17 RBC Capital: bestaetigt auf Outperform; 2026-09-15 Cantor Fitzgerald: neu aufgenommen auf Neutral",,NASDAQ
AEP,American Electric Power Company,,NASDAQ,119.73,Utilities,United States,Einzelratings,38,38,bestaetigt,62,0,8,0,kaufen,20,141.0,141.0,bestaetigt,17.8,173.0,128.0,nein,,,,0,0,0,0,2026-09-18,Morgan Stanley,main,Overweight,Overweight,bestaetigt auf Overweight,2026-09-18 Morgan Stanley: bestaetigt auf Overweight,,NASDAQ
AIR.DE,Airbus SE,,DAX,188.82,Industrials,Netherlands,keine,,,,,,0,0,keine Angabe,,,,,,,,,,,,0,0,0,0,,,,,,,,,XETRA
ALV.DE,Allianz SE v,,DAX,420.5,Financial Services,Germany,Aggregat,35,35,bestaetigt,41,24,17,0,halten,16,438.38,438.38,bestaetigt,4.3,684.0,353.0,,,,,0,0,0,0,,,,,,,,,XETRA
AMAT,"Applied Materials, Inc.",US0382221051,NASDAQ,542.28,Technology,United States,Einzelratings,91,91,bestaetigt,9,0,23,0,klar kaufen,36,650.0,650.0,bestaetigt,19.9,900.0,358.0,ja,,,,0,0,0,0,2026-09-28,Morgan Stanley,main,Equal-Weight,Equal-Weight,bestaetigt auf Equal-Weight,2026-09-28 Morgan Stanley: bestaetigt auf Equal-Weight,,NASDAQ
AMD,"Advanced Micro Devices, Inc.",US0079031078,NASDAQ,631.75,Technology,United States,Einzelratings,87,87,bestaetigt,13,0,30,0,klar kaufen,50,616.0,616.0,bestaetigt,-2.5,1250.0,365.0,ja,,,,0,1,0,1,2026-10-05,Stifel,main,Buy,Buy,bestaetigt auf Buy,"2026-10-05 Stifel: bestaetigt auf Buy; 2026-09-29 StoneX: bestaetigt auf Buy; 2026-09-29 Rosenblatt: bestaetigt auf Buy; 2026-09-25 B of A Securities: bestaetigt auf Buy; 2026-09-10 Piper Sandler: neu aufgenommen auf Overweight",,NASDAQ
AMGN,Amgen Inc.,US0311621009,NASDAQ/DOW,402.98,Healthcare,United States,Einzelratings,36,36,bestaetigt,55,9,22,0,halten,29,400.0,400.0,bestaetigt,-0.7,500.0,225.0,ja,,,,0,0,2,-2,2026-09-29,Scotiabank,main,Sector Outperform,Sector Outperform,bestaetigt auf Sector Outperform,"2026-09-29 Scotiabank: bestaetigt auf Sector Outperform; 2026-09-10 HSBC: abgestuft von Buy auf Hold; 2026-09-08 BMO Capital: abgestuft von Outperform auf Market Perform; 2026-09-08 Cantor Fitzgerald: bestaetigt auf Neutral",,NASDAQ
AMT,American Tower Corporation (REI,,SP100,162.26,Real Estate,United States,Einzelratings,83,83,bestaetigt,17,0,6,0,kaufen,23,210.0,210.0,bestaetigt,29.4,260.0,188.0,ja,,,,0,0,0,0,2026-09-30,Barclays,main,Overweight,Overweight,bestaetigt auf Overweight,2026-09-30 Barclays: bestaetigt auf Overweight,,NYSE
AMZN,"Amazon.com, Inc.",,NASDAQ/DOW,251.4,Consumer Cyclical,United States,Einzelratings,95,95,bestaetigt,5,0,20,1,klar kaufen,57,330.0,330.0,bestaetigt,31.3,405.0,230.0,ja,,,,0,0,0,0,2026-10-05,TD Cowen,reit,Buy,Buy,bestaetigt auf Buy,"2026-10-05 TD Cowen: bestaetigt auf Buy; 2026-09-30 Rosenblatt: bestaetigt auf Buy",,NASDAQ
ANET,"Arista Networks, Inc.",US0404132054,Watchlist,206.9,Technology,United States,Einzelratings,100,100,bestaetigt,0,0,14,0,klar kaufen,29,248.0,248.0,bestaetigt,19.9,289.0,190.0,ja,,,,0,1,0,1,2026-09-30,Bernstein,init,,Outperform,neu aufgenommen auf Outperform,2026-09-30 Bernstein: neu aufgenommen auf Outperform,,NYSE
APH,Amphenol Corporation,CA03209E1025,Watchlist,87.27,Technology,United States,Einzelratings,88,88,bestaetigt,12,0,8,0,klar kaufen,19,99.0,99.0,bestaetigt,13.4,115.0,85.0,ja,,,,0,1,0,1,2026-09-23,Bernstein,init,,Outperform,neu aufgenommen auf Outperform,"2026-09-23 Bernstein: neu aufgenommen auf Outperform; 2026-09-22 BNP Paribas: bestaetigt auf Outperform; 2026-09-09 TD Cowen: bestaetigt auf Hold; 2026-09-08 Barclays: bestaetigt auf Overweight",,NYSE
APP,Applovin Corporation,,NASDAQ,281.97,Communication Services,United States,Einzelratings,73,73,bestaetigt,27,0,15,0,kaufen,31,475.0,475.0,bestaetigt,68.5,790.0,325.0,nein,,,,0,0,0,0,2026-09-14,Morgan Stanley,main,Overweight,Overweight,bestaetigt auf Overweight,"2026-09-14 Morgan Stanley: bestaetigt auf Overweight; 2026-09-08 BTIG: bestaetigt auf Buy",,NASDAQ
ARM,Arm Holdings plc,US0420682058,NASDAQ,302.9,Technology,United Kingdom,Einzelratings,69,69,bestaetigt,31,0,13,0,kaufen,40,278.6,278.6,bestaetigt,-8.0,500.0,125.0,,,,,0,0,0,0,,,,,,,,,NASDAQ
ASML,ASML Holding N.V. - New York Re,USN070592100,NASDAQ,1666.8,Technology,Netherlands,Einzelratings,100,100,bestaetigt,0,0,5,0,klar kaufen,16,2096.77,2096.77,bestaetigt,25.8,nan,nan,,,,,0,0,0,0,,,,,,,,,Amsterdam
AVGO,Broadcom Inc.,CA11134P1009,NASDAQ,362.51,Technology,United States,Einzelratings,81,81,bestaetigt,19,0,16,0,klar kaufen,47,535.0,535.0,bestaetigt,47.6,715.0,215.88,nein,,,,0,1,0,1,2026-09-10,Piper Sandler,init,,Overweight,neu aufgenommen auf Overweight,2026-09-10 Piper Sandler: neu aufgenommen auf Overweight,,NASDAQ
AXON,"Axon Enterprise, Inc.",US05464C1018,NASDAQ,411.81,Industrials,United States,Einzelratings,83,83,bestaetigt,17,0,6,1,kaufen,19,700.0,700.0,bestaetigt,70.0,830.0,440.0,,,,,0,0,0,0,,,,,,,,,NASDAQ
AXP,American Express Company,,DOW,304.02,Financial Services,United States,Einzelratings,33,33,bestaetigt,58,8,12,0,kaufen,24,382.0,382.0,bestaetigt,25.6,450.0,320.0,ja,,,,0,0,0,0,2026-10-05,UBS,main,Neutral,Neutral,bestaetigt auf Neutral,"2026-10-05 UBS: bestaetigt auf Neutral; 2026-10-05 Barclays: bestaetigt auf Equal-Weight; 2026-10-01 Evercore ISI Group: bestaetigt auf In-Line; 2026-09-30 Citigroup: bestaetigt auf Neutral; 2026-09-23 Truist Securities: bestaetigt auf Buy",,NYSE
AZN,AstraZeneca PLC,GB0009895292,NASDAQ,120.32,Healthcare,United Kingdom,Aggregat,91,91,bestaetigt,9,0,11,0,klar kaufen,11,212.17,212.17,bestaetigt,76.3,nan,nan,,,,,0,0,0,0,,,,,,,,,London
BA,Boeing Company (The),,DOW,192.72,Industrials,United States,Einzelratings,100,100,bestaetigt,0,0,7,0,klar kaufen,26,272.5,272.5,bestaetigt,41.4,305.0,248.0,nein,,,,0,0,0,0,2026-09-21,Jefferies,main,Buy,Buy,bestaetigt auf Buy,"2026-09-21 Jefferies: bestaetigt auf Buy; 2026-09-18 B of A Securities: bestaetigt auf Buy",,NYSE
BABA,Alibaba Group Holding Limited,,Watchlist,108.2,Consumer Cyclical,China,Einzelratings,100,100,bestaetigt,0,0,4,0,klar kaufen,39,185.58,185.58,bestaetigt,71.5,nan,nan,,,,,0,0,0,0,,,,,,,,,Hongkong
BAC,Bank of America Corporation,,SP100,54.0,Financial Services,United States,Einzelratings,83,83,bestaetigt,17,0,12,0,klar kaufen,21,67.0,67.0,bestaetigt,24.1,75.0,62.0,ja,,,,0,0,0,0,2026-10-05,UBS,main,Buy,Buy,bestaetigt auf Buy,"2026-10-05 UBS: bestaetigt auf Buy; 2026-10-02 JP Morgan: bestaetigt auf Overweight; 2026-10-01 Evercore ISI Group: bestaetigt auf Outperform; 2026-10-01 Truist Securities: bestaetigt auf Buy",,NYSE
BAS.DE,BASF SE,,DAX,51.04,Basic Materials,Germany,Aggregat,45,45,bestaetigt,30,25,20,0,kaufen,19,55.0,55.0,bestaetigt,7.8,62.0,40.0,,,,,0,0,0,0,,,,,,,,,XETRA
BAYN.DE,Bayer AG,,DAX,44.86,Healthcare,Germany,Aggregat,72,72,bestaetigt,22,6,18,0,kaufen,18,58.5,58.5,bestaetigt,30.4,70.0,46.0,,,,,0,0,0,0,,,,,,,,,XETRA
BBVA,Banco Bilbao Vizcaya Argentaria,COB13PA00019,Watchlist,24.31,Financial Services,Spain,Aggregat,0,0,bestaetigt,33,67,3,0,keine Angabe,3,24.53,24.53,bestaetigt,0.9,nan,nan,,,,,0,0,0,0,,,,,,,,,Madrid
BEI.DE,BEIERSDORF AG,,DAX,76.38,Consumer Defensive,Germany,Aggregat,35,35,bestaetigt,45,20,20,0,halten,19,81.0,81.0,bestaetigt,6.0,95.0,67.0,,,,,0,0,0,0,,,,,,,,,XETRA
BHP,BHP Group Limited,US0886061086,Watchlist,62.86,Basic Materials,Australia,Aggregat,25,25,bestaetigt,50,25,8,0,halten,6,77.58,77.58,bestaetigt,23.4,nan,nan,,,,,0,0,0,0,,,,,,,,,Sydney
BIIB,Biogen Inc.,US09062X1037,NASDAQ,223.59,Healthcare,United States,Einzelratings,65,65,bestaetigt,29,6,17,0,kaufen,31,240.0,240.0,bestaetigt,7.3,300.0,175.0,nein,,,,0,0,0,0,2026-09-10,HSBC,main,Reduce,Reduce,bestaetigt auf Reduce,2026-09-10 HSBC: bestaetigt auf Reduce,,NASDAQ
BKNG,Booking Holdings Inc. Common St,,NASDAQ,158.33,Consumer Cyclical,United States,Einzelratings,75,75,bestaetigt,25,0,16,0,kaufen,36,240.0,240.0,bestaetigt,51.6,301.0,188.0,ja,,,,0,0,0,0,2026-09-30,Truist Securities,main,Buy,Buy,bestaetigt auf Buy,"2026-09-30 Truist Securities: bestaetigt auf Buy; 2026-09-24 BTIG: bestaetigt auf Buy",,NASDAQ
BKR,Baker Hughes Company,AR0302010498,NASDAQ,57.38,Energy,United States,Einzelratings,78,78,bestaetigt,22,0,9,0,kaufen,24,73.0,73.0,bestaetigt,27.2,85.0,51.0,ja,,,,0,0,0,0,2026-09-30,UBS,main,Neutral,Neutral,bestaetigt auf Neutral,"2026-09-30 UBS: bestaetigt auf Neutral; 2026-09-29 Jefferies: bestaetigt auf Buy; 2026-09-14 UBS: bestaetigt auf Neutral; 2026-09-10 Susquehanna: bestaetigt auf Positive; 2026-09-10 UBS: bestaetigt auf Neutral",,NASDAQ
BLK,"BlackRock, Inc.",US09290D1019,SP100,1066.45,Financial Services,United States,Einzelratings,100,100,bestaetigt,0,0,9,0,klar kaufen,17,1300.0,1300.0,bestaetigt,21.9,1479.0,1190.0,ja,,,,0,1,0,1,2026-10-02,Wells Fargo,init,,Overweight,neu aufgenommen auf Overweight,"2026-10-02 Wells Fargo: neu aufgenommen auf Overweight; 2026-09-25 Morgan Stanley: bestaetigt auf Overweight; 2026-09-09 Evercore ISI Group: bestaetigt auf Outperform",,NYSE
BMO,Bank Of Montreal,CA0636711016,Watchlist,164.45,Financial Services,Canada,Aggregat,33,33,bestaetigt,47,20,15,0,halten,3,170.84,170.84,bestaetigt,3.9,181.50336,143.807,,,,,0,0,0,0,,,,,,,,,NYSE
BMW.DE,BAYERISCHE MOTOREN WERKE AG,,DAX,54.16,Consumer Cyclical,Germany,Aggregat,43,43,bestaetigt,43,14,21,0,halten,19,71.0,71.0,bestaetigt,31.1,82.5,58.0,,,,,0,0,0,0,,,,,,,,,XETRA
BMY,Bristol-Myers Squibb Company,,SP100,58.81,Healthcare,United States,Einzelratings,50,50,bestaetigt,50,0,12,0,kaufen,24,68.0,68.0,bestaetigt,15.6,82.0,40.0,ja,,,,0,0,1,-1,2026-10-05,Leerink Partners,down,Outperform,Market Perform,abgestuft von Outperform auf Market Perform,"2026-10-05 Leerink Partners: abgestuft von Outperform auf Market Perform; 2026-09-16 Piper Sandler: bestaetigt auf Overweight; 2026-09-10 HSBC: bestaetigt auf Hold",,NYSE
BNR.DE,Brenntag SE,,DAX,60.34,Basic Materials,Germany,Aggregat,13,13,bestaetigt,67,20,15,0,halten,15,57.0,57.0,bestaetigt,-5.5,76.0,47.0,,,,,0,0,0,0,,,,,,,,,XETRA
BNS,Bank Nova Scotia Halifax Pfd 3,,Watchlist,90.28,Financial Services,Canada,Aggregat,36,36,bestaetigt,57,7,14,0,halten,3,94.11,94.11,bestaetigt,4.2,98.76918,75.790115,,,,,0,0,0,0,,,,,,,,,NYSE
BNY,The Bank of New York Mellon Cor,,SP100,143.75,Financial Services,United States,Einzelratings,60,60,bestaetigt,40,0,10,0,kaufen,14,170.0,170.0,bestaetigt,18.3,184.0,135.0,ja,,,,0,0,0,0,2026-10-05,Citigroup,main,Neutral,Neutral,bestaetigt auf Neutral,"2026-10-05 Citigroup: bestaetigt auf Neutral; 2026-10-02 JP Morgan: bestaetigt auf Overweight; 2026-10-01 Evercore ISI Group: bestaetigt auf In-Line; 2026-09-25 Truist Securities: bestaetigt auf Buy",,NYSE
BP,BP p.l.c.,JO3121911015,Watchlist,5.54,Energy,United Kingdom,Einzelratings,67,67,bestaetigt,33,0,6,1,kaufen,19,51.27,51.27,bestaetigt,825.4,nan,nan,ja,,,,0,3,0,3,2026-10-05,Mizuho,main,Outperform,Outperform,bestaetigt auf Outperform,"2026-10-05 Mizuho: bestaetigt auf Outperform; 2026-10-01 Wells Fargo: hochgestuft von Equal-Weight auf Overweight; 2026-09-28 TD Cowen: bestaetigt auf Hold; 2026-09-25 HSBC: hochgestuft von Hold auf Buy; 2026-09-23 JP Morgan: hochgestuft von Neutral auf Overweight",,London
BRK-B,Berkshire Hathaway Inc. New,,SP100,504.26,Financial Services,United States,Aggregat,50,50,bestaetigt,50,0,4,0,kaufen,3,529.0,529.0,bestaetigt,4.9,604.0,510.0,,,,,0,0,0,0,,,,,,,,,NYSE
BTI,British American Tobacco Indus,,Watchlist,39.92,Consumer Defensive,United Kingdom,Aggregat,100,100,bestaetigt,0,0,7,0,klar kaufen,6,70.43,70.43,bestaetigt,76.4,nan,nan,,,,,0,0,0,0,,,,,,,,,London
C,"Citigroup, Inc.",US1729674242,SP100,128.55,Financial Services,United States,Einzelratings,70,70,bestaetigt,30,0,10,0,kaufen,20,155.0,155.0,bestaetigt,20.6,176.0,130.0,ja,,,,0,0,0,0,2026-10-02,JP Morgan,main,Overweight,Overweight,bestaetigt auf Overweight,"2026-10-02 JP Morgan: bestaetigt auf Overweight; 2026-10-01 Evercore ISI Group: bestaetigt auf In-Line; 2026-09-28 HSBC: bestaetigt auf Buy",,NYSE
CAT,"Caterpillar, Inc.",US1491231015,DOW,848.14,Industrials,United States,Aggregat,54,54,bestaetigt,39,7,28,0,kaufen,26,980.5,980.5,bestaetigt,15.6,1225.0,575.0,,,,,0,0,0,0,,,,,,,,,NYSE
CB,Chubb Limited,,Watchlist,330.49,Financial Services,Switzerland,Einzelratings,18,18,bestaetigt,82,0,11,1,kaufen,23,369.0,369.0,bestaetigt,11.7,425.0,306.0,nein,,,,0,0,0,0,2026-09-16,Mizuho,main,Neutral,Neutral,bestaetigt auf Neutral,2026-09-16 Mizuho: bestaetigt auf Neutral,,NYSE
CBK.DE,Commerzbank AG,,DAX,40.0,Financial Services,Germany,Aggregat,38,38,bestaetigt,54,8,13,0,kaufen,13,42.0,42.0,bestaetigt,5.0,45.0,31.6,,,,,0,0,0,0,,,,,,,,,XETRA
CCEP,Coca-Cola Europacific Partners,,NASDAQ,101.47,Consumer Defensive,United Kingdom,Einzelratings,75,75,bestaetigt,25,0,4,0,kaufen,12,112.34,112.34,bestaetigt,10.7,116.9034,88.81072,ja,,,,0,0,0,0,2026-10-05,Wells Fargo,main,Overweight,Overweight,bestaetigt auf Overweight,2026-10-05 Wells Fargo: bestaetigt auf Overweight,,NASDAQ
CDNS,"Cadence Design Systems, Inc.",US1273871087,NASDAQ,353.48,Technology,United States,Einzelratings,88,88,bestaetigt,12,0,8,0,klar kaufen,26,407.94,407.94,bestaetigt,15.4,470.0,300.0,,,,,0,0,0,0,,,,,,,,,NASDAQ
CDW,CDW Corporation,US12514G1085,NASDAQ,133.92,Technology,United States,Einzelratings,33,33,bestaetigt,67,0,3,0,kaufen,9,159.0,159.0,bestaetigt,18.7,171.0,148.0,nein,,,,0,0,0,0,2026-09-21,Barclays,main,Equal-Weight,Equal-Weight,bestaetigt auf Equal-Weight,"2026-09-21 Barclays: bestaetigt auf Equal-Weight; 2026-09-08 Barclays: bestaetigt auf Equal-Weight",,NASDAQ
CEG,Constellation Energy Corporatio,,NASDAQ,267.62,Utilities,United States,Einzelratings,78,78,bestaetigt,22,0,9,0,kaufen,20,345.5,345.5,bestaetigt,29.1,395.0,290.0,nein,,,,0,0,0,0,2026-09-18,Morgan Stanley,main,Overweight,Overweight,bestaetigt auf Overweight,2026-09-18 Morgan Stanley: bestaetigt auf Overweight,,NASDAQ
CHTR,"Charter Communications, Inc.",US16119P1084,NASDAQ,107.77,Communication Services,United States,Einzelratings,23,23,bestaetigt,38,38,13,0,halten,19,150.0,150.0,bestaetigt,39.2,380.0,68.0,ja,,,,0,0,1,-1,2026-09-28,Morgan Stanley,main,Equal-Weight,Equal-Weight,bestaetigt auf Equal-Weight,"2026-09-28 Morgan Stanley: bestaetigt auf Equal-Weight; 2026-09-14 Wolfe Research: abgestuft von Peer Perform auf Underperform",,NASDAQ
CL,Colgate-Palmolive Company,,SP100,86.19,Consumer Defensive,United States,Einzelratings,60,60,bestaetigt,40,0,10,0,kaufen,20,100.0,100.0,bestaetigt,16.0,110.0,87.0,ja,,,,0,0,0,0,2026-10-05,Wells Fargo,main,Equal-Weight,Equal-Weight,bestaetigt auf Equal-Weight,"2026-10-05 Wells Fargo: bestaetigt auf Equal-Weight; 2026-09-21 Piper Sandler: bestaetigt auf Overweight; 2026-09-08 RBC Capital: bestaetigt auf Outperform",,NYSE
CM,Canadian Imperial Bank of Comme,CA1360691010,Watchlist,110.32,Financial Services,Canada,Aggregat,33,33,bestaetigt,60,7,15,0,kaufen,3,126.3,126.3,bestaetigt,14.5,126.32127,102.35448,,,,,0,0,0,0,,,,,,,,,NYSE
CMCSA,Comcast Corporation,,NASDAQ,21.57,Communication Services,United States,Einzelratings,29,29,bestaetigt,50,21,14,0,halten,23,28.0,28.0,bestaetigt,29.8,44.0,17.0,ja,,,,0,0,1,-1,2026-10-02,Scotiabank,main,Sector Perform,Sector Perform,bestaetigt auf Sector Perform,"2026-10-02 Scotiabank: bestaetigt auf Sector Perform; 2026-09-29 Barclays: bestaetigt auf Equal-Weight; 2026-09-28 Morgan Stanley: bestaetigt auf Equal-Weight; 2026-09-25 Keybanc: abgestuft von Sector Weight auf Underweight; 2026-09-24 Citigroup: bestaetigt auf Buy",,NASDAQ
CNQ,Canadian Natural Resources Limi,,Watchlist,48.31,Energy,Canada,Aggregat,50,50,bestaetigt,45,5,22,0,kaufen,4,45.91,45.91,bestaetigt,-5.0,57.717434,43.20431,,,,,0,0,0,0,,,,,,,,,NYSE
COF,Capital One Financial Corporati,,SP100,195.14,Financial Services,United States,Einzelratings,100,100,bestaetigt,0,0,11,0,kaufen,21,255.0,255.0,bestaetigt,30.7,300.0,220.0,ja,,,,0,0,0,0,2026-10-05,Barclays,main,Overweight,Overweight,bestaetigt auf Overweight,"2026-10-05 Barclays: bestaetigt auf Overweight; 2026-10-01 Evercore ISI Group: bestaetigt auf Outperform; 2026-09-30 Citigroup: bestaetigt auf Buy; 2026-09-28 Piper Sandler: bestaetigt auf Overweight",,NYSE
CON.DE,CONTINENTAL AG,,DAX,70.08,Consumer Cyclical,Germany,Aggregat,62,62,bestaetigt,38,0,13,0,kaufen,12,79.25,79.25,bestaetigt,13.1,90.0,74.0,,,,,0,0,0,0,,,,,,,,,XETRA
COP,ConocoPhillips,US20825C1045,SP100,128.4,Energy,United States,Einzelratings,80,80,bestaetigt,20,0,10,0,kaufen,25,146.0,146.0,bestaetigt,13.7,189.0,126.0,nein,,,,0,0,0,0,2026-09-14,UBS,main,Buy,Buy,bestaetigt auf Buy,2026-09-14 UBS: bestaetigt auf Buy,,NYSE
COST,Costco Wholesale Corporation,,NASDAQ,923.52,Consumer Defensive,United States,Einzelratings,67,67,bestaetigt,27,7,15,0,kaufen,35,1065.0,1065.0,bestaetigt,15.3,1315.0,770.0,ja,,,,0,1,0,1,2026-09-28,Deutsche Bank,main,Buy,Buy,bestaetigt auf Buy,"2026-09-28 Deutsche Bank: bestaetigt auf Buy; 2026-09-28 Argus Research: bestaetigt auf Buy; 2026-09-25 Freedom Broker: bestaetigt auf Buy; 2026-09-25 Raymond James: bestaetigt auf Outperform; 2026-09-25 Roth Capital: bestaetigt auf Sell",,NASDAQ
CPRT,"Copart, Inc.",US2172041061,NASDAQ,27.65,Industrials,United States,Einzelratings,62,62,bestaetigt,25,12,8,0,kaufen,10,37.0,37.0,bestaetigt,33.8,55.0,25.0,ja,,,,0,1,1,0,2026-09-28,BNP Paribas,reit,Outperform,Outperform,bestaetigt auf Outperform,"2026-09-28 BNP Paribas: bestaetigt auf Outperform; 2026-09-17 HSBC: abgestuft von Buy auf Hold; 2026-09-14 Freedom Broker: bestaetigt auf Buy; 2026-09-11 Barrington Research: hochgestuft von Market Perform auf Outperform; 2026-09-11 Baird: bestaetigt auf Outperform",,NASDAQ
CRM,"Salesforce, Inc.",,DOW,229.79,Technology,United States,Einzelratings,63,63,bestaetigt,33,4,27,2,kaufen,54,282.5,282.5,bestaetigt,22.9,475.0,160.0,nein,,,,0,0,0,0,2026-09-18,Citizens,reit,Market Outperform,Market Outperform,bestaetigt auf Market Outperform,"2026-09-18 Citizens: bestaetigt auf Market Outperform; 2026-09-18 Stephens & Co.: bestaetigt auf Equal-Weight; 2026-09-18 Wells Fargo: bestaetigt auf Equal-Weight; 2026-09-17 Freedom Broker: bestaetigt auf Buy; 2026-09-17 Stifel: bestaetigt auf Buy",,NYSE
CRWD,"CrowdStrike Holdings, Inc.",,NASDAQ,272.67,Technology,United States,Einzelratings,79,79,bestaetigt,21,0,34,1,kaufen,50,245.0,245.0,bestaetigt,-10.1,300.0,132.0,ja,,,,0,0,0,0,2026-10-02,TD Cowen,main,Buy,Buy,bestaetigt auf Buy,"2026-10-02 TD Cowen: bestaetigt auf Buy; 2026-09-21 Morgan Stanley: bestaetigt auf Overweight; 2026-09-18 B of A Securities: bestaetigt auf Neutral; 2026-09-18 Stephens & Co.: bestaetigt auf Overweight; 2026-09-17 Bernstein: bestaetigt auf Market Perform",,NASDAQ
CSCO,"Cisco Systems, Inc.",,NASDAQ/DOW,112.82,Technology,United States,Einzelratings,67,67,bestaetigt,33,0,12,0,kaufen,25,135.0,135.0,bestaetigt,19.7,170.0,110.0,ja,,,,0,1,0,1,2026-09-30,Bernstein,init,,Market Perform,neu aufgenommen auf Market Perform,"2026-09-30 Bernstein: neu aufgenommen auf Market Perform; 2026-09-22 Piper Sandler: bestaetigt auf Neutral",,NASDAQ
CSGP,"CoStar Group, Inc.",US22160N1090,NASDAQ,27.66,Real Estate,United States,Einzelratings,42,42,bestaetigt,50,8,12,1,kaufen,20,36.0,36.0,bestaetigt,30.2,53.0,25.0,,,,,0,0,0,0,,,,,,,,,NASDAQ
CSX,CSX Corporation,US1264081035,NASDAQ,47.43,Industrials,United States,Einzelratings,64,64,bestaetigt,29,7,14,0,kaufen,23,54.0,54.0,bestaetigt,13.9,60.0,32.0,ja,,,,0,0,0,0,2026-10-05,JP Morgan,main,Overweight,Overweight,bestaetigt auf Overweight,"2026-10-05 JP Morgan: bestaetigt auf Overweight; 2026-10-02 Susquehanna: bestaetigt auf Positive; 2026-09-18 B of A Securities: bestaetigt auf Buy",,NASDAQ
CTAS,Cintas Corporation,,NASDAQ,195.4,Industrials,United States,Einzelratings,75,75,bestaetigt,12,12,8,0,kaufen,16,224.5,224.5,bestaetigt,14.9,250.0,181.0,ja,,,,0,0,0,0,2026-09-30,Citigroup,main,Sell,Sell,bestaetigt auf Sell,"2026-09-30 Citigroup: bestaetigt auf Sell; 2026-09-29 Argus Research: bestaetigt auf Buy; 2026-09-24 UBS: bestaetigt auf Buy; 2026-09-24 Baird: bestaetigt auf Outperform; 2026-09-24 Truist Securities: bestaetigt auf Buy",,NASDAQ
CTSH,Cognizant Technology Solutions,,NASDAQ,58.17,Technology,United States,Einzelratings,55,55,bestaetigt,45,0,11,0,kaufen,25,66.0,66.0,bestaetigt,13.5,84.0,47.0,ja,,,,0,0,0,0,2026-10-02,Wedbush,reit,Outperform,Outperform,bestaetigt auf Outperform,"2026-10-02 Wedbush: bestaetigt auf Outperform; 2026-09-18 Deutsche Bank: bestaetigt auf Buy; 2026-09-18 TD Cowen: bestaetigt auf Hold",,NASDAQ
CVS,CVS Health Corporation,US1266501006,SP100,87.01,Healthcare,United States,Einzelratings,100,100,bestaetigt,0,0,11,0,klar kaufen,25,116.0,116.0,bestaetigt,33.3,148.0,103.0,,,,,0,0,0,0,,,,,,,,,NYSE
CVX,Chevron Corporation,ARDEUT110087,DOW,206.47,Energy,United States,Einzelratings,70,70,bestaetigt,30,0,10,0,kaufen,24,227.0,227.0,bestaetigt,9.9,250.0,175.0,ja,,,,0,0,0,0,2026-09-28,TD Cowen,main,Hold,Hold,bestaetigt auf Hold,"2026-09-28 TD Cowen: bestaetigt auf Hold; 2026-09-25 HSBC: bestaetigt auf Buy",,NYSE
DASH,"DoorDash, Inc.",,NASDAQ,191.77,Consumer Cyclical,United States,Einzelratings,70,70,bestaetigt,30,0,20,0,kaufen,42,260.0,260.0,bestaetigt,35.6,350.0,172.0,ja,,,,0,1,0,1,2026-10-05,Wells Fargo,main,Equal-Weight,Equal-Weight,bestaetigt auf Equal-Weight,"2026-10-05 Wells Fargo: bestaetigt auf Equal-Weight; 2026-09-09 Scotiabank: neu aufgenommen auf Sector Outperform; 2026-09-08 StoneX: bestaetigt auf Buy",,NASDAQ
DB1.DE,DEUTSCHE BOERSE AG,,DAX,292.8,Financial Services,Germany,Aggregat,64,64,bestaetigt,36,0,14,0,kaufen,14,302.5,302.5,bestaetigt,3.3,345.0,252.0,,,,,0,0,0,0,,,,,,,,,XETRA
DBK.DE,DEUTSCHE BANK AG,,DAX,31.4,Financial Services,Germany,Aggregat,50,50,bestaetigt,50,0,18,0,kaufen,18,34.5,34.5,bestaetigt,9.9,43.75,10.9,,,,,0,0,0,0,,,,,,,,,XETRA
DDOG,"Datadog, Inc.",US23804L1035,NASDAQ,276.42,Technology,United States,Einzelratings,93,93,bestaetigt,7,0,27,2,klar kaufen,47,300.0,300.0,bestaetigt,8.5,340.0,158.0,,,,,0,0,0,0,,,,,,,,,NASDAQ
DE,Deere & Company,,SP100,682.2,Industrials,United States,Einzelratings,82,82,bestaetigt,18,0,11,0,kaufen,23,728.0,728.0,bestaetigt,6.7,813.18,500.0,,,,,0,0,0,0,,,,,,,,,NYSE
DELL,Dell Technologies Inc.,US24703L2025,Watchlist,552.29,Technology,United States,Einzelratings,72,72,bestaetigt,28,0,18,0,kaufen,25,600.0,600.0,bestaetigt,8.6,735.0,480.0,ja,,,,0,1,0,1,2026-09-29,TD Cowen,main,Hold,Hold,bestaetigt auf Hold,"2026-09-29 TD Cowen: bestaetigt auf Hold; 2026-09-21 Morgan Stanley: bestaetigt auf Equal-Weight; 2026-09-10 RBC Capital: neu aufgenommen auf Outperform; 2026-09-09 Evercore ISI Group: bestaetigt auf Outperform",,NYSE
DHL.DE,DHL AG,,DAX,56.54,Industrials,Germany,Aggregat,25,25,bestaetigt,60,15,20,0,halten,18,57.5,57.5,bestaetigt,1.7,70.0,44.0,,,,,0,0,0,0,,,,,,,,,XETRA
DHR,Danaher Corporation,,SP100,221.21,Healthcare,United States,Einzelratings,71,71,bestaetigt,29,0,7,0,klar kaufen,22,237.0,237.0,bestaetigt,7.1,310.0,200.0,ja,,,,0,0,0,0,2026-10-05,RBC Capital,main,Outperform,Outperform,bestaetigt auf Outperform,"2026-10-05 RBC Capital: bestaetigt auf Outperform; 2026-10-01 Guggenheim: bestaetigt auf Buy",,NYSE
DIS,Walt Disney Company (The),,DOW,103.61,Communication Services,United States,Einzelratings,100,100,bestaetigt,0,0,11,0,klar kaufen,32,127.5,127.5,bestaetigt,23.1,144.0,88.0,ja,,,,0,0,0,0,2026-10-05,Raymond James,main,Outperform,Outperform,bestaetigt auf Outperform,"2026-10-05 Raymond James: bestaetigt auf Outperform; 2026-09-28 Guggenheim: bestaetigt auf Buy",,NYSE
DTE.DE,DEUTSCHE TELEKOM AG,,DAX,26.59,Communication Services,Germany,Aggregat,83,83,bestaetigt,11,6,18,0,kaufen,18,36.75,36.75,bestaetigt,38.2,43.0,28.1,,,,,0,0,0,0,,,,,,,,,XETRA
DTG.DE,Daimler Truck Holding AG,,DAX,40.95,Industrials,Germany,Aggregat,61,61,bestaetigt,28,11,18,0,kaufen,18,52.8,52.8,bestaetigt,28.9,63.0,33.0,,,,,0,0,0,0,,,,,,,,,XETRA
DUK,Duke Energy Corporation (Holdin,,SP100,113.84,Utilities,United States,Einzelratings,71,71,bestaetigt,29,0,7,0,kaufen,18,136.0,136.0,bestaetigt,19.5,147.0,127.0,nein,,,,0,0,0,0,2026-09-18,Morgan Stanley,main,Equal-Weight,Equal-Weight,bestaetigt auf Equal-Weight,2026-09-18 Morgan Stanley: bestaetigt auf Equal-Weight,,NYSE
DXCM,"DexCom, Inc.",US2521311074,NASDAQ,86.9,Healthcare,United States,Einzelratings,93,93,bestaetigt,7,0,14,0,klar kaufen,25,95.0,95.0,bestaetigt,9.3,115.0,79.0,ja,,,,0,0,0,0,2026-10-01,RBC Capital,main,Outperform,Outperform,bestaetigt auf Outperform,"2026-10-01 RBC Capital: bestaetigt auf Outperform; 2026-09-18 Truist Securities: bestaetigt auf Buy; 2026-09-18 TD Cowen: bestaetigt auf Buy",,NASDAQ
EMR,Emerson Electric Company,,SP100,162.33,Industrials,United States,Einzelratings,67,67,bestaetigt,22,11,9,0,kaufen,28,178.0,178.0,bestaetigt,9.7,205.0,104.0,ja,,,,0,1,0,1,2026-09-25,TD Cowen,main,Hold,Hold,bestaetigt auf Hold,"2026-09-25 TD Cowen: bestaetigt auf Hold; 2026-09-25 Wells Fargo: neu aufgenommen auf Overweight",,NYSE
ENB,Enbridge Inc,CA29250N1050,Watchlist,46.04,Energy,Canada,Aggregat,58,58,bestaetigt,38,4,24,0,kaufen,5,49.76,49.76,bestaetigt,8.1,58.868927,44.72421,,,,,0,0,0,0,,,,,,,,,NYSE
ENR.DE,Siemens Energy AG,,DAX,144.92,Industrials,Germany,Aggregat,77,77,bestaetigt,15,8,26,0,kaufen,26,205.0,205.0,bestaetigt,41.5,260.0,100.0,,,,,0,0,0,0,,,,,,,,,XETRA
EOAN.DE,E.ON SE,,DAX,17.06,Utilities,Germany,Aggregat,69,69,bestaetigt,31,0,16,0,kaufen,17,21.5,21.5,bestaetigt,26.0,24.0,18.5,,,,,0,0,0,0,,,,,,,,,XETRA
EQIX,"Equinix, Inc.",US29444U7000,Watchlist,1023.44,Real Estate,United States,Einzelratings,91,91,bestaetigt,9,0,11,0,klar kaufen,31,1240.0,1240.0,bestaetigt,21.2,1380.0,1060.0,nein,,,,0,1,0,1,2026-09-21,Rothschild & Co,init,,Buy,neu aufgenommen auf Buy,"2026-09-21 Rothschild & Co: neu aufgenommen auf Buy; 2026-09-10 BTIG: bestaetigt auf Buy; 2026-09-08 Barclays: bestaetigt auf Equal-Weight",,NASDAQ
EQNR,Equinor ASA,US29446M1027,Watchlist,405.8,Energy,Norway,Aggregat,14,14,bestaetigt,57,29,7,0,halten,7,38.56,38.56,bestaetigt,-90.5,nan,nan,ja,,,,0,0,0,0,2026-09-28,TD Cowen,main,Hold,Hold,bestaetigt auf Hold,2026-09-28 TD Cowen: bestaetigt auf Hold,,Oslo
ETN,"Eaton Corporation, PLC",,Watchlist,432.6,Industrials,Ireland,Einzelratings,100,100,bestaetigt,0,0,7,0,kaufen,26,488.5,488.5,bestaetigt,12.9,534.0,333.0,ja,,,,0,2,0,2,2026-09-25,Wells Fargo,init,,Overweight,neu aufgenommen auf Overweight,"2026-09-25 Wells Fargo: neu aufgenommen auf Overweight; 2026-09-08 UBS: hochgestuft von Neutral auf Buy",,NYSE
EXC,Exelon Corporation,,NASDAQ,40.82,Utilities,United States,Einzelratings,33,33,bestaetigt,67,0,3,0,halten,17,48.0,48.0,bestaetigt,17.6,58.0,41.0,nein,,,,0,0,0,0,2026-09-22,Argus Research,main,Buy,Buy,bestaetigt auf Buy,"2026-09-22 Argus Research: bestaetigt auf Buy; 2026-09-18 Morgan Stanley: bestaetigt auf Equal-Weight",,NASDAQ
FANG,"Diamondback Energy, Inc.",US25278X1090,NASDAQ,184.08,Energy,United States,Aggregat,84,84,bestaetigt,16,0,31,0,klar kaufen,29,233.0,233.0,bestaetigt,26.6,283.0,205.0,,,,,0,0,0,0,,,,,,,,,NASDAQ
FAST,Fastenal Company,,NASDAQ,50.69,Industrials,United States,Einzelratings,25,25,bestaetigt,75,0,4,0,halten,13,49.0,49.0,bestaetigt,-3.3,59.0,39.9,,,,,0,0,0,0,,,,,,,,,NASDAQ
FDX,FedEx Corporation,,SP100,289.13,Industrials,United States,Einzelratings,89,89,bestaetigt,11,0,9,1,kaufen,26,356.5,356.5,bestaetigt,23.3,479.0,160.0,ja,,,,0,0,0,0,2026-10-05,JP Morgan,main,Overweight,Overweight,bestaetigt auf Overweight,"2026-10-05 JP Morgan: bestaetigt auf Overweight; 2026-09-28 Evercore ISI Group: bestaetigt auf In-Line; 2026-09-09 Evercore ISI Group: bestaetigt auf In-Line; 2026-09-08 JP Morgan: bestaetigt auf Overweight",,NYSE
FRE.DE,Fresenius SE & Co. KGaA,,DAX,44.19,Healthcare,Germany,Aggregat,93,93,bestaetigt,7,0,14,0,klar kaufen,14,55.6,55.6,bestaetigt,25.8,63.5,50.0,,,,,0,0,0,0,,,,,,,,,XETRA
FTNT,"Fortinet, Inc.",US34959E1091,NASDAQ,184.13,Technology,United States,Einzelratings,28,28,bestaetigt,56,17,18,0,halten,36,165.0,165.0,bestaetigt,-10.4,220.0,104.0,nein,,,,0,0,0,0,2026-09-17,Bernstein,main,Market Perform,Market Perform,bestaetigt auf Market Perform,2026-09-17 Bernstein: bestaetigt auf Market Perform,,NASDAQ
GD,General Dynamics Corporation,,SP100,331.72,Industrials,United States,Einzelratings,64,64,bestaetigt,36,0,11,0,kaufen,21,430.0,430.0,bestaetigt,29.6,465.0,319.0,ja,,,,0,0,0,0,2026-09-23,Bernstein,main,Market Perform,Market Perform,bestaetigt auf Market Perform,"2026-09-23 Bernstein: bestaetigt auf Market Perform; 2026-09-08 UBS: bestaetigt auf Neutral",,NYSE
GE,GE Aerospace,US3696043013,SP100,306.34,Industrials,United States,Einzelratings,100,100,bestaetigt,0,0,9,0,kaufen,21,400.0,400.0,bestaetigt,30.6,450.0,347.0,ja,,,,0,0,0,0,2026-09-30,Wells Fargo,main,Overweight,Overweight,bestaetigt auf Overweight,"2026-09-30 Wells Fargo: bestaetigt auf Overweight; 2026-09-23 Jefferies: bestaetigt auf Buy",,NYSE
GEHC,GE HealthCare Technologies Inc.,,NASDAQ,65.74,Healthcare,United States,Einzelratings,56,56,bestaetigt,44,0,9,0,kaufen,19,84.0,84.0,bestaetigt,27.8,96.0,70.0,ja,,,,0,1,0,1,2026-10-05,Citigroup,main,Neutral,Neutral,bestaetigt auf Neutral,"2026-10-05 Citigroup: bestaetigt auf Neutral; 2026-10-05 Needham: bestaetigt auf Buy; 2026-09-22 Needham: neu aufgenommen auf Buy; 2026-09-17 BTIG: bestaetigt auf Buy",,NASDAQ
GEV,GE Vernova Inc.,,SP100,990.0,Industrials,United States,Einzelratings,80,80,bestaetigt,10,10,10,0,kaufen,33,1250.0,1250.0,bestaetigt,26.3,1450.0,940.0,nein,,,,0,1,0,1,2026-09-15,Bernstein,reit,Outperform,Outperform,bestaetigt auf Outperform,"2026-09-15 Bernstein: bestaetigt auf Outperform; 2026-09-14 GLJ Research: neu aufgenommen auf Sell",,NYSE
GFS,GlobalFoundries Inc.,KYG393871085,NASDAQ,48.56,Technology,United States,Einzelratings,67,67,bestaetigt,33,0,3,0,kaufen,22,73.5,73.5,bestaetigt,51.4,140.0,55.0,,,,,0,0,0,0,,,,,,,,,NASDAQ
GILD,"Gilead Sciences, Inc.",US3755581036,NASDAQ,144.63,Healthcare,United States,Einzelratings,62,62,bestaetigt,38,0,8,0,kaufen,26,163.5,163.5,bestaetigt,13.0,180.0,123.0,nein,,,,0,0,0,0,2026-09-10,HSBC,main,Buy,Buy,bestaetigt auf Buy,2026-09-10 HSBC: bestaetigt auf Buy,,NASDAQ
GLW,Corning Incorporated,,Watchlist,159.37,Technology,United States,Einzelratings,64,64,bestaetigt,36,0,11,0,kaufen,17,182.0,182.0,bestaetigt,14.2,238.0,129.0,ja,,,,0,2,0,2,2026-10-05,UBS,main,Buy,Buy,bestaetigt auf Buy,"2026-10-05 UBS: bestaetigt auf Buy; 2026-10-02 Truist Securities: bestaetigt auf Buy; 2026-09-30 Bernstein: neu aufgenommen auf Market Perform; 2026-09-15 Mizuho: bestaetigt auf Outperform; 2026-09-08 China Renaissance: neu aufgenommen auf Buy",,NYSE
GM,General Motors Company,,SP100,80.23,Consumer Cyclical,United States,Einzelratings,90,90,bestaetigt,0,10,10,0,kaufen,23,103.0,103.0,bestaetigt,28.4,132.0,75.0,nein,,,,0,0,0,0,2026-09-14,UBS,main,Buy,Buy,bestaetigt auf Buy,2026-09-14 UBS: bestaetigt auf Buy,,NYSE
GOOG,Alphabet Inc.,CA02080M1005,NASDAQ,343.83,Communication Services,United States,Einzelratings,100,100,bestaetigt,0,0,3,0,klar kaufen,15,425.0,425.0,bestaetigt,23.6,475.0,340.0,,,,,0,0,0,0,,,,,,,,,NASDAQ
GOOGL,Alphabet Inc.,CA02080M1005,NASDAQ,346.47,Communication Services,United States,Einzelratings,88,88,bestaetigt,12,0,17,1,klar kaufen,54,430.0,430.0,bestaetigt,24.1,515.0,340.0,ja,,,,0,0,0,0,2026-09-28,Piper Sandler,reit,Overweight,Overweight,bestaetigt auf Overweight,"2026-09-28 Piper Sandler: bestaetigt auf Overweight; 2026-09-18 Tigress Financial: bestaetigt auf Strong Buy; 2026-09-17 Evercore ISI Group: bestaetigt auf Outperform",,NASDAQ
GS,"Goldman Sachs Group, Inc. (The)",,DOW,893.46,Financial Services,United States,Einzelratings,33,33,bestaetigt,58,8,12,0,halten,20,1147.5,1147.5,bestaetigt,28.4,1300.0,730.0,ja,,,,0,0,0,0,2026-10-05,UBS,main,Neutral,Neutral,bestaetigt auf Neutral,"2026-10-05 UBS: bestaetigt auf Neutral; 2026-10-01 Evercore ISI Group: bestaetigt auf Outperform; 2026-09-28 HSBC: bestaetigt auf Hold; 2026-09-25 Wells Fargo: bestaetigt auf Overweight; 2026-09-23 Citigroup: bestaetigt auf Neutral",,NYSE
GSK,GSK plc,US37733W2044,Watchlist,17.7,Healthcare,United Kingdom,Aggregat,38,38,bestaetigt,50,12,8,0,halten,8,59.58,59.58,bestaetigt,236.6,nan,nan,,,,,0,0,0,0,,,,,,,,,London
HD,"Home Depot, Inc. (The)",,DOW,281.15,Consumer Cyclical,United States,Einzelratings,64,64,bestaetigt,36,0,11,1,kaufen,32,379.0,379.0,bestaetigt,34.8,425.0,310.0,nein,,,,0,0,0,0,2026-09-09,Bernstein,main,Market Perform,Market Perform,bestaetigt auf Market Perform,2026-09-09 Bernstein: bestaetigt auf Market Perform,,NYSE
HDB,HDFC Bank Limited,,Watchlist,711.45,Financial Services,India,Aggregat,75,75,bestaetigt,25,0,4,0,kaufen,4,30.52,30.52,bestaetigt,-95.7,nan,nan,,,,,0,0,0,0,,,,,,,,,Mumbai
HEI.DE,Heidelberg Materials AG,,DAX,145.85,Basic Materials,Germany,Aggregat,74,74,bestaetigt,11,16,19,0,kaufen,19,215.0,215.0,bestaetigt,47.4,286.0,140.0,,,,,0,0,0,0,,,,,,,,,XETRA
HEN3.DE,Henkel AG & Co. KGaA,,DAX,73.14,Consumer Defensive,Germany,Aggregat,37,37,bestaetigt,42,21,19,0,halten,17,78.0,78.0,bestaetigt,6.6,95.0,65.0,,,,,0,0,0,0,,,,,,,,,XETRA
HNR1.DE,HANNOVER RUECK SE NA O.N.,,DAX,255.8,Financial Services,Germany,Aggregat,47,47,bestaetigt,47,7,15,0,keine Angabe,15,270.0,270.0,bestaetigt,5.6,330.0,246.0,,,,,0,0,0,0,,,,,,,,,XETRA
HON,Honeywell International Inc.,,NASDAQ/DOW,214.14,Industrials,United States,Einzelratings,69,69,bestaetigt,31,0,13,0,kaufen,23,262.0,262.0,bestaetigt,22.3,303.0,186.0,ja,,,,0,1,0,1,2026-09-25,Wells Fargo,init,,Equal-Weight,neu aufgenommen auf Equal-Weight,2026-09-25 Wells Fargo: neu aufgenommen auf Equal-Weight,,NASDAQ
HSBC,"HSBC Holdings, plc.",US4042804066,Watchlist,14.71,Financial Services,United Kingdom,Aggregat,33,33,bestaetigt,33,33,3,0,keine Angabe,3,106.08,106.08,bestaetigt,621.1,nan,nan,,,,,0,0,0,0,,,,,,,,,London
IBM,International Business Machines,US4592001014,DOW,221.58,Technology,United States,Einzelratings,67,67,bestaetigt,27,7,15,0,kaufen,22,240.5,240.5,bestaetigt,8.5,297.0,174.0,,,,,0,0,0,0,,,,,,,,,NYSE
IBN,ICICI Bank Limited,,Watchlist,1342.8,Financial Services,India,Aggregat,100,100,bestaetigt,0,0,4,0,klar kaufen,4,36.58,36.58,bestaetigt,-97.3,nan,nan,,,,,0,0,0,0,,,,,,,,,Mumbai
IDXX,"IDEXX Laboratories, Inc.",,NASDAQ,527.07,Healthcare,United States,Einzelratings,33,33,bestaetigt,67,0,3,0,kaufen,12,705.0,705.0,bestaetigt,33.8,805.0,470.0,,,,,0,0,0,0,,,,,,,,,NASDAQ
IFX.DE,INFINEON TECHNOLOGIES AG,,DAX,64.09,Technology,Germany,Aggregat,79,79,bestaetigt,21,0,24,0,kaufen,23,90.0,90.0,bestaetigt,40.4,124.0,50.0,,,,,0,0,0,0,,,,,,,,,XETRA
ILMN,"Illumina, Inc.",US4523271090,Watchlist,293.69,Healthcare,United States,Einzelratings,69,69,bestaetigt,15,15,13,0,kaufen,20,214.0,214.0,bestaetigt,-27.1,310.0,113.0,ja,,,,0,1,0,1,2026-10-05,RBC Capital,main,Outperform,Outperform,bestaetigt auf Outperform,"2026-10-05 RBC Capital: bestaetigt auf Outperform; 2026-10-01 Guggenheim: bestaetigt auf Buy; 2026-09-29 Leerink Partners: bestaetigt auf Outperform; 2026-09-28 Piper Sandler: bestaetigt auf Overweight; 2026-09-09 UBS: hochgestuft von Neutral auf Buy",,NASDAQ
ING,"ING Group, N.V.",US4568371037,Watchlist,31.4,Financial Services,Netherlands,Aggregat,33,33,bestaetigt,33,33,3,0,keine Angabe,3,35.5,35.5,bestaetigt,13.1,nan,nan,,,,,0,0,0,0,,,,,,,,,Amsterdam
INTC,Intel Corporation,,NASDAQ,116.19,Technology,United States,Einzelratings,24,24,bestaetigt,67,10,21,0,kaufen,43,112.0,112.0,bestaetigt,-3.6,200.0,75.0,ja,,,,0,2,0,2,2026-09-24,TD Cowen,reit,Hold,Hold,bestaetigt auf Hold,"2026-09-24 TD Cowen: bestaetigt auf Hold; 2026-09-15 Tigress Financial: bestaetigt auf Buy; 2026-09-10 Piper Sandler: neu aufgenommen auf Neutral; 2026-09-08 Northland Capital Markets: hochgestuft von Market Perform auf Outperform",,NASDAQ
INTU,Intuit Inc.,US4612021034,NASDAQ,284.68,Technology,United States,Einzelratings,53,53,bestaetigt,35,12,17,0,kaufen,31,400.0,400.0,bestaetigt,40.5,732.0,290.0,ja,,,,0,0,0,0,2026-10-02,RBC Capital,reit,Outperform,Outperform,bestaetigt auf Outperform,"2026-10-02 RBC Capital: bestaetigt auf Outperform; 2026-09-18 Evercore ISI Group: bestaetigt auf Outperform; 2026-09-18 Mizuho: bestaetigt auf Outperform; 2026-09-18 Stifel: bestaetigt auf Hold; 2026-09-18 Truist Securities: bestaetigt auf Hold",,NASDAQ
ISRG,"Intuitive Surgical, Inc.",US46120E6023,NASDAQ,406.48,Healthcare,United States,Einzelratings,83,83,bestaetigt,17,0,18,0,kaufen,29,483.0,483.0,bestaetigt,18.8,685.0,324.0,nein,,,,0,0,0,0,2026-09-08,BTIG,reit,Buy,Buy,bestaetigt auf Buy,2026-09-08 BTIG: bestaetigt auf Buy,,NASDAQ
JNJ,Johnson & Johnson,US4781601046,DOW,252.93,Healthcare,United States,Einzelratings,82,82,bestaetigt,18,0,11,0,kaufen,22,283.5,283.5,bestaetigt,12.1,320.0,190.0,ja,,,,0,0,0,0,2026-10-05,Citigroup,main,Buy,Buy,bestaetigt auf Buy,"2026-10-05 Citigroup: bestaetigt auf Buy; 2026-09-29 JP Morgan: bestaetigt auf Neutral; 2026-09-10 HSBC: bestaetigt auf Buy",,NYSE
JPM,JP Morgan Chase & Co.,,DOW,332.38,Financial Services,United States,Einzelratings,58,58,bestaetigt,42,0,12,0,kaufen,21,375.0,375.0,bestaetigt,12.8,420.0,305.0,ja,,,,0,0,0,0,2026-10-05,UBS,main,Buy,Buy,bestaetigt auf Buy,"2026-10-05 UBS: bestaetigt auf Buy; 2026-09-28 HSBC: bestaetigt auf Hold",,NYSE
KDP,Keurig Dr Pepper Inc.,US49271V1008,NASDAQ,30.89,Consumer Defensive,United States,Einzelratings,88,88,bestaetigt,12,0,8,0,kaufen,17,38.0,38.0,bestaetigt,23.0,42.0,29.0,nein,,,,0,0,0,0,2026-09-15,Argus Research,reit,Buy,Buy,bestaetigt auf Buy,2026-09-15 Argus Research: bestaetigt auf Buy,,NASDAQ
KHC,The Kraft Heinz Company,,NASDAQ,21.84,Consumer Defensive,United States,Einzelratings,12,12,bestaetigt,75,12,8,0,halten,18,25.0,25.0,bestaetigt,14.5,41.0,19.0,ja,,,,0,1,0,1,2026-10-05,Wells Fargo,main,Equal-Weight,Equal-Weight,bestaetigt auf Equal-Weight,"2026-10-05 Wells Fargo: bestaetigt auf Equal-Weight; 2026-09-24 RBC Capital: bestaetigt auf Outperform; 2026-09-22 TD Cowen: bestaetigt auf Hold; 2026-09-17 RBC Capital: neu aufgenommen auf Outperform; 2026-09-14 Evercore ISI Group: bestaetigt auf In-Line",,NYSE
KLAC,KLA Corporation,US4824801009,NASDAQ,206.85,Technology,United States,Einzelratings,73,73,bestaetigt,27,0,15,0,kaufen,26,234.0,234.0,bestaetigt,13.1,325.0,175.0,,,,,0,0,0,0,,,,,,,,,NASDAQ
KO,Coca-Cola Company (The),,DOW,86.51,Consumer Defensive,United States,Einzelratings,92,92,bestaetigt,8,0,12,0,kaufen,23,95.0,95.0,bestaetigt,9.8,104.0,75.0,ja,,,,0,0,0,0,2026-10-05,Wells Fargo,main,Overweight,Overweight,bestaetigt auf Overweight,"2026-10-05 Wells Fargo: bestaetigt auf Overweight; 2026-09-28 JP Morgan: bestaetigt auf Overweight",,NYSE
LIN,Linde plc,IE000S9YS762,NASDAQ,482.38,Basic Materials,United Kingdom,Einzelratings,100,100,bestaetigt,0,0,8,0,kaufen,25,550.0,550.0,bestaetigt,14.0,580.0,400.0,ja,,,,0,1,0,1,2026-10-05,UBS,main,Buy,Buy,bestaetigt auf Buy,"2026-10-05 UBS: bestaetigt auf Buy; 2026-09-28 Argus Research: bestaetigt auf Buy; 2026-09-11 Keybanc: neu aufgenommen auf Overweight",,NASDAQ
LLY,Eli Lilly and Company,,SP100,1143.12,Healthcare,United States,Einzelratings,93,93,bestaetigt,0,7,15,0,kaufen,29,1385.0,1385.0,bestaetigt,21.2,1600.0,930.0,ja,,,,0,0,0,0,2026-09-28,JP Morgan,main,Overweight,Overweight,bestaetigt auf Overweight,"2026-09-28 JP Morgan: bestaetigt auf Overweight; 2026-09-22 TD Cowen: bestaetigt auf Buy; 2026-09-18 Guggenheim: bestaetigt auf Buy; 2026-09-10 HSBC: bestaetigt auf Reduce",,NYSE
LMT,Lockheed Martin Corporation,,SP100,506.63,Industrials,United States,Einzelratings,40,40,bestaetigt,60,0,5,0,kaufen,19,629.0,629.0,bestaetigt,24.2,756.0,503.0,nein,,,,0,1,0,1,2026-09-08,UBS,up,Neutral,Buy,hochgestuft von Neutral auf Buy,2026-09-08 UBS: hochgestuft von Neutral auf Buy,,NYSE
LOW,"Lowe's Companies, Inc.",US5486611073,SP100,179.5,Consumer Cyclical,United States,Einzelratings,73,73,bestaetigt,27,0,15,0,kaufen,33,255.0,255.0,bestaetigt,42.1,290.0,191.0,nein,,,,0,0,0,0,2026-09-21,Guggenheim,reit,Buy,Buy,bestaetigt auf Buy,"2026-09-21 Guggenheim: bestaetigt auf Buy; 2026-09-09 Evercore ISI Group: bestaetigt auf In-Line; 2026-09-09 Bernstein: bestaetigt auf Outperform",,NYSE
LRCX,Lam Research Corporation,,NASDAQ,345.8,Technology,United States,Einzelratings,94,94,bestaetigt,6,0,16,0,klar kaufen,31,385.0,385.0,bestaetigt,11.3,500.0,290.0,ja,,,,0,0,0,0,2026-10-05,Morgan Stanley,main,Overweight,Overweight,bestaetigt auf Overweight,"2026-10-05 Morgan Stanley: bestaetigt auf Overweight; 2026-10-01 B. Riley Securities: bestaetigt auf Buy",,NASDAQ
LULU,lululemon athletica inc.,US5500211090,NASDAQ,93.14,Consumer Cyclical,Canada,Einzelratings,0,0,bestaetigt,80,20,20,1,halten,27,100.0,100.0,bestaetigt,7.4,255.0,44.0,nein,,,,0,1,0,1,2026-09-14,Argus Research,reit,Hold,Hold,bestaetigt auf Hold,"2026-09-14 Argus Research: bestaetigt auf Hold; 2026-09-09 Citigroup: bestaetigt auf Neutral; 2026-09-09 BMO Capital: neu aufgenommen auf Underperform",,NASDAQ
MA,Mastercard Incorporated,,SP100,564.59,Financial Services,United States,Einzelratings,100,100,bestaetigt,0,0,13,0,klar kaufen,37,668.0,668.0,bestaetigt,18.3,740.0,550.0,,,,,0,0,0,0,,,,,,,,,NYSE
MAR,Marriott International,,NASDAQ,355.89,Consumer Cyclical,United States,Einzelratings,36,36,bestaetigt,64,0,14,0,kaufen,25,393.0,393.0,bestaetigt,10.4,425.0,280.0,nein,,,,0,0,0,0,2026-09-10,Truist Securities,main,Hold,Hold,bestaetigt auf Hold,2026-09-10 Truist Securities: bestaetigt auf Hold,,NASDAQ
MBG.DE,Mercedes-Benz Group AG,,DAX,40.26,Consumer Cyclical,Germany,Aggregat,55,55,bestaetigt,36,9,22,0,kaufen,21,55.0,55.0,bestaetigt,36.6,73.8,36.0,,,,,0,0,0,0,,,,,,,,,XETRA
MCD,McDonald's Corporation,,DOW,233.04,Consumer Cyclical,United States,Einzelratings,61,61,bestaetigt,33,6,18,0,kaufen,29,295.0,295.0,bestaetigt,26.6,390.0,230.0,ja,,,,0,1,0,1,2026-10-05,Wells Fargo,main,Overweight,Overweight,bestaetigt auf Overweight,"2026-10-05 Wells Fargo: bestaetigt auf Overweight; 2026-10-05 Guggenheim: bestaetigt auf Neutral; 2026-09-29 JP Morgan: bestaetigt auf Overweight; 2026-09-28 Melius Research: bestaetigt auf Sell; 2026-09-28 Morgan Stanley: bestaetigt auf Equal-Weight",,NYSE
MCHP,Microchip Technology Incorporat,,NASDAQ,81.49,Technology,United States,Einzelratings,62,62,bestaetigt,38,0,8,0,kaufen,25,108.0,108.0,bestaetigt,32.5,135.0,80.0,,,,,0,0,0,0,,,,,,,,,NASDAQ
MCK,McKesson Corporation,,Watchlist,915.45,Healthcare,United States,Einzelratings,71,71,bestaetigt,29,0,7,0,kaufen,14,1000.0,1000.0,bestaetigt,9.2,1065.0,845.0,nein,,,,0,0,0,0,2026-09-14,RBC Capital,reit,Sector Perform,Sector Perform,bestaetigt auf Sector Perform,2026-09-14 RBC Capital: bestaetigt auf Sector Perform,,NYSE
MDB,"MongoDB, Inc.",,Watchlist,359.23,Technology,United States,Einzelratings,85,85,bestaetigt,15,0,26,1,kaufen,37,460.0,460.0,bestaetigt,28.1,565.0,272.64,ja,,,,0,0,0,0,2026-10-02,Cantor Fitzgerald,reit,Overweight,Overweight,bestaetigt auf Overweight,"2026-10-02 Cantor Fitzgerald: bestaetigt auf Overweight; 2026-10-01 DA Davidson: bestaetigt auf Buy; 2026-09-30 DA Davidson: bestaetigt auf Buy; 2026-09-30 UBS: bestaetigt auf Neutral; 2026-09-30 Macquarie: bestaetigt auf Neutral",,NASDAQ
MDLZ,"Mondelez International, Inc.",,NASDAQ,58.49,Consumer Defensive,United States,Einzelratings,100,100,bestaetigt,0,0,5,0,kaufen,22,70.0,70.0,bestaetigt,19.7,77.0,55.0,ja,,,,0,0,0,0,2026-10-05,Wells Fargo,main,Overweight,Overweight,bestaetigt auf Overweight,2026-10-05 Wells Fargo: bestaetigt auf Overweight,,NASDAQ
MDT,Medtronic plc.,IE00BTN1Y115,SP100,87.97,Healthcare,Ireland,Einzelratings,73,73,bestaetigt,27,0,11,0,kaufen,24,106.0,106.0,bestaetigt,20.5,121.0,85.0,ja,,,,0,0,0,0,2026-09-30,TD Cowen,reit,Buy,Buy,bestaetigt auf Buy,2026-09-30 TD Cowen: bestaetigt auf Buy,,NYSE
MELI,"MercadoLibre, Inc.",US58733R1023,NASDAQ,1860.61,Consumer Cyclical,Uruguay,Einzelratings,50,50,bestaetigt,50,0,4,0,klar kaufen,26,2275.0,2275.0,bestaetigt,22.3,2800.0,1750.0,,,,,0,0,0,0,,,,,,,,,NASDAQ
META,"Meta Platforms, Inc.",US30303M1027,NASDAQ,741.9,Communication Services,United States,Aggregat,87,87,bestaetigt,11,2,63,0,klar kaufen,58,800.0,800.0,bestaetigt,7.8,1000.0,580.0,,708.75,770.0,640.0,4,0,0,0,,,,,,,,"2026-08-03 Jefferies: Buy Ziel 710.0 [finanzen.net]; 2026-07-30 DZ Bank: Kaufen [finanzen.net]; 2026-07-30 UBS: Buy Ziel 715.0 [finanzen.net]; 2026-07-30 RBC Capital: Outperform Ziel 770.0 [finanzen.net]; 2026-07-30 JP Morgan: Neutral Ziel 640.0 [finanzen.net]",NASDAQ
MFG,"Mizuho Financial Group, Inc. Sp",US60687Y1091,Watchlist,8857.0,Financial Services,Japan,Aggregat,50,50,bestaetigt,0,50,2,0,kaufen,2,10.99,10.99,bestaetigt,-99.9,nan,nan,,,,,0,0,0,0,,,,,,,,,Tokio
MMM,3M Company,,DOW,163.19,Industrials,United States,Einzelratings,29,29,bestaetigt,57,14,7,0,kaufen,18,191.85,191.85,bestaetigt,17.6,219.0,120.0,ja,,,,0,2,0,2,2026-09-25,Wells Fargo,init,,Equal-Weight,neu aufgenommen auf Equal-Weight,"2026-09-25 Wells Fargo: neu aufgenommen auf Equal-Weight; 2026-09-25 Bernstein: hochgestuft von Underperform auf Market Perform",,NYSE
MNST,Monster Beverage Corporation,,NASDAQ,43.51,Consumer Defensive,United States,Einzelratings,60,60,bestaetigt,40,0,10,0,kaufen,23,50.0,50.0,bestaetigt,14.9,57.0,35.0,ja,,,,0,0,0,0,2026-10-05,Wells Fargo,main,Overweight,Overweight,bestaetigt auf Overweight,2026-10-05 Wells Fargo: bestaetigt auf Overweight,,NASDAQ
MO,"Altria Group, Inc.",,SP100,67.88,Consumer Defensive,United States,Aggregat,29,29,bestaetigt,57,14,14,0,halten,11,71.0,71.0,bestaetigt,4.6,82.0,58.0,,,,,0,0,0,0,,,,,,,,,NYSE
MPC,Marathon Petroleum Corporation,US56585A1025,Watchlist,433.47,Energy,United States,Einzelratings,62,62,bestaetigt,38,0,13,0,kaufen,18,406.5,406.5,bestaetigt,-6.2,472.0,236.0,ja,,,,0,0,1,-1,2026-10-02,B of A Securities,main,Neutral,Neutral,bestaetigt auf Neutral,"2026-10-02 B of A Securities: bestaetigt auf Neutral; 2026-09-22 Jefferies: abgestuft von Buy auf Hold; 2026-09-21 Goldman Sachs: bestaetigt auf Buy; 2026-09-14 Raymond James: bestaetigt auf Outperform; 2026-09-14 Morgan Stanley: bestaetigt auf Overweight",,NYSE
MRK,"Merck & Company, Inc.",,DOW,139.54,Healthcare,United States,Einzelratings,89,89,bestaetigt,11,0,18,0,kaufen,25,160.0,160.0,bestaetigt,14.7,186.0,105.0,ja,,,,0,0,0,0,2026-10-05,JP Morgan,main,Overweight,Overweight,bestaetigt auf Overweight,"2026-10-05 JP Morgan: bestaetigt auf Overweight; 2026-09-29 Scotiabank: bestaetigt auf Sector Outperform; 2026-09-10 HSBC: bestaetigt auf Buy; 2026-09-09 Leerink Partners: bestaetigt auf Outperform; 2026-09-08 Guggenheim: bestaetigt auf Buy",,NYSE
MRK.DE,MERCK KGAA,,DAX,141.9,Healthcare,Germany,Aggregat,50,50,bestaetigt,50,0,14,0,kaufen,14,152.5,152.5,bestaetigt,7.5,179.0,135.0,,,,,0,0,0,0,,,,,,,,,XETRA
MRNA,"Moderna, Inc.",US60770K1079,Watchlist,203.21,Healthcare,United States,Einzelratings,23,23,bestaetigt,46,31,13,0,halten,18,125.0,125.0,bestaetigt,-38.5,170.0,45.0,ja,,,,0,0,1,-1,2026-09-30,Citigroup,down,Neutral,Sell,abgestuft von Neutral auf Sell,2026-09-30 Citigroup: abgestuft von Neutral auf Sell,,NASDAQ
MRVL,"Marvell Technology, Inc.",,NASDAQ,271.25,Technology,United States,Einzelratings,84,84,bestaetigt,16,0,19,0,klar kaufen,43,284.0,284.0,bestaetigt,4.7,450.0,210.0,ja,,,,0,2,0,2,2026-09-23,Seaport Global,init,,Buy,neu aufgenommen auf Buy,"2026-09-23 Seaport Global: neu aufgenommen auf Buy; 2026-09-21 Morgan Stanley: bestaetigt auf Equal-Weight; 2026-09-10 Piper Sandler: neu aufgenommen auf Overweight",,NASDAQ
MS,Morgan Stanley,US6174464486,SP100,190.19,Financial Services,United States,Einzelratings,54,54,bestaetigt,38,8,13,0,kaufen,21,231.0,231.0,bestaetigt,21.5,262.0,184.0,ja,,,,0,0,0,0,2026-10-05,UBS,main,Buy,Buy,bestaetigt auf Buy,"2026-10-05 UBS: bestaetigt auf Buy; 2026-10-01 Evercore ISI Group: bestaetigt auf Outperform; 2026-09-30 Citigroup: bestaetigt auf Neutral; 2026-09-28 HSBC: bestaetigt auf Hold; 2026-09-25 Wells Fargo: bestaetigt auf Equal-Weight",,NYSE
MSFT,Microsoft Corporation,,NASDAQ/DOW,525.18,Technology,United States,Einzelratings,100,100,bestaetigt,0,0,23,1,klar kaufen,53,575.0,575.0,bestaetigt,9.5,870.0,440.0,ja,,,,0,1,0,1,2026-10-05,Scotiabank,main,Sector Outperform,Sector Outperform,bestaetigt auf Sector Outperform,"2026-10-05 Scotiabank: bestaetigt auf Sector Outperform; 2026-10-01 Wells Fargo: bestaetigt auf Overweight; 2026-09-30 Piper Sandler: bestaetigt auf Overweight; 2026-09-23 Stifel: hochgestuft von Hold auf Buy; 2026-09-22 Oppenheimer: bestaetigt auf Outperform",,NASDAQ
MSTR,Strategy Inc,US66538H1041,NASDAQ,164.43,Technology,United States,Einzelratings,100,100,bestaetigt,0,0,11,0,klar kaufen,15,215.0,215.0,bestaetigt,30.8,435.0,160.0,ja,,,,0,0,0,0,2026-10-02,Citigroup,main,Buy,Buy,bestaetigt auf Buy,"2026-10-02 Citigroup: bestaetigt auf Buy; 2026-09-22 B. Riley Securities: bestaetigt auf Buy; 2026-09-15 Barclays: bestaetigt auf Overweight; 2026-09-08 Canaccord Genuity: bestaetigt auf Buy",,NASDAQ
MTX.DE,MTU Aero Engines AG,,DAX,373.5,Industrials,Germany,Aggregat,55,55,bestaetigt,30,15,20,0,kaufen,20,420.0,420.0,bestaetigt,12.4,530.0,320.0,,,,,0,0,0,0,,,,,,,,,XETRA
MU,"Micron Technology, Inc.",US5951121038,NASDAQ,1063.96,Technology,United States,Einzelratings,95,95,bestaetigt,5,0,22,0,klar kaufen,46,1545.0,1545.0,bestaetigt,45.2,2200.0,361.0,ja,,,,0,0,0,0,2026-10-01,Mizuho,main,Outperform,Outperform,bestaetigt auf Outperform,"2026-10-01 Mizuho: bestaetigt auf Outperform; 2026-10-01 Morgan Stanley: bestaetigt auf Overweight; 2026-10-01 TD Cowen: bestaetigt auf Buy; 2026-10-01 RBC Capital: bestaetigt auf Outperform; 2026-10-01 DA Davidson: bestaetigt auf Buy",,NASDAQ
MUFG,"Mitsubishi UFJ Financial Group,",US6068221042,Watchlist,3671.0,Financial Services,Japan,Aggregat,50,50,bestaetigt,0,50,2,0,kaufen,2,22.27,22.27,bestaetigt,-99.4,nan,nan,,,,,0,0,0,0,,,,,,,,,Tokio
MUV2.DE,MUENCHENER RUECKVERS.-GES. AG,,DAX,509.4,Financial Services,Germany,Aggregat,29,29,bestaetigt,53,18,17,0,halten,17,550.0,550.0,bestaetigt,8.0,632.0,480.0,,,,,0,0,0,0,,,,,,,,,XETRA
NEE,"NextEra Energy, Inc.",US65339F1012,SP100,76.28,Utilities,United States,Einzelratings,50,50,bestaetigt,33,17,6,0,kaufen,19,100.0,100.0,bestaetigt,31.1,114.0,56.0,ja,,,,0,0,0,0,2026-10-02,Seaport Global,main,Sell,Sell,bestaetigt auf Sell,"2026-10-02 Seaport Global: bestaetigt auf Sell; 2026-09-18 Morgan Stanley: bestaetigt auf Overweight",,NYSE
NEM,Newmont Corporation,US6516391066,Watchlist,115.82,Basic Materials,United States,Einzelratings,100,100,bestaetigt,0,0,8,0,kaufen,21,140.0,140.0,bestaetigt,20.9,170.0,67.0,nein,,,,0,0,0,0,2026-09-16,RBC Capital,main,Outperform,Outperform,bestaetigt auf Outperform,"2026-09-16 RBC Capital: bestaetigt auf Outperform; 2026-09-09 Bernstein: bestaetigt auf Outperform",,NYSE
NET,"Cloudflare, Inc.",,Watchlist,359.49,Technology,United States,Einzelratings,74,74,bestaetigt,21,5,19,1,kaufen,31,355.0,355.0,bestaetigt,-1.2,405.0,160.0,nein,,,,0,0,0,0,2026-09-17,Bernstein,main,Market Perform,Market Perform,bestaetigt auf Market Perform,2026-09-17 Bernstein: bestaetigt auf Market Perform,,NYSE
NFLX,"Netflix, Inc.",US64110L1061,NASDAQ,67.5,Communication Services,United States,Einzelratings,73,73,bestaetigt,23,5,22,0,kaufen,45,92.0,92.0,bestaetigt,36.3,135.0,57.0,ja,,,,0,1,2,-1,2026-10-05,TD Cowen,reit,Buy,Buy,bestaetigt auf Buy,"2026-10-05 TD Cowen: bestaetigt auf Buy; 2026-10-01 Guggenheim: bestaetigt auf Buy; 2026-09-29 Deutsche Bank: hochgestuft von Hold auf Buy; 2026-09-22 HSBC: abgestuft von Buy auf Hold; 2026-09-18 Wells Fargo: abgestuft von Equal-Weight auf Underweight",,NASDAQ
NKE,"Nike, Inc.",US6541061031,DOW,33.96,Consumer Cyclical,United States,Einzelratings,27,27,bestaetigt,54,19,26,1,halten,36,36.5,36.5,bestaetigt,7.5,94.0,19.0,ja,,,,0,3,2,1,2026-10-05,Barclays,main,Overweight,Overweight,bestaetigt auf Overweight,"2026-10-05 Barclays: bestaetigt auf Overweight; 2026-10-02 Freedom Broker: hochgestuft von Sell auf Buy; 2026-10-02 UBS: bestaetigt auf Neutral; 2026-10-02 Telsey Advisory Group: bestaetigt auf Market Perform; 2026-10-02 Citigroup: bestaetigt auf Neutral",,NYSE
NOW,"ServiceNow, Inc.",US81762P1021,SP100,136.08,Technology,United States,Einzelratings,88,88,bestaetigt,8,4,24,0,klar kaufen,46,142.5,142.5,bestaetigt,4.7,248.0,72.0,nein,,,,0,0,0,0,2026-09-21,Cantor Fitzgerald,main,Overweight,Overweight,bestaetigt auf Overweight,"2026-09-21 Cantor Fitzgerald: bestaetigt auf Overweight; 2026-09-11 Needham: bestaetigt auf Buy; 2026-09-08 BTIG: bestaetigt auf Buy",,NYSE
NVDA,NVIDIA Corporation,,NASDAQ/DOW,238.9,Technology,United States,Einzelratings,100,100,bestaetigt,0,0,21,0,klar kaufen,59,315.0,315.0,bestaetigt,31.9,515.0,180.0,ja,,,,0,1,0,1,2026-10-01,Cantor Fitzgerald,reit,Overweight,Overweight,bestaetigt auf Overweight,"2026-10-01 Cantor Fitzgerald: bestaetigt auf Overweight; 2026-09-29 Rosenblatt: bestaetigt auf Buy; 2026-09-10 Piper Sandler: neu aufgenommen auf Overweight",,NASDAQ
NVO,Novo Nordisk A/S,US6701002056,Watchlist,247.7,Healthcare,Denmark,Aggregat,21,21,bestaetigt,71,7,14,0,halten,12,46.05,46.05,bestaetigt,-81.4,nan,nan,nein,,,,0,0,1,-1,2026-09-11,Morgan Stanley,down,Equal-Weight,Underweight,abgestuft von Equal-Weight auf Underweight,2026-09-11 Morgan Stanley: abgestuft von Equal-Weight auf Underweight,,Kopenhagen
NVS,Novartis AG,US66987V1098,Watchlist,117.68,Healthcare,Switzerland,Aggregat,42,42,bestaetigt,50,8,12,0,halten,11,156.29,156.29,bestaetigt,32.8,nan,nan,nein,,,,0,1,0,1,2026-09-10,HSBC,up,Reduce,Hold,hochgestuft von Reduce auf Hold,2026-09-10 HSBC: hochgestuft von Reduce auf Hold,,Zürich
NXPI,NXP Semiconductors N.V.,NL0009538784,NASDAQ,241.97,Technology,Netherlands,Einzelratings,50,50,bestaetigt,40,10,10,0,kaufen,29,310.0,310.0,bestaetigt,28.1,400.0,190.0,ja,,,,0,0,0,0,2026-10-05,Stifel,main,Hold,Hold,bestaetigt auf Hold,2026-10-05 Stifel: bestaetigt auf Hold,,NASDAQ
ODFL,"Old Dominion Freight Line, Inc.",US6795801009,NASDAQ,179.37,Industrials,United States,Einzelratings,50,50,bestaetigt,50,0,14,0,kaufen,22,231.0,231.0,bestaetigt,28.8,263.0,156.0,ja,,,,0,2,0,2,2026-10-05,JP Morgan,main,Neutral,Neutral,bestaetigt auf Neutral,"2026-10-05 JP Morgan: bestaetigt auf Neutral; 2026-10-02 Susquehanna: bestaetigt auf Neutral; 2026-09-10 Bernstein: neu aufgenommen auf Market Perform; 2026-09-08 Citigroup: hochgestuft von Neutral auf Buy",,NASDAQ
ON,ON Semiconductor Corporation,,NASDAQ,85.93,Technology,United States,Einzelratings,50,50,bestaetigt,50,0,14,0,kaufen,26,100.0,100.0,bestaetigt,16.4,150.0,75.0,ja,,,,0,1,0,1,2026-10-05,Stifel,main,Hold,Hold,bestaetigt auf Hold,"2026-10-05 Stifel: bestaetigt auf Hold; 2026-10-02 Wells Fargo: bestaetigt auf Overweight; 2026-10-02 Needham: bestaetigt auf Buy; 2026-09-23 Seaport Global: neu aufgenommen auf Buy; 2026-09-18 Truist Securities: bestaetigt auf Hold",,NASDAQ
ORCL,Oracle Corporation,,Watchlist,142.48,Technology,United States,Einzelratings,82,82,bestaetigt,18,0,22,1,kaufen,41,240.0,240.0,bestaetigt,68.4,400.0,110.0,ja,,,,0,0,0,0,2026-10-02,Citizens,reit,Market Outperform,Market Outperform,bestaetigt auf Market Outperform,"2026-10-02 Citizens: bestaetigt auf Market Outperform; 2026-09-14 Freedom Broker: bestaetigt auf Buy; 2026-09-14 Argus Research: bestaetigt auf Buy; 2026-09-11 Stifel: bestaetigt auf Buy; 2026-09-11 TD Cowen: bestaetigt auf Buy",,NYSE
ORLY,"O'Reilly Automotive, Inc.",,NASDAQ,83.9,Consumer Cyclical,United States,Einzelratings,80,80,bestaetigt,20,0,5,0,kaufen,26,109.0,109.0,bestaetigt,29.9,120.0,91.0,ja,,,,0,1,0,1,2026-09-29,Bernstein,init,,Market Perform,neu aufgenommen auf Market Perform,"2026-09-29 Bernstein: neu aufgenommen auf Market Perform; 2026-09-18 DA Davidson: bestaetigt auf Buy; 2026-09-16 DA Davidson: bestaetigt auf Buy",,NASDAQ
P911.DE,Dr. Ing. h.c. F. Porsche AG,,DAX,43.28,Consumer Cyclical,Germany,Aggregat,30,30,bestaetigt,50,20,20,0,halten,20,45.0,45.0,bestaetigt,4.0,60.0,38.0,,,,,0,0,0,0,,,,,,,,,XETRA
PAH3.DE,Porsche Automobil Holding SE,,DAX,24.4,Consumer Cyclical,Germany,Aggregat,22,22,bestaetigt,44,33,9,0,halten,9,35.0,35.0,bestaetigt,43.4,43.0,25.0,,,,,0,0,0,0,,,,,,,,,XETRA
PANW,"Palo Alto Networks, Inc.",US6974351057,NASDAQ,406.76,Technology,United States,Einzelratings,86,86,bestaetigt,14,0,29,1,kaufen,50,412.5,412.5,bestaetigt,1.4,475.0,190.0,ja,,,,0,0,1,-1,2026-10-02,TD Cowen,main,Buy,Buy,bestaetigt auf Buy,"2026-10-02 TD Cowen: bestaetigt auf Buy; 2026-09-28 BTIG: bestaetigt auf Buy; 2026-09-21 Morgan Stanley: bestaetigt auf Overweight; 2026-09-17 Bernstein: abgestuft von Outperform auf Market Perform",,NASDAQ
PAYX,"Paychex, Inc.",US7043261079,NASDAQ,99.78,Technology,United States,Einzelratings,8,8,bestaetigt,77,15,13,0,halten,14,111.0,111.0,bestaetigt,11.2,150.0,96.0,ja,,,,0,2,0,2,2026-09-28,Baird,main,Neutral,Neutral,bestaetigt auf Neutral,"2026-09-28 Baird: bestaetigt auf Neutral; 2026-09-28 Cantor Fitzgerald: bestaetigt auf Underweight; 2026-09-24 UBS: bestaetigt auf Neutral; 2026-09-24 BMO Capital: bestaetigt auf Market Perform; 2026-09-24 Stifel: bestaetigt auf Hold",,NASDAQ
PBR,Petroleo Brasileiro S.A. Petrob,,Watchlist,60.4,Energy,Brazil,Aggregat,79,79,bestaetigt,21,0,14,0,kaufen,14,22.95,22.95,bestaetigt,-62.0,nan,nan,ja,,,,0,0,0,0,2026-09-23,UBS,main,Buy,Buy,bestaetigt auf Buy,2026-09-23 UBS: bestaetigt auf Buy,,São Paulo
PCAR,PACCAR Inc.,US6937181088,NASDAQ,109.36,Industrials,United States,Einzelratings,43,43,bestaetigt,57,0,7,0,kaufen,15,140.0,140.0,bestaetigt,28.0,164.0,125.0,ja,,,,0,1,0,1,2026-10-05,Truist Securities,main,Hold,Hold,bestaetigt auf Hold,"2026-10-05 Truist Securities: bestaetigt auf Hold; 2026-09-10 RBC Capital: hochgestuft von Sector Perform auf Outperform",,NASDAQ
PDD,PDD Holdings Inc.,US7223041028,NASDAQ,77.9,Consumer Cyclical,Ireland,Einzelratings,25,25,bestaetigt,50,25,4,0,kaufen,34,114.82,114.82,bestaetigt,47.4,150.38708,85.240906,nein,,,,0,0,0,0,2026-09-10,JP Morgan,main,Neutral,Neutral,bestaetigt auf Neutral,2026-09-10 JP Morgan: bestaetigt auf Neutral,,NASDAQ
PEP,"Pepsico, Inc.",US7134481081,NASDAQ,125.65,Consumer Defensive,United States,Einzelratings,20,20,bestaetigt,80,0,15,0,halten,22,148.5,148.5,bestaetigt,18.2,180.0,124.0,ja,,,,0,0,2,-2,2026-10-05,Wells Fargo,main,Equal-Weight,Equal-Weight,bestaetigt auf Equal-Weight,"2026-10-05 Wells Fargo: bestaetigt auf Equal-Weight; 2026-10-02 UBS: bestaetigt auf Buy; 2026-10-01 Barclays: bestaetigt auf Equal-Weight; 2026-09-30 Evercore ISI Group: bestaetigt auf In-Line; 2026-09-29 JP Morgan: abgestuft von Overweight auf Neutral",,NASDAQ
PFE,"Pfizer, Inc.",US7170811035,SP100,27.41,Healthcare,United States,Einzelratings,29,29,bestaetigt,71,0,7,0,kaufen,26,28.0,28.0,bestaetigt,2.2,35.75,25.0,nein,,,,0,0,0,0,2026-09-10,HSBC,main,Hold,Hold,bestaetigt auf Hold,2026-09-10 HSBC: bestaetigt auf Hold,,NYSE
PG,Procter & Gamble Company (The),,DOW,145.94,Consumer Defensive,United States,Einzelratings,38,38,bestaetigt,62,0,8,0,kaufen,23,162.0,162.0,bestaetigt,11.0,186.0,143.0,ja,,,,0,0,0,0,2026-09-30,TD Cowen,reit,Hold,Hold,bestaetigt auf Hold,2026-09-30 TD Cowen: bestaetigt auf Hold,,NYSE
PGR,Progressive Corporation (The),,Watchlist,212.62,Financial Services,United States,Einzelratings,18,18,bestaetigt,73,9,11,0,halten,21,230.0,230.0,bestaetigt,8.2,314.0,198.0,ja,,,,0,0,0,0,2026-10-05,JP Morgan,main,Neutral,Neutral,bestaetigt auf Neutral,"2026-10-05 JP Morgan: bestaetigt auf Neutral; 2026-09-18 Keefe, Bruyette & Woods: bestaetigt auf Outperform; 2026-09-16 Mizuho: bestaetigt auf Neutral",,NYSE
PH,Parker-Hannifin Corporation,,Watchlist,975.68,Industrials,United States,Einzelratings,89,89,bestaetigt,11,0,9,0,kaufen,24,1212.0,1212.0,bestaetigt,24.2,1358.0,680.0,ja,,,,0,1,0,1,2026-09-25,Wells Fargo,init,,Equal-Weight,neu aufgenommen auf Equal-Weight,2026-09-25 Wells Fargo: neu aufgenommen auf Equal-Weight,,NYSE
PLD,"Prologis, Inc.",US74340W1036,Watchlist,128.08,Real Estate,United States,Einzelratings,88,88,bestaetigt,12,0,8,0,kaufen,13,160.0,160.0,bestaetigt,24.9,170.0,140.0,,,,,0,0,0,0,,,,,,,,,NYSE
PLTR,Palantir Technologies Inc.,,NASDAQ,189.4,Technology,United States,Einzelratings,78,78,bestaetigt,22,0,9,0,kaufen,26,205.05,205.05,bestaetigt,8.3,255.0,80.0,ja,,,,0,0,0,0,2026-09-23,Rosenblatt,main,Buy,Buy,bestaetigt auf Buy,"2026-09-23 Rosenblatt: bestaetigt auf Buy; 2026-09-15 UBS: bestaetigt auf Buy; 2026-09-11 DA Davidson: bestaetigt auf Buy; 2026-09-11 Rosenblatt: bestaetigt auf Buy",,NASDAQ
PM,Philip Morris International Inc,AR0361136887,SP100,189.53,Consumer Defensive,United States,Einzelratings,83,83,bestaetigt,17,0,6,0,kaufen,15,211.0,211.0,bestaetigt,11.3,230.0,175.0,ja,,,,0,0,0,0,2026-09-23,UBS,main,Neutral,Neutral,bestaetigt auf Neutral,2026-09-23 UBS: bestaetigt auf Neutral,,NYSE
PSX,Phillips 66,US7185461040,Watchlist,269.72,Energy,United States,Einzelratings,58,58,bestaetigt,42,0,12,0,kaufen,19,264.0,264.0,bestaetigt,-2.1,340.0,173.0,ja,,,,0,0,0,0,2026-10-01,Goldman Sachs,main,Neutral,Neutral,bestaetigt auf Neutral,"2026-10-01 Goldman Sachs: bestaetigt auf Neutral; 2026-09-30 TD Cowen: bestaetigt auf Buy; 2026-09-17 BMO Capital: bestaetigt auf Outperform; 2026-09-14 Raymond James: bestaetigt auf Outperform; 2026-09-14 Morgan Stanley: bestaetigt auf Overweight",,NYSE
PYPL,"PayPal Holdings, Inc.",,NASDAQ,54.41,Financial Services,United States,Einzelratings,17,17,bestaetigt,78,6,18,0,halten,32,56.5,56.5,bestaetigt,3.8,80.0,36.0,,,,,0,0,0,0,,,,,,,,,NASDAQ
QCOM,QUALCOMM Incorporated,,NASDAQ,180.79,Technology,United States,Einzelratings,19,19,bestaetigt,69,12,16,0,halten,30,175.0,175.0,bestaetigt,-3.2,400.0,100.0,nein,,,,0,1,0,1,2026-09-10,Piper Sandler,init,,Neutral,neu aufgenommen auf Neutral,"2026-09-10 Piper Sandler: neu aufgenommen auf Neutral; 2026-09-09 RBC Capital: bestaetigt auf Sector Perform; 2026-09-09 Rosenblatt: bestaetigt auf Buy",,NASDAQ
QIA.DE,Qiagen N.V.,,DAX,41.9,Healthcare,Netherlands,Einzelratings,40,40,bestaetigt,60,0,5,0,keine Angabe,7,42.0,42.0,bestaetigt,0.2,42.0,32.0,nein,,,,0,0,0,0,2026-09-09,UBS,main,Neutral,Neutral,bestaetigt auf Neutral,2026-09-09 UBS: bestaetigt auf Neutral,,XETRA
REGN,"Regeneron Pharmaceuticals, Inc.",US75886F1075,NASDAQ,726.47,Healthcare,United States,Einzelratings,62,62,bestaetigt,38,0,13,0,kaufen,26,857.0,857.0,bestaetigt,18.0,1030.0,730.0,ja,,,,0,1,0,1,2026-10-01,Jefferies,main,Buy,Buy,bestaetigt auf Buy,"2026-10-01 Jefferies: bestaetigt auf Buy; 2026-10-01 Argus Research: hochgestuft von Hold auf Buy; 2026-09-29 RBC Capital: bestaetigt auf Sector Perform; 2026-09-10 HSBC: bestaetigt auf Buy",,NASDAQ
RHM.DE,RHEINMETALL AG,,DAX,958.1,Industrials,Germany,Aggregat,86,86,bestaetigt,14,0,21,0,klar kaufen,21,1600.0,1600.0,bestaetigt,67.0,2380.0,1050.0,,,,,0,0,0,0,,,,,,,,,XETRA
RIO,Rio Tinto Plc,US7672041008,Watchlist,71.89,Basic Materials,United Kingdom,Aggregat,50,50,bestaetigt,30,20,10,0,kaufen,9,103.65,103.65,bestaetigt,44.2,nan,nan,nein,,,,0,0,0,0,2026-09-09,Bernstein,main,Outperform,Outperform,bestaetigt auf Outperform,2026-09-09 Bernstein: bestaetigt auf Outperform,,London
ROP,"Roper Technologies, Inc.",US7766961061,NASDAQ,363.38,Technology,United States,Einzelratings,40,40,bestaetigt,40,20,5,0,kaufen,14,422.0,422.0,bestaetigt,16.1,550.0,335.0,,,,,0,0,0,0,,,,,,,,,NASDAQ
ROST,"Ross Stores, Inc.",US7782961038,NASDAQ,226.37,Consumer Cyclical,United States,Einzelratings,67,67,bestaetigt,33,0,12,0,kaufen,18,282.5,282.5,bestaetigt,24.8,310.0,187.0,,,,,0,0,0,0,,,,,,,,,NASDAQ
RTX,RTX Corporation,US75513E1010,SP100,184.33,Industrials,United States,Einzelratings,50,50,bestaetigt,50,0,6,0,kaufen,22,240.0,240.0,bestaetigt,30.2,265.0,200.0,ja,,,,0,0,0,0,2026-09-23,Bernstein,main,Market Perform,Market Perform,bestaetigt auf Market Perform,2026-09-23 Bernstein: bestaetigt auf Market Perform,,NYSE
RWE.DE,RWE AG,,DAX,58.52,Utilities,Germany,Aggregat,83,83,bestaetigt,17,0,18,0,kaufen,18,68.0,68.0,bestaetigt,16.2,76.0,55.0,,,,,0,0,0,0,,,,,,,,,XETRA
RY,Royal Bank Of Canada,CA7800871021,Watchlist,194.67,Financial Services,Canada,Aggregat,60,60,bestaetigt,33,7,15,0,kaufen,3,214.72,214.72,bestaetigt,10.3,224.46149,182.41684,,,,,0,0,0,0,,,,,,,,,NYSE
SAN,"Banco Santander, S.A. Sponsored",,Watchlist,12.49,Financial Services,Spain,Aggregat,33,33,bestaetigt,67,0,3,0,keine Angabe,3,14.79,14.79,bestaetigt,18.4,nan,nan,,,,,0,0,0,0,,,,,,,,,Madrid
SAP.DE,SAP SE,,DAX,188.22,Technology,Germany,Aggregat,86,86,bestaetigt,14,0,28,0,klar kaufen,26,203.0,203.0,bestaetigt,7.9,290.0,160.0,,,,,0,0,0,0,,,,,,,,,XETRA
SBUX,Starbucks Corporation,,NASDAQ,94.43,Consumer Cyclical,United States,Einzelratings,50,50,bestaetigt,42,8,12,0,kaufen,30,112.0,112.0,bestaetigt,18.6,143.0,82.0,ja,,,,0,1,0,1,2026-09-29,JP Morgan,main,Overweight,Overweight,bestaetigt auf Overweight,"2026-09-29 JP Morgan: bestaetigt auf Overweight; 2026-09-16 Seaport Global: neu aufgenommen auf Neutral",,NASDAQ
SCCO,Southern Copper Corporation,,Watchlist,205.29,Basic Materials,United States,Einzelratings,0,0,bestaetigt,20,80,5,1,unterdurchschnittlich,17,164.03,164.03,bestaetigt,-20.1,275.0,138.33992,,,,,0,0,0,0,,,,,,,,,NYSE
SCHW,Charles Schwab Corporation (The,,SP100,97.96,Financial Services,United States,Einzelratings,56,56,bestaetigt,33,11,9,0,kaufen,21,125.0,125.0,bestaetigt,27.6,145.0,91.0,ja,,,,0,1,0,1,2026-10-05,B of A Securities,main,Underperform,Underperform,bestaetigt auf Underperform,"2026-10-05 B of A Securities: bestaetigt auf Underperform; 2026-10-02 Piper Sandler: bestaetigt auf Neutral; 2026-10-02 Wells Fargo: neu aufgenommen auf Equal-Weight",,NYSE
SHEL,Shell PLC,US7802593050,Watchlist,36.18,Energy,United Kingdom,Einzelratings,25,25,bestaetigt,75,0,4,0,kaufen,15,103.81,103.81,bestaetigt,186.9,nan,nan,ja,,,,0,0,0,0,2026-09-28,TD Cowen,main,Buy,Buy,bestaetigt auf Buy,2026-09-28 TD Cowen: bestaetigt auf Buy,,London
SHL.DE,Siemens Healthineers AG,,DAX,38.06,Healthcare,Germany,Aggregat,65,65,bestaetigt,35,0,20,0,kaufen,19,46.0,46.0,bestaetigt,20.9,57.4,36.0,,,,,0,0,0,0,,,,,,,,,XETRA
SHOP,Shopify Inc.,CA82509L1076,Watchlist,160.11,Technology,Canada,Einzelratings,79,79,bestaetigt,21,0,19,1,kaufen,48,175.5,175.5,bestaetigt,9.6,220.0,120.0,ja,,,,0,1,0,1,2026-09-23,Wedbush,reit,Outperform,Outperform,bestaetigt auf Outperform,"2026-09-23 Wedbush: bestaetigt auf Outperform; 2026-09-11 Bernstein: neu aufgenommen auf Outperform; 2026-09-08 Piper Sandler: bestaetigt auf Overweight",,NASDAQ
SHW,Sherwin-Williams Company (The),,DOW,318.46,Basic Materials,United States,Einzelratings,78,78,bestaetigt,22,0,9,1,kaufen,22,395.5,395.5,bestaetigt,24.2,420.0,340.0,ja,,,,0,1,0,1,2026-10-05,UBS,main,Neutral,Neutral,bestaetigt auf Neutral,"2026-10-05 UBS: bestaetigt auf Neutral; 2026-09-25 RBC Capital: bestaetigt auf Outperform; 2026-09-25 Wells Fargo: bestaetigt auf Equal-Weight; 2026-09-22 RBC Capital: bestaetigt auf Outperform; 2026-09-11 Keybanc: neu aufgenommen auf Sector Weight",,NYSE
SIE.DE,SIEMENS AG,,DAX,278.5,Industrials,Germany,Aggregat,67,67,bestaetigt,25,8,24,0,kaufen,22,310.0,310.0,bestaetigt,11.3,345.0,235.0,,,,,0,0,0,0,,,,,,,,,XETRA
SKHY,SK hynix Inc.,AR0272347318,Watchlist,1773000.0,Technology,South Korea,Einzelratings,100,100,bestaetigt,0,0,10,0,klar kaufen,14,2287923.38,2287923.38,bestaetigt,29.0,3349331.1313,1434079.8083,nein,,,,0,1,0,1,2026-09-10,JP Morgan,init,,Overweight,neu aufgenommen auf Overweight,2026-09-10 JP Morgan: neu aufgenommen auf Overweight,,Seoul
SMFG,Sumitomo Mitsui Financial Group,US86562M2098,Watchlist,3429.0,Financial Services,Japan,Aggregat,100,100,bestaetigt,0,0,1,0,klar kaufen,1,31.51,31.51,bestaetigt,-99.1,nan,nan,,,,,0,0,0,0,,,,,,,,,Tokio
SNDK,Sandisk Corporation,CA8000541083,Watchlist,1704.16,Technology,United States,Einzelratings,83,83,bestaetigt,17,0,12,0,kaufen,24,2150.0,2150.0,bestaetigt,26.2,3600.0,1000.0,nein,,,,0,1,0,1,2026-09-22,Rosenblatt,init,,Buy,neu aufgenommen auf Buy,2026-09-22 Rosenblatt: neu aufgenommen auf Buy,,NASDAQ
SNOW,Snowflake Inc.,,Watchlist,338.99,Technology,United States,Einzelratings,91,91,bestaetigt,9,0,32,1,klar kaufen,48,443.5,443.5,bestaetigt,30.8,525.0,110.0,,,,,0,0,0,0,,,,,,,,,NYSE
SNPS,"Synopsys, Inc.",US8716071076,NASDAQ,488.47,Technology,United States,Einzelratings,91,91,bestaetigt,9,0,11,0,klar kaufen,26,575.0,575.0,bestaetigt,17.7,700.0,414.77,ja,,,,0,4,0,4,2026-10-01,Wells Fargo,main,Overweight,Overweight,bestaetigt auf Overweight,"2026-10-01 Wells Fargo: bestaetigt auf Overweight; 2026-10-01 Keybanc: bestaetigt auf Overweight; 2026-10-01 Rosenblatt: bestaetigt auf Buy; 2026-09-25 HSBC: hochgestuft von Hold auf Buy; 2026-09-24 BNP Paribas: hochgestuft von Underperform auf Neutral",,NASDAQ
SNY,Sanofi,US80105N1054,Watchlist,71.29,Healthcare,France,Aggregat,50,50,bestaetigt,50,0,10,0,kaufen,9,53.72,53.72,bestaetigt,-24.6,nan,nan,,,,,0,0,0,0,,,,,,,,,Paris
SO,Southern Company (The),,SP100,83.79,Utilities,United States,Einzelratings,29,29,bestaetigt,43,29,7,0,halten,19,101.0,101.0,bestaetigt,20.5,112.0,79.0,ja,,,,0,0,0,0,2026-09-25,Citigroup,main,Buy,Buy,bestaetigt auf Buy,"2026-09-25 Citigroup: bestaetigt auf Buy; 2026-09-18 Morgan Stanley: bestaetigt auf Underweight",,NYSE
SONY,Sony Group Corporation,US8356993076,Watchlist,3768.0,Technology,Japan,Aggregat,75,75,bestaetigt,25,0,4,0,kaufen,4,29.5,29.5,bestaetigt,-99.2,nan,nan,,,,,0,0,0,0,,,,,,,,,Tokio
SPG,"Simon Property Group, Inc.",US8288061091,SP100,201.4,Real Estate,United States,Einzelratings,23,23,bestaetigt,77,0,13,0,kaufen,18,224.5,224.5,bestaetigt,11.5,285.0,207.0,ja,,,,0,0,0,0,2026-09-28,Barclays,main,Equal-Weight,Equal-Weight,bestaetigt auf Equal-Weight,"2026-09-28 Barclays: bestaetigt auf Equal-Weight; 2026-09-21 Evercore ISI Group: bestaetigt auf In-Line; 2026-09-17 Scotiabank: bestaetigt auf Sector Perform; 2026-09-14 Evercore ISI Group: bestaetigt auf In-Line",,NYSE
SPGI,S&P Global Inc.,US78409V1044,Watchlist,390.92,Financial Services,United States,Einzelratings,100,100,bestaetigt,0,0,10,0,klar kaufen,20,525.0,525.0,bestaetigt,34.3,553.0,485.0,,,,,0,0,0,0,,,,,,,,,NYSE
SPOT,Spotify Technology S.A.,ARBCOM460366,Watchlist,483.05,Communication Services,Sweden,Einzelratings,78,78,bestaetigt,22,0,9,0,kaufen,37,604.0,604.0,bestaetigt,25.0,701.4204,409.1619,ja,,,,0,0,0,0,2026-10-05,UBS,main,Buy,Buy,bestaetigt auf Buy,"2026-10-05 UBS: bestaetigt auf Buy; 2026-10-01 Keybanc: bestaetigt auf Overweight; 2026-09-29 Evercore ISI Group: bestaetigt auf Outperform",,NYSE
SRT3.DE,SARTORIUS AG,,DAX,269.1,Healthcare,Germany,Aggregat,70,70,bestaetigt,25,5,20,0,kaufen,19,284.0,284.0,bestaetigt,5.5,310.0,190.0,,,,,0,0,0,0,,,,,,,,,XETRA
STX,Seagate Technology Holdings PLC,,Watchlist,887.09,Technology,Singapore,Einzelratings,92,92,bestaetigt,8,0,13,0,klar kaufen,23,1150.0,1150.0,bestaetigt,29.6,1600.0,700.0,,,,,0,0,0,0,,,,,,,,,NASDAQ
SY1.DE,Symrise AG,,DAX,92.24,Basic Materials,Germany,Aggregat,69,69,bestaetigt,31,0,16,0,kaufen,15,102.0,102.0,bestaetigt,10.6,112.0,75.0,,,,,0,0,0,0,,,,,,,,,XETRA
SYK,Stryker Corporation,,Watchlist,285.22,Healthcare,United States,Einzelratings,77,77,bestaetigt,23,0,13,1,kaufen,25,360.0,360.0,bestaetigt,26.2,465.0,298.0,ja,,,,0,0,0,0,2026-09-30,Stifel,main,Buy,Buy,bestaetigt auf Buy,"2026-09-30 Stifel: bestaetigt auf Buy; 2026-09-22 TD Cowen: bestaetigt auf Hold; 2026-09-18 Canaccord Genuity: bestaetigt auf Buy; 2026-09-10 Citigroup: bestaetigt auf Buy; 2026-09-09 Wells Fargo: bestaetigt auf Overweight",,NYSE
T,AT&T Inc.,US00206R1023,SP100,24.24,Communication Services,United States,Einzelratings,60,60,bestaetigt,30,10,10,0,kaufen,24,28.5,28.5,bestaetigt,17.6,36.0,20.0,ja,,,,0,1,0,1,2026-10-02,Scotiabank,main,Sector Perform,Sector Perform,bestaetigt auf Sector Perform,"2026-10-02 Scotiabank: bestaetigt auf Sector Perform; 2026-09-28 Morgan Stanley: bestaetigt auf Overweight; 2026-09-21 BNP Paribas: hochgestuft von Neutral auf Outperform",,NYSE
TD,Toronto Dominion Bank (The),,Watchlist,117.1,Financial Services,Canada,Aggregat,64,64,bestaetigt,21,14,14,0,kaufen,3,127.74,127.74,bestaetigt,9.1,135.09921,95.24925,,,,,0,0,0,0,,,,,,,,,NYSE
TEAM,Atlassian Corporation,,NASDAQ,196.65,Technology,Australia,Einzelratings,83,83,bestaetigt,17,0,18,0,kaufen,31,185.0,185.0,bestaetigt,-5.9,480.0,145.0,ja,,,,0,0,0,0,2026-09-28,Baird,main,Outperform,Outperform,bestaetigt auf Outperform,"2026-09-28 Baird: bestaetigt auf Outperform; 2026-09-21 Cantor Fitzgerald: bestaetigt auf Overweight",,NASDAQ
TJX,"TJX Companies, Inc. (The)",US8725401090,Watchlist,134.41,Consumer Cyclical,United States,Einzelratings,67,67,bestaetigt,33,0,9,0,keine Angabe,20,175.0,175.0,bestaetigt,30.2,198.0,136.0,,,,,0,0,0,0,,,,,,,,,NYSE
TM,Toyota Motor Corporation,,Watchlist,2930.5,Consumer Cyclical,Japan,Aggregat,100,100,bestaetigt,0,0,4,0,klar kaufen,4,234.08,234.08,bestaetigt,-92.0,nan,nan,,,,,0,0,0,0,,,,,,,,,Tokio
TMO,Thermo Fisher Scientific Inc,US8835561023,SP100,676.76,Healthcare,United States,Einzelratings,67,67,bestaetigt,33,0,6,0,kaufen,26,650.0,650.0,bestaetigt,-4.0,780.0,520.0,,,,,0,0,0,0,,,,,,,,,NYSE
TMUS,"T-Mobile US, Inc.",,NASDAQ,164.64,Communication Services,United States,Einzelratings,83,83,bestaetigt,17,0,12,0,kaufen,25,235.0,235.0,bestaetigt,42.7,296.0,169.0,ja,,,,0,0,0,0,2026-10-02,Scotiabank,main,Sector Outperform,Sector Outperform,bestaetigt auf Sector Outperform,"2026-10-02 Scotiabank: bestaetigt auf Sector Outperform; 2026-09-29 Barclays: bestaetigt auf Overweight; 2026-09-21 JP Morgan: bestaetigt auf Overweight",,NASDAQ
TRV,"The Travelers Companies, Inc.",,DOW,360.7,Financial Services,United States,Einzelratings,29,29,bestaetigt,47,24,17,0,halten,24,359.5,359.5,bestaetigt,-0.3,430.0,262.0,nein,,,,0,0,0,0,2026-09-21,Evercore ISI Group,main,In-Line,In-Line,bestaetigt auf In-Line,"2026-09-21 Evercore ISI Group: bestaetigt auf In-Line; 2026-09-16 Mizuho: bestaetigt auf Neutral",,NYSE
TSLA,"Tesla, Inc.",,NASDAQ,378.73,Consumer Cyclical,United States,Einzelratings,43,43,bestaetigt,48,10,21,0,kaufen,38,412.5,412.5,bestaetigt,8.9,600.0,128.11,ja,,,,0,0,0,0,2026-09-28,JP Morgan,main,Neutral,Neutral,bestaetigt auf Neutral,"2026-09-28 JP Morgan: bestaetigt auf Neutral; 2026-09-25 StoneX: bestaetigt auf Buy; 2026-09-16 Goldman Sachs: bestaetigt auf Neutral",,NASDAQ
TSM,Taiwan Semiconductor Manufactur,US8740391003,Watchlist,2585.0,Technology,Taiwan,Einzelratings,88,88,bestaetigt,12,0,8,0,keine Angabe,20,552.26,552.26,bestaetigt,-78.6,nan,nan,,,,,0,0,0,0,,,,,,,,,Taipeh
TTD,"The Trade Desk, Inc.",US88339J1051,NASDAQ,11.98,Communication Services,United States,Einzelratings,19,19,bestaetigt,62,19,16,0,halten,30,13.5,13.5,bestaetigt,12.7,20.0,9.0,nein,,,,0,0,0,0,2026-09-18,Guggenheim,main,Neutral,Neutral,bestaetigt auf Neutral,"2026-09-18 Guggenheim: bestaetigt auf Neutral; 2026-09-09 RBC Capital: bestaetigt auf Sector Perform",,NASDAQ
TTE,TotalEnergies SE,CA89158C1068,Watchlist,75.14,Energy,France,Einzelratings,50,50,bestaetigt,50,0,4,0,kaufen,10,97.9,97.9,bestaetigt,30.3,nan,nan,ja,,,,0,0,1,-1,2026-09-23,JP Morgan,down,Overweight,Neutral,abgestuft von Overweight auf Neutral,2026-09-23 JP Morgan: abgestuft von Overweight auf Neutral,,Paris
TTWO,"Take-Two Interactive Software,",,NASDAQ,203.46,Communication Services,United States,Einzelratings,100,100,bestaetigt,0,0,9,0,klar kaufen,29,290.0,290.0,bestaetigt,42.5,368.0,170.0,,,,,0,0,0,0,,,,,,,,,NASDAQ
TXN,Texas Instruments Incorporated,,NASDAQ,294.9,Technology,United States,Einzelratings,61,61,bestaetigt,28,11,18,0,kaufen,31,340.0,340.0,bestaetigt,15.3,400.0,225.0,,,,,0,0,0,0,,,,,,,,,NASDAQ
UBER,"Uber Technologies, Inc.",US90353T1007,SP100,69.48,Technology,United States,Einzelratings,95,95,bestaetigt,5,0,19,1,kaufen,46,100.5,100.5,bestaetigt,44.6,150.0,70.0,ja,,,,0,1,0,1,2026-10-05,Wells Fargo,main,Overweight,Overweight,bestaetigt auf Overweight,"2026-10-05 Wells Fargo: bestaetigt auf Overweight; 2026-09-09 Scotiabank: neu aufgenommen auf Sector Outperform; 2026-09-08 Wedbush: bestaetigt auf Outperform; 2026-09-08 StoneX: bestaetigt auf Hold",,NYSE
UBS,UBS Group AG Registered,CH0244767585,Watchlist,40.48,Financial Services,Switzerland,Aggregat,33,33,bestaetigt,67,0,3,0,kaufen,3,55.03,55.03,bestaetigt,36.0,nan,nan,,,,,0,0,0,0,,,,,,,,,Zürich
UL,Unilever PLC,US9047678035,Watchlist,45.41,Consumer Defensive,United Kingdom,Aggregat,80,80,bestaetigt,20,0,5,0,kaufen,4,71.75,71.75,bestaetigt,58.0,nan,nan,,,,,0,0,0,0,,,,,,,,,London
UNH,UnitedHealth Group Incorporated,,DOW,378.58,Healthcare,United States,Einzelratings,80,80,bestaetigt,20,0,15,0,kaufen,25,490.0,490.0,bestaetigt,29.4,529.0,380.0,,,,,0,0,0,0,,,,,,,,,NYSE
UNP,Union Pacific Corporation,,SP100,277.06,Industrials,United States,Einzelratings,86,86,bestaetigt,14,0,14,1,kaufen,24,334.5,334.5,bestaetigt,20.7,375.0,245.0,ja,,,,0,1,0,1,2026-10-05,JP Morgan,main,Neutral,Neutral,bestaetigt auf Neutral,"2026-10-05 JP Morgan: bestaetigt auf Neutral; 2026-10-02 Susquehanna: bestaetigt auf Positive; 2026-09-16 UBS: hochgestuft von Neutral auf Buy",,NYSE
UPS,"United Parcel Service, Inc.",US9113121068,SP100,93.14,Industrials,United States,Einzelratings,55,55,bestaetigt,36,9,11,0,kaufen,26,117.5,117.5,bestaetigt,26.2,135.0,76.0,,,,,0,0,0,0,,,,,,,,,NYSE
USB,U.S. Bancorp,US9029733048,SP100,57.27,Financial Services,United States,Einzelratings,60,60,bestaetigt,40,0,15,0,kaufen,21,68.0,68.0,bestaetigt,18.7,76.0,64.0,ja,,,,0,0,0,0,2026-10-05,UBS,main,Neutral,Neutral,bestaetigt auf Neutral,"2026-10-05 UBS: bestaetigt auf Neutral; 2026-10-02 JP Morgan: bestaetigt auf Neutral; 2026-10-01 Evercore ISI Group: bestaetigt auf Outperform; 2026-10-01 Truist Securities: bestaetigt auf Buy; 2026-09-28 HSBC: bestaetigt auf Buy",,NYSE
V,Visa Inc.,US92826C8394,DOW,369.71,Financial Services,United States,Einzelratings,100,100,bestaetigt,0,0,13,0,klar kaufen,37,422.0,422.0,bestaetigt,14.1,466.0,330.0,,,,,0,0,0,0,,,,,,,,,NYSE
VLO,Valero Energy Corporation,,Watchlist,419.33,Energy,United States,Einzelratings,46,46,bestaetigt,54,0,13,0,kaufen,19,385.0,385.0,bestaetigt,-8.2,457.0,238.0,ja,,,,0,0,1,-1,2026-10-02,B of A Securities,main,Neutral,Neutral,bestaetigt auf Neutral,"2026-10-02 B of A Securities: bestaetigt auf Neutral; 2026-09-23 Goldman Sachs: bestaetigt auf Buy; 2026-09-22 Jefferies: abgestuft von Buy auf Hold; 2026-09-14 Raymond James: bestaetigt auf Strong Buy; 2026-09-14 Morgan Stanley: bestaetigt auf Equal-Weight",,NYSE
VNA.DE,Vonovia SE,,DAX,17.02,Real Estate,Germany,Aggregat,53,53,bestaetigt,35,12,17,0,kaufen,16,25.0,25.0,bestaetigt,46.9,45.0,16.0,,,,,0,0,0,0,,,,,,,,,XETRA
VOW3.DE,VOLKSWAGEN AG,,DAX,68.12,Consumer Cyclical,Germany,Aggregat,61,61,bestaetigt,33,6,18,0,kaufen,19,105.0,105.0,bestaetigt,54.1,151.0,67.3,,,,,0,0,0,0,,,,,,,,,XETRA
VRSK,"Verisk Analytics, Inc.",US92345Y1064,NASDAQ,163.28,Industrials,United States,Einzelratings,60,60,bestaetigt,40,0,5,0,kaufen,17,235.0,235.0,bestaetigt,43.9,260.0,195.0,nein,,,,0,0,0,0,2026-09-08,Barclays,main,Overweight,Overweight,bestaetigt auf Overweight,2026-09-08 Barclays: bestaetigt auf Overweight,,NASDAQ
VRTX,Vertex Pharmaceuticals Incorpor,,NASDAQ,503.5,Healthcare,United States,Einzelratings,75,75,bestaetigt,12,12,8,0,kaufen,28,577.5,577.5,bestaetigt,14.7,672.0,350.0,ja,,,,0,0,0,0,2026-09-28,UBS,main,Buy,Buy,bestaetigt auf Buy,2026-09-28 UBS: bestaetigt auf Buy,,NASDAQ
VZ,Verizon Communications Inc.,ARDEUT112927,DOW,45.85,Communication Services,United States,Einzelratings,25,25,bestaetigt,75,0,8,0,kaufen,23,51.0,51.0,bestaetigt,11.2,62.0,44.0,ja,,,,0,0,0,0,2026-10-02,Scotiabank,main,Sector Outperform,Sector Outperform,bestaetigt auf Sector Outperform,2026-10-02 Scotiabank: bestaetigt auf Sector Outperform,,NYSE
WBD,"Warner Bros. Discovery, Inc. -",,NASDAQ,30.95,Communication Services,United States,Einzelratings,0,0,bestaetigt,67,33,3,0,halten,12,31.0,31.0,bestaetigt,0.2,31.25,26.0,ja,,,,0,0,1,-1,2026-09-29,Argus Research,down,Hold,Sell,abgestuft von Hold auf Sell,"2026-09-29 Argus Research: abgestuft von Hold auf Sell; 2026-09-22 Morgan Stanley: bestaetigt auf Equal-Weight",,NASDAQ
WDAY,"Workday, Inc.",US98138H1014,NASDAQ,188.96,Technology,United States,Einzelratings,46,46,bestaetigt,46,8,24,0,kaufen,38,215.0,215.0,bestaetigt,13.8,275.0,92.0,ja,,,,0,0,0,0,2026-10-05,Needham,reit,Buy,Buy,bestaetigt auf Buy,2026-10-05 Needham: bestaetigt auf Buy,,NASDAQ
WDC,Western Digital Corporation,,Watchlist,441.64,Technology,United States,Einzelratings,82,82,bestaetigt,18,0,11,0,keine Angabe,24,640.0,640.0,bestaetigt,44.9,1050.0,420.0,,,,,0,0,0,0,,,,,,,,,NASDAQ
WELL,Welltower Inc.,US95040Q1040,Watchlist,224.16,Real Estate,United States,Aggregat,82,82,bestaetigt,18,0,22,0,kaufen,22,262.5,262.5,bestaetigt,17.1,292.0,219.0,,,,,0,0,0,0,,,,,,,,,NYSE
WFC,Wells Fargo & Company,,SP100,81.44,Financial Services,United States,Einzelratings,67,67,bestaetigt,33,0,9,0,kaufen,23,100.0,100.0,bestaetigt,22.8,115.0,90.0,ja,,,,0,1,0,1,2026-10-05,UBS,main,Buy,Buy,bestaetigt auf Buy,"2026-10-05 UBS: bestaetigt auf Buy; 2026-10-05 Goldman Sachs: bestaetigt auf Buy; 2026-10-05 Morgan Stanley: hochgestuft von Equal-Weight auf Overweight; 2026-10-02 JP Morgan: bestaetigt auf Neutral; 2026-10-01 Evercore ISI Group: bestaetigt auf Outperform",,NYSE
WMT,Walmart Inc.,CA93267J1012,DOW,105.07,Consumer Defensive,United States,Einzelratings,94,94,bestaetigt,6,0,18,0,kaufen,40,127.0,127.0,bestaetigt,20.9,155.0,81.0,ja,,,,0,0,0,0,2026-09-29,Mizuho,main,Outperform,Outperform,bestaetigt auf Outperform,"2026-09-29 Mizuho: bestaetigt auf Outperform; 2026-09-10 DA Davidson: bestaetigt auf Buy; 2026-09-10 BTIG: bestaetigt auf Buy",,NASDAQ
XEL,Xcel Energy Inc.,US98389B1008,NASDAQ,71.49,Utilities,United States,Einzelratings,86,86,bestaetigt,14,0,7,0,klar kaufen,18,92.0,92.0,bestaetigt,28.7,101.0,74.0,ja,,,,0,1,0,1,2026-09-29,Scotiabank,init,,Sector Outperform,neu aufgenommen auf Sector Outperform,"2026-09-29 Scotiabank: neu aufgenommen auf Sector Outperform; 2026-09-18 Morgan Stanley: bestaetigt auf Equal-Weight",,NASDAQ
XOM,ExxonMobil Holdings Corporation,,SP100,164.0,Energy,United States,Einzelratings,38,38,bestaetigt,62,0,8,0,kaufen,22,177.0,177.0,bestaetigt,7.9,200.0,142.0,ja,,,,0,0,1,-1,2026-10-01,Wells Fargo,down,Overweight,Equal-Weight,abgestuft von Overweight auf Equal-Weight,"2026-10-01 Wells Fargo: abgestuft von Overweight auf Equal-Weight; 2026-09-28 TD Cowen: bestaetigt auf Buy",,NYSE
ZAL.DE,Zalando SE,,DAX,22.24,Consumer Cyclical,Germany,Aggregat,75,75,bestaetigt,25,0,24,0,kaufen,23,35.0,35.0,bestaetigt,57.4,53.0,23.5,,,,,0,0,0,0,,,,,,,,,XETRA
ZS,"Zscaler, Inc.",US98980G1022,NASDAQ,201.8,Technology,United States,Einzelratings,88,88,bestaetigt,12,0,24,0,kaufen,44,214.5,214.5,bestaetigt,6.3,298.0,155.0,ja,,,,0,0,0,0,2026-10-05,Scotiabank,main,Sector Outperform,Sector Outperform,bestaetigt auf Sector Outperform,"2026-10-05 Scotiabank: bestaetigt auf Sector Outperform; 2026-09-29 Barclays: bestaetigt auf Overweight; 2026-09-28 Wedbush: bestaetigt auf Outperform; 2026-09-25 RBC Capital: bestaetigt auf Outperform; 2026-09-25 Mizuho: bestaetigt auf Outperform",,NASDAQ
