ticker,bruch_jahr,p,n_vor,n_nach,haelt2_vor,haelt2_nach,haelt3_vor,haelt3_nach,stand
AAPL,,0.03451,51,145,75,54,78,60,2026-09-27
ABBV,,0.04037,17,108,76,54,88,61,2026-09-27
ABNB,,0.84239,26,33,54,42,69,70,2026-09-27
ABT,,0.02617,147,62,63,44,70,53,2026-09-27
ACN,2022,0.00026,145,60,59,43,72,47,2026-09-27
ADBE,2022,0.00038,137,57,61,28,71,42,2026-09-27
ADI,,0.2711,75,148,65,55,73,66,2026-09-27
ADP,,0.27927,77,120,60,52,70,61,2026-09-27
ADS.DE,,0.00707,119,94,60,45,73,60,2026-09-27
ADSK,,0.14523,95,111,46,58,53,65,2026-09-27
AEP,,0.00954,38,140,50,64,53,76,2026-09-27
AIR.DE,,0.02669,59,166,41,58,59,67,2026-09-27
ALV.DE,,0.03426,175,27,60,70,71,70,2026-09-27
AMAT,2016,0.00255,95,116,38,56,51,68,2026-09-27
AMD,2013,2e-05,69,123,33,59,41,73,2026-09-27
AMGN,2011,9e-05,50,175,34,59,40,68,2026-09-27
AMT,2020,0.00014,140,87,67,39,73,66,2026-09-27
AMZN,,0.03233,149,62,67,56,76,61,2026-09-27
ANET,,0.09545,42,66,45,62,60,83,2026-09-27
APH,,0.16467,165,30,60,73,70,83,2026-09-27
APP,2023,0.00061,33,29,30,69,39,76,2026-09-27
ARM,,,,,,,,,2026-09-27
ASML,,0.09453,86,139,45,51,52,64,2026-09-27
AVGO,,0.19311,48,108,73,69,85,72,2026-09-27
AXON,,0.00316,161,29,53,79,66,86,2026-09-27
AXP,,0.09327,53,185,43,63,51,71,2026-09-27
AZN,,0.05673,87,168,40,48,48,58,2026-09-27
BA,,0.07791,111,10,66,50,70,70,2026-09-27
BABA,,0.03818,18,149,22,44,39,56,2026-09-27
BAC,2012,5e-05,77,152,32,57,42,64,2026-09-27
BAS.DE,2011,0.00083,33,189,79,50,82,60,2026-09-27
BAYN.DE,2018,0.00052,119,96,57,40,71,53,2026-09-27
BBVA,2022,0.0,227,51,41,69,52,84,2026-09-27
BEI.DE,,0.06099,121,84,54,36,61,57,2026-09-27
BHP,2016,0.00031,154,152,43,56,46,68,2026-09-27
BIIB,2021,0.0,132,63,61,21,71,38,2026-09-27
BKNG,,0.18268,43,152,70,55,74,68,2026-09-27
BKR,,0.24323,102,122,65,48,72,60,2026-09-27
BLK,,0.01619,87,155,63,49,74,59,2026-09-27
BMO,,0.05995,105,112,44,55,55,63,2026-09-27
BMW.DE,,0.00546,169,44,55,34,68,41,2026-09-27
BMY,,0.0054,89,126,64,48,76,58,2026-09-27
BNR.DE,2014,4e-05,36,143,67,40,83,49,2026-09-27
BNS,,0.24311,102,116,44,47,57,63,2026-09-27
BNY,2023,0.00129,193,31,52,81,67,84,2026-09-27
BP,,0.09981,205,68,46,50,55,63,2026-09-27
BRK-B,,0.00931,58,148,48,64,57,78,2026-09-27
BTC-USD,,0.06827,51,65,71,54,75,60,2026-09-27
BTI,2013,0.00171,90,183,60,42,68,52,2026-09-27
BZ=F,,0.02292,100,109,37,50,43,67,2026-09-27
C,2012,0.00035,66,157,33,56,44,69,2026-09-27
CAT,,0.05817,105,88,48,61,55,68,2026-09-27
CB,,0.08321,157,30,61,87,73,90,2026-09-27
CBK.DE,2020,2e-05,167,53,35,64,49,75,2026-09-27
CC=F,,0.00335,36,180,75,52,81,62,2026-09-27
CCEP,,0.14095,173,36,50,69,64,75,2026-09-27
CDNS,,0.03503,79,109,44,58,53,69,2026-09-27
CDW,,0.00414,90,48,63,33,70,56,2026-09-27
CEG,,,,,,,,,2026-09-27
CHTR,2021,0.0,90,62,69,31,74,48,2026-09-27
CL,,0.03145,54,142,67,48,78,61,2026-09-27
CL=F,,0.11562,107,107,49,53,55,73,2026-09-27
CM,2023,0.00083,185,24,45,83,54,92,2026-09-27
CMCSA,2021,0.00053,165,57,55,28,67,32,2026-09-27
CNQ,,0.04084,181,58,49,57,57,74,2026-09-27
COF,,0.3103,64,167,48,52,62,68,2026-09-27
CON.DE,,0.01108,71,125,63,42,70,54,2026-09-27
COP,,0.02713,76,163,55,42,68,53,2026-09-27
COST,,0.00713,73,106,70,52,77,57,2026-09-27
CPRT,,0.02289,143,34,61,35,70,56,2026-09-27
CRM,2015,5e-05,102,130,73,45,83,56,2026-09-27
CRWD,,0.08942,24,31,46,68,71,84,2026-09-27
CSCO,,0.03629,102,84,50,64,58,73,2026-09-27
CSGP,2021,0.00121,126,70,59,36,69,41,2026-09-27
CSX,,0.13943,115,120,51,62,62,72,2026-09-27
CTAS,2011,0.00071,48,143,40,71,60,75,2026-09-27
CTSH,2022,8e-05,160,61,57,26,67,33,2026-09-27
CVS,,0.01973,138,49,64,45,74,49,2026-09-27
CVX,,0.03093,85,106,41,47,52,59,2026-09-27
DASH,,0.07942,36,42,50,64,61,74,2026-09-27
DB1.DE,2011,0.00076,55,163,33,61,62,76,2026-09-27
DBK.DE,2019,0.0,171,80,35,69,45,78,2026-09-27
DDOG,,0.02275,20,61,75,49,80,64,2026-09-27
DE,,0.10378,38,171,68,49,71,68,2026-09-27
DELL,,0.05922,67,28,43,64,57,68,2026-09-27
DHL.DE,,0.22084,57,157,46,52,58,60,2026-09-27
DHR,,0.02011,166,62,64,44,74,60,2026-09-27
DIS,,0.01272,158,65,57,32,68,49,2026-09-27
DTE.DE,,0.10592,166,33,51,64,66,70,2026-09-27
DTG.DE,,0.76869,20,42,40,52,70,57,2026-09-27
DUK,,0.42131,43,154,67,60,81,74,2026-09-27
DXCM,,0.13385,72,95,62,52,74,57,2026-09-27
EMR,,0.02343,175,50,56,40,66,54,2026-09-27
ENB,2015,0.00171,85,124,69,52,78,63,2026-09-27
ENR.DE,,0.07243,28,27,29,63,46,67,2026-09-27
EOAN.DE,,0.227,77,155,52,55,58,70,2026-09-27
EQIX,,0.15625,133,44,53,48,65,57,2026-09-27
EQNR,,0.01535,207,68,48,53,53,72,2026-09-27
ETN,,0.27101,89,110,54,55,63,67,2026-09-27
EXC,2021,0.00035,122,50,48,76,64,92,2026-09-27
FANG,,0.03008,39,103,74,59,79,73,2026-09-27
FAST,,0.00612,54,157,67,51,85,66,2026-09-27
FDX,,0.18595,64,128,44,54,64,66,2026-09-27
FRE.DE,2018,0.00017,103,88,65,41,75,47,2026-09-27
FTNT,,0.02804,100,33,63,42,68,58,2026-09-27
GC=F,2021,7e-05,134,33,49,79,60,94,2026-09-27
GD,,0.06438,40,153,48,63,65,76,2026-09-27
GE,2023,0.00013,195,26,43,73,58,88,2026-09-27
GEHC,,,,,,,,,2026-09-27
GEV,,,,,,,,,2026-09-27
GFS,,0.56194,14,42,43,45,71,62,2026-09-27
GILD,,0.42156,64,111,61,52,69,61,2026-09-27
GLW,,0.0387,100,115,47,55,58,70,2026-09-27
GM,,0.03273,66,143,41,48,47,62,2026-09-27
GOOG,,0.01479,60,140,48,66,58,76,2026-09-27
GOOGL,,0.03107,60,147,48,63,58,72,2026-09-27
GS,2023,0.0022,192,33,48,79,61,85,2026-09-27
GSK,,0.08241,97,161,49,41,61,48,2026-09-27
HD,,0.26096,52,152,44,57,60,64,2026-09-27
HDB,2018,0.00176,132,121,57,40,67,46,2026-09-27
HEI.DE,,0.02639,190,29,45,62,57,66,2026-09-27
HEN3.DE,,0.07762,168,37,45,54,55,70,2026-09-27
HG=F,,0.04325,188,31,44,65,54,68,2026-09-27
HNR1.DE,,0.00422,44,137,41,61,57,74,2026-09-27
HON,,0.00909,105,97,65,46,71,61,2026-09-27
HSBC,2023,0.00016,272,42,35,64,46,67,2026-09-27
IBM,,0.05173,38,166,68,46,71,58,2026-09-27
IBN,,0.05119,53,237,53,41,64,50,2026-09-27
IDXX,2022,0.00086,115,60,69,42,75,55,2026-09-27
IFX.DE,,0.00944,67,145,39,51,43,68,2026-09-27
ILMN,,0.02547,137,63,61,41,69,51,2026-09-27
ING,2022,1e-05,221,61,40,70,51,80,2026-09-27
INTC,,0.0773,188,32,45,72,61,72,2026-09-27
INTU,2022,9e-05,149,59,65,36,75,49,2026-09-27
ISRG,,0.06747,109,80,64,52,79,64,2026-09-27
JNJ,,0.01097,59,152,71,51,83,62,2026-09-27
JPM,,0.1894,70,167,51,58,60,71,2026-09-27
KDP,,0.1623,69,108,71,59,80,73,2026-09-27
KHC,,0.03543,33,91,33,44,36,59,2026-09-27
KLAC,,0.01002,81,145,49,67,64,78,2026-09-27
KO,,0.04032,88,82,62,74,72,82,2026-09-27
LIN,,0.03257,31,159,52,64,52,79,2026-09-27
LLY,,0.07207,71,125,46,60,61,69,2026-09-27
LMT,,0.00619,110,73,57,38,68,48,2026-09-27
LOW,,0.16857,82,140,51,41,68,54,2026-09-27
LRCX,,0.0236,155,79,48,58,59,77,2026-09-27
LULU,2021,4e-05,140,73,61,33,70,41,2026-09-27
MA,,0.08384,160,27,66,52,74,74,2026-09-27
MAR,,0.27881,103,104,51,54,63,68,2026-09-27
MBG.DE,2011,0.00048,57,186,68,42,77,52,2026-09-27
MCD,,0.01574,47,138,72,57,77,64,2026-09-27
MCHP,,0.04429,138,69,61,39,67,54,2026-09-27
MCK,,0.00941,117,67,54,76,65,81,2026-09-27
MDB,,0.09326,26,81,73,59,77,72,2026-09-27
MDLZ,2016,0.00036,72,117,68,45,79,57,2026-09-27
MDT,,0.06953,128,74,55,36,67,50,2026-09-27
MELI,,0.0402,158,35,54,43,66,51,2026-09-27
META,,0.04577,29,125,76,51,90,66,2026-09-27
MFG,,0.01766,79,164,30,53,48,64,2026-09-27
MMM,,0.29313,44,143,45,52,52,64,2026-09-27
MNST,,0.0222,68,112,62,48,74,57,2026-09-27
MO,,0.11042,117,48,53,75,62,83,2026-09-27
MPC,2021,0.00039,97,41,49,76,61,88,2026-09-27
MRK,,0.0238,88,106,50,65,59,74,2026-09-27
MRK.DE,,0.01803,133,57,63,47,76,54,2026-09-27
MRNA,,0.0208,19,75,63,40,79,57,2026-09-27
MRVL,2016,0.00017,106,118,40,57,51,77,2026-09-27
MS,2012,0.00167,78,178,35,56,46,66,2026-09-27
MSFT,,0.00345,45,146,40,56,44,73,2026-09-27
MSTR,,0.07364,36,147,42,56,53,65,2026-09-27
MTX.DE,,0.29661,115,68,61,57,69,66,2026-09-27
MU,2016,0.0,105,107,36,67,50,79,2026-09-27
MUFG,,0.07725,247,35,42,54,50,60,2026-09-27
MUV2.DE,,0.23772,109,86,60,59,72,74,2026-09-27
NEE,2023,0.00165,136,23,68,30,79,48,2026-09-27
NEM,2012,0.00046,74,178,65,40,78,53,2026-09-27
NET,,0.39232,18,56,56,57,78,70,2026-09-27
NFLX,,0.02853,117,99,64,51,69,56,2026-09-27
NG=F,,0.00845,61,192,41,56,44,67,2026-09-27
NKE,2020,0.0,124,85,57,25,70,36,2026-09-27
NOW,,0.0153,68,70,72,44,79,59,2026-09-27
NVDA,,0.06701,70,118,56,64,63,78,2026-09-27
NVO,,0.02591,194,41,54,39,64,51,2026-09-27
NVS,,0.24238,190,50,48,54,61,66,2026-09-27
NXPI,,0.12956,68,113,57,51,68,63,2026-09-27
ODFL,,0.08339,100,129,73,54,78,71,2026-09-27
ON,,0.23633,169,45,51,44,66,56,2026-09-27
ORCL,2021,0.00101,146,54,61,33,74,43,2026-09-27
ORLY,,0.14757,56,96,73,66,84,82,2026-09-27
P911.DE,,,,,,,,,2026-09-27
PA=F,,0.06121,72,144,35,36,36,44,2026-09-27
PAH3.DE,,0.00924,60,143,60,46,73,59,2026-09-27
PANW,,0.24621,17,133,53,56,53,66,2026-09-27
PAYX,,0.25176,62,141,45,56,53,69,2026-09-27
PBR,2021,0.00014,211,63,39,59,51,63,2026-09-27
PCAR,,0.0319,78,143,68,52,81,65,2026-09-27
PDD,,0.00444,27,86,78,44,89,51,2026-09-27
PEP,,0.00615,69,150,68,50,77,61,2026-09-27
PFE,,0.02433,50,160,42,51,48,61,2026-09-27
PG,,0.02595,36,152,69,48,75,62,2026-09-27
PGR,,0.01206,153,34,67,47,76,62,2026-09-27
PH,,0.10713,110,104,50,50,59,66,2026-09-27
PL=F,2016,0.00242,107,165,23,38,35,50,2026-09-27
PLD,,0.00476,41,147,44,67,56,76,2026-09-27
PLTR,2023,0.00033,25,33,40,82,56,82,2026-09-27
PM,,0.01959,71,91,69,51,76,65,2026-09-27
PSX,,0.01852,100,44,48,66,61,84,2026-09-27
PYPL,2021,1e-05,43,80,67,32,81,46,2026-09-27
QCOM,,0.05726,89,136,63,44,72,62,2026-09-27
QIA.DE,,0.03072,162,50,56,36,65,50,2026-09-27
REGN,,0.00557,83,115,61,44,77,60,2026-09-27
RHM.DE,,0.03169,150,44,49,66,61,77,2026-09-27
RIO,2016,0.00026,139,167,42,59,52,71,2026-09-27
ROP,,0.0333,42,158,74,61,83,70,2026-09-27
ROST,,0.42379,150,75,62,57,69,64,2026-09-27
RTX,,0.13164,92,115,52,61,60,72,2026-09-27
RWE.DE,2018,1e-05,135,75,43,69,53,77,2026-09-27
RY,,0.0831,57,158,40,54,53,65,2026-09-27
SAN,2023,0.0,238,42,43,74,50,86,2026-09-27
SAP.DE,,0.32374,121,124,53,56,60,67,2026-09-27
SB=F,,0.03395,199,48,47,29,62,44,2026-09-27
SBUX,,0.00397,45,158,29,51,51,63,2026-09-27
SCCO,,0.10165,47,219,64,49,70,61,2026-09-27
SCHW,,0.21223,153,40,57,70,67,80,2026-09-27
SHEL,,0.00469,200,52,42,56,52,67,2026-09-27
SHL.DE,,0.48769,15,67,47,54,60,60,2026-09-27
SHOP,,0.12573,34,73,62,45,71,62,2026-09-27
SHW,2022,0.00204,132,60,66,37,77,57,2026-09-27
SI=F,2012,0.00079,47,158,66,38,74,47,2026-09-27
SIE.DE,,0.00896,39,171,72,57,79,67,2026-09-27
SMFG,,0.17155,120,166,47,38,62,51,2026-09-27
SNDK,,,,,,,,,2026-09-27
SNOW,,0.02274,17,69,65,33,65,48,2026-09-27
SNPS,,0.03105,45,152,47,55,53,64,2026-09-27
SNY,,0.1141,151,72,52,42,58,50,2026-09-27
SO,,0.0518,136,41,70,51,82,59,2026-09-27
SONY,2014,0.00137,134,176,32,47,40,56,2026-09-27
SPG,,0.07422,78,116,67,56,77,70,2026-09-27
SPGI,,0.02344,35,122,31,49,37,63,2026-09-27
SPOT,,0.01253,68,37,35,59,46,70,2026-09-27
SRT3.DE,,0.00363,118,43,55,30,72,51,2026-09-27
STX,,0.01282,98,118,42,62,53,70,2026-09-27
SY1.DE,,0.00671,142,42,60,45,73,57,2026-09-27
SYK,,0.05479,139,56,61,46,74,59,2026-09-27
T,,0.0176,119,61,50,38,61,49,2026-09-27
TD,,0.21685,121,105,46,56,57,68,2026-09-27
TEAM,2021,0.00198,41,81,61,44,76,56,2026-09-27
TJX,,0.00396,95,85,75,51,83,66,2026-09-27
TM,,0.12337,119,183,44,39,53,46,2026-09-27
TMO,,0.01206,159,41,60,41,75,51,2026-09-27
TMUS,,0.23897,135,53,55,62,65,70,2026-09-27
TRV,,0.09876,103,117,65,55,76,68,2026-09-27
TSLA,,0.13875,117,44,40,48,55,64,2026-09-27
TSM,,0.11574,64,201,50,62,62,72,2026-09-27
TTD,2021,0.00019,29,67,72,33,83,46,2026-09-27
TTE,,0.03386,142,123,39,50,52,62,2026-09-27
TTWO,2013,0.00107,57,121,44,62,49,77,2026-09-27
TXN,,0.08845,156,55,62,53,73,60,2026-09-27
UBER,,0.29077,16,75,56,40,62,59,2026-09-27
UBS,2012,0.00047,74,203,30,48,39,54,2026-09-27
UL,,0.00488,100,190,63,42,71,49,2026-09-27
UNH,,0.10123,148,36,59,44,70,53,2026-09-27
UNP,,0.06141,158,55,59,51,71,62,2026-09-27
UPS,,0.23174,60,142,57,56,63,65,2026-09-27
USB,,0.13849,175,52,55,38,65,56,2026-09-27
V,,0.05348,87,77,59,69,67,82,2026-09-27
VLO,,0.01593,163,57,52,65,62,75,2026-09-27
VNA.DE,2022,1e-05,77,48,64,21,75,38,2026-09-27
VOW3.DE,2013,0.00067,65,175,57,43,82,54,2026-09-27
VRSK,,0.00332,97,46,67,48,73,57,2026-09-27
VRTX,,0.05625,50,151,56,62,68,73,2026-09-27
VZ,,0.07241,131,80,52,44,66,57,2026-09-27
WBD,2014,4e-05,67,148,73,43,81,59,2026-09-27
WDAY,,0.00593,87,66,62,41,78,55,2026-09-27
WDC,,0.01644,191,34,40,59,53,71,2026-09-27
WELL,,0.0072,70,140,76,54,80,63,2026-09-27
WFC,,0.34214,61,163,48,50,57,63,2026-09-27
WMT,,0.00317,98,108,47,67,59,77,2026-09-27
XEL,,0.1619,57,127,54,64,65,74,2026-09-27
XOM,2021,0.0012,139,59,47,66,58,85,2026-09-27
ZAL.DE,,0.00691,47,64,62,33,68,39,2026-09-27
ZS,2022,0.00128,33,62,76,44,88,66,2026-09-27
ZW=F,2018,0.00072,139,98,50,70,64,81,2026-09-27
