quelle,art,ticker,tag,rohstoff_fx
kursverlauf,Platzhalter,PA=F,2026-10-02,True
kerzen/tag.csv.gz,Platzhalter,BNR.DE,2026-06-25,False
kerzen/tag.csv.gz,Platzhalter,CBK.DE,2026-06-25,False
kerzen/tag.csv.gz,Platzhalter,DB1.DE,2026-06-25,False
kerzen/tag.csv.gz,Platzhalter,DTE.DE,2026-06-25,False
kerzen/tag.csv.gz,Platzhalter,FRE.DE,2026-08-13,False
kerzen/tag.csv.gz,Platzhalter,HEI.DE,2026-06-25,False
kerzen/tag.csv.gz,Platzhalter,HEN3.DE,2026-06-25,False
kerzen/tag.csv.gz,Platzhalter,PAH3.DE,2026-06-25,False
kerzen/tag.csv.gz,Platzhalter,RHM.DE,2026-06-25,False
kerzen/tag.csv.gz,Platzhalter,SHL.DE,2026-06-25,False
kerzen/tag.csv.gz,Platzhalter,VNA.DE,2026-06-25,False
kerzen/tag.csv.gz,Platzhalter,VOW3.DE,2026-06-25,False
kerzen/tag.csv.gz,Platzhalter,ZAL.DE,2026-06-25,False
