ticker,boerse,fehlend,gefuellt,wochenkontrolle
BABA,HKEX,2026-10-06,,2026-10-06: Wochentief 103.60 = bekanntes Tief - kein Hinweis auf ein tieferes Tief am fehlenden Tag (Kontrolle aus derselben Quelle)
BHP,ASX,2026-10-06,,2026-10-06: Wochentief 61.65 = bekanntes Tief - kein Hinweis auf ein tieferes Tief am fehlenden Tag (Kontrolle aus derselben Quelle)
FRE.DE,XETRA,,2026-08-13:archiv,
HDB,NSE,2026-10-06,,2026-10-06: Wochentief 701.00 = bekanntes Tief - kein Hinweis auf ein tieferes Tief am fehlenden Tag (Kontrolle aus derselben Quelle)
IBN,NSE,2026-10-06,,2026-10-06: Wochentief 1303.70 = bekanntes Tief - kein Hinweis auf ein tieferes Tief am fehlenden Tag (Kontrolle aus derselben Quelle)
MFG,TSE,2026-10-06,,2026-10-06: Wochentief 8478.00 = bekanntes Tief - kein Hinweis auf ein tieferes Tief am fehlenden Tag (Kontrolle aus derselben Quelle)
MUFG,TSE,2026-10-06,,2026-10-06: Wochentief 3545.00 = bekanntes Tief - kein Hinweis auf ein tieferes Tief am fehlenden Tag (Kontrolle aus derselben Quelle)
SKHY,KRX,2026-10-06,,"2026-10-06: Wochentief 1771000.00, keine Tagestiefs der Woche bekannt"
SMFG,TSE,2026-10-06,,2026-10-06: Wochentief 3300.00 = bekanntes Tief - kein Hinweis auf ein tieferes Tief am fehlenden Tag (Kontrolle aus derselben Quelle)
SONY,TSE,2026-10-06,,2026-10-06: Wochentief 3723.00 = bekanntes Tief - kein Hinweis auf ein tieferes Tief am fehlenden Tag (Kontrolle aus derselben Quelle)
TM,TSE,2026-10-06,,2026-10-06: Wochentief 2867.50 = bekanntes Tief - kein Hinweis auf ein tieferes Tief am fehlenden Tag (Kontrolle aus derselben Quelle)
TSM,TWSE,2026-10-06,,2026-10-06: Wochentief 2545.00 = bekanntes Tief - kein Hinweis auf ein tieferes Tief am fehlenden Tag (Kontrolle aus derselben Quelle)
