dimension,gruppe,faelle,anstieg_median_atr,haelt_0.25_atr_pct,haelt_0.5_atr_pct,haelt_0.75_atr_pct,haelt_1.0_atr_pct,haelt_1.25_atr_pct,haelt_1.5_atr_pct,haelt_1.75_atr_pct,haelt_2.0_atr_pct,haelt_2.25_atr_pct,haelt_2.5_atr_pct,haelt_2.75_atr_pct,haelt_3.0_atr_pct,haelt_3.25_atr_pct,haelt_3.5_atr_pct,haelt_3.75_atr_pct,haelt_4.0_atr_pct
position_absolut,Tief 01,83606,131.176,24.9,28.7,32.5,36.1,39.6,43.0,46.3,49.4,52.4,55.1,57.8,60.3,62.6,64.9,67.1,69.3
position_absolut,Tief 02,30566,124.64,27.1,30.9,34.8,38.3,41.9,45.6,48.9,51.9,54.7,57.6,60.0,62.8,65.1,67.4,69.5,71.4
position_absolut,Tief 03,13328,116.534,28.9,32.5,36.0,39.8,43.4,46.9,50.4,53.4,56.2,59.1,61.8,64.6,66.7,68.7,70.7,72.8
position_absolut,Tief 04,5987,106.11,29.6,33.6,37.2,41.0,44.6,47.9,51.4,54.3,57.4,60.3,63.1,65.8,67.9,69.8,71.7,73.7
position_absolut,Tief 05,2626,103.05,30.5,34.2,38.1,42.8,46.0,49.0,52.2,55.0,58.0,60.7,63.5,65.6,67.0,68.3,70.3,72.7
position_absolut,Tief 06,1136,95.798,31.3,34.5,37.8,42.3,45.1,48.3,51.3,54.5,57.8,60.4,62.9,66.0,67.5,69.6,71.4,73.6
position_absolut,Tief 07,502,94.562,30.5,34.5,37.5,41.4,44.8,48.6,51.6,54.8,57.2,60.0,62.9,65.3,66.7,69.3,72.1,73.5
position_absolut,Tief 08,221,107.353,31.2,33.0,36.2,42.5,47.5,50.2,51.6,55.7,59.3,63.3,66.5,67.9,70.6,73.3,76.0,77.8
position_absolut,Tief 09,95,106.134,34.7,35.8,40.0,45.3,48.4,51.6,53.7,60.0,65.3,69.5,69.5,71.6,73.7,77.9,78.9,80.0
position_absolut,Tief 10,44,92.272,29.5,36.4,36.4,40.9,47.7,52.3,54.5,54.5,59.1,59.1,61.4,68.2,70.5,75.0,79.5,81.8
position_absolut,Tief 11,19,90.841,42.1,42.1,57.9,57.9,57.9,57.9,68.4,73.7,73.7,73.7,73.7,73.7,73.7,78.9,84.2,84.2
position_absolut,Tief 12,11,34.486,36.4,54.5,54.5,54.5,63.6,63.6,63.6,63.6,63.6,63.6,63.6,63.6,63.6,63.6,72.7,72.7
position_absolut,Tief 13,2,62.072,50.0,50.0,50.0,50.0,50.0,50.0,50.0,50.0,50.0,50.0,50.0,50.0,50.0,50.0,50.0,50.0
position_absolut,Tief 14,2,58.05,50.0,50.0,50.0,50.0,50.0,50.0,50.0,50.0,50.0,100.0,100.0,100.0,100.0,100.0,100.0,100.0
position_relativ,1 (erstes),83606,131.176,24.9,28.7,32.5,36.1,39.6,43.0,46.3,49.4,52.4,55.1,57.8,60.3,62.6,64.9,67.1,69.3
position_relativ,2 bis y,23,3.797,13.0,21.7,21.7,21.7,26.1,34.8,39.1,39.1,43.5,52.2,52.2,52.2,60.9,60.9,65.2,69.6
position_relativ,y+1,30555,124.718,27.1,30.9,34.8,38.3,42.0,45.6,48.9,51.9,54.7,57.6,60.0,62.8,65.1,67.4,69.5,71.4
position_relativ,ueber y+1,23961,110.438,29.5,33.1,36.7,40.6,44.2,47.6,50.9,53.9,56.9,59.7,62.5,65.2,67.1,69.1,71.1,73.1
abstand,0.0 bis 0.2,2183,121.018,9.8,13.8,18.0,22.7,27.0,30.9,34.1,37.3,40.5,43.8,47.3,50.6,52.9,55.9,58.5,61.1
abstand,0.2 bis 0.4,7041,122.24,12.4,16.6,20.8,24.8,29.3,33.8,37.7,41.2,44.8,48.1,51.4,54.7,57.2,60.0,62.3,64.9
abstand,0.4 bis 0.6,12413,122.003,16.0,20.3,24.5,28.3,32.1,36.3,40.0,43.6,47.1,50.4,53.4,56.6,59.2,61.9,64.4,66.8
abstand,0.6 bis 0.8,17098,121.639,19.0,23.2,27.2,31.1,35.1,39.2,43.0,46.1,49.3,52.4,55.0,57.9,60.6,63.0,65.3,67.6
abstand,0.8 bis 1.0,19518,127.267,21.9,26.1,30.2,34.1,37.8,41.6,45.1,48.7,51.8,54.8,57.3,59.8,62.3,64.8,67.2,69.4
abstand,1.0 bis 1.2,18990,123.841,24.7,28.4,32.4,36.3,39.8,42.9,46.3,49.5,52.7,55.4,58.2,60.9,63.4,65.7,68.0,70.1
abstand,1.2 bis 1.4,16438,126.331,27.5,31.3,35.0,38.6,42.2,45.6,48.7,51.8,54.5,57.2,60.0,62.5,64.8,66.9,69.2,71.0
abstand,1.4 bis 1.6,12950,126.398,31.2,34.7,38.2,41.7,45.1,48.2,51.4,54.0,56.9,59.7,62.2,64.5,66.5,68.7,70.6,72.6
abstand,1.6 bis 1.8,9640,129.551,34.1,37.7,41.0,44.3,47.6,50.7,53.7,56.5,59.0,61.7,64.0,66.2,68.0,69.9,71.7,73.6
abstand,1.8 bis 2.0,6739,127.007,36.0,39.4,42.5,45.8,48.9,51.8,54.8,56.9,59.4,61.8,64.1,66.1,68.2,69.7,71.9,74.0
abstand,2.0 bis 2.2,4653,129.495,38.3,41.4,44.7,47.6,50.3,53.0,55.7,58.2,60.7,63.1,65.0,67.4,69.1,70.8,72.6,74.5
abstand,2.2 bis 2.4,3142,130.282,39.3,42.5,45.3,48.5,51.4,53.9,56.4,59.0,61.3,63.7,65.9,67.7,69.5,71.0,72.7,74.3
abstand,2.4 bis 2.6,2081,136.715,43.1,46.4,49.1,51.6,54.3,56.9,59.3,61.6,63.8,65.8,68.2,69.9,72.2,73.4,74.8,76.1
abstand,2.6 bis 2.8,1430,146.593,44.3,47.1,49.7,52.8,54.8,58.0,59.9,62.0,64.5,66.6,68.0,70.1,71.3,72.6,73.7,75.3
abstand,2.8 bis 3.0,999,137.455,45.6,48.6,52.2,54.6,58.3,60.2,62.3,64.7,66.2,67.7,70.7,72.7,74.5,76.3,77.8,78.8
abstand,"ueber 3,0",2817,136.569,55.7,57.8,60.8,63.3,65.1,67.0,68.5,70.2,71.6,73.4,74.6,76.3,77.5,78.7,79.6,80.7
rsi_rel,20+ unter,8960,100.67,31.8,35.6,39.3,43.4,47.1,50.6,53.9,57.2,60.3,63.2,65.8,68.3,70.2,72.2,74.1,76.0
rsi_rel,-20 bis -18,3764,106.892,32.1,35.7,39.5,43.3,47.4,51.2,54.1,57.1,59.6,62.5,64.9,67.3,69.7,71.7,73.3,75.6
rsi_rel,-18 bis -16,4454,108.843,31.1,35.2,39.4,43.0,46.3,49.8,53.0,56.3,59.2,62.4,65.0,67.4,69.5,71.2,73.1,74.7
rsi_rel,-16 bis -14,5259,111.781,30.4,33.9,38.0,41.7,45.2,48.9,52.7,55.8,58.4,61.4,64.3,66.6,68.9,70.8,72.5,74.3
rsi_rel,-14 bis -12,5912,116.369,28.6,32.9,36.7,40.3,44.1,47.5,50.6,53.6,56.6,59.3,61.8,64.9,67.1,69.4,71.6,73.8
rsi_rel,-12 bis -10,6302,116.537,28.6,32.3,36.1,39.9,43.7,47.3,50.4,53.4,56.5,58.9,61.6,64.3,66.4,68.4,70.4,72.3
rsi_rel,-10 bis -8,6446,120.7,26.8,30.6,34.5,38.3,41.9,45.5,48.9,51.9,54.9,57.8,60.5,63.2,65.4,67.2,69.6,71.5
rsi_rel,-8 bis -6,6640,123.13,27.4,31.1,35.1,38.9,42.5,46.0,49.1,52.1,54.8,57.6,60.1,62.9,65.0,67.0,69.2,71.2
rsi_rel,-6 bis -4,6849,127.248,27.0,31.2,35.0,38.9,42.5,46.0,49.2,52.0,55.0,57.8,60.4,62.7,64.9,67.0,69.1,71.1
rsi_rel,-4 bis -2,7059,128.384,26.9,30.7,34.4,38.2,41.7,45.1,48.4,51.5,54.5,57.0,59.4,61.8,64.0,66.1,68.3,70.4
rsi_rel,-2 bis +0,7283,132.984,25.8,29.4,33.1,36.8,40.1,43.8,46.9,49.9,52.8,55.6,58.4,61.0,63.5,65.6,67.7,69.9
rsi_rel,+0 bis +2,7580,129.483,24.8,28.9,32.6,36.3,39.7,42.8,46.5,49.7,52.3,55.3,58.0,60.7,62.8,65.7,67.6,69.2
rsi_rel,+2 bis +4,7408,130.815,25.0,28.8,32.3,35.7,39.0,42.5,45.7,49.3,52.2,54.8,57.3,60.0,62.2,64.5,66.9,69.2
rsi_rel,+4 bis +6,7488,136.995,25.1,28.8,32.0,35.6,39.4,42.8,45.9,48.6,51.9,54.7,56.9,59.4,61.8,64.1,66.5,68.7
rsi_rel,+6 bis +8,7420,138.4,23.5,27.2,31.0,34.5,37.9,41.1,44.6,47.3,50.1,52.8,55.6,58.0,60.7,63.1,65.3,67.7
rsi_rel,+8 bis +10,7180,133.938,25.1,28.5,32.4,35.5,38.9,42.5,46.0,48.6,51.7,54.4,57.0,59.5,62.0,64.4,66.9,69.3
rsi_rel,+10 bis +12,6597,139.291,23.4,27.0,31.0,34.4,38.0,41.3,45.1,48.4,51.5,54.3,56.8,59.7,62.2,64.5,66.8,68.9
rsi_rel,+12 bis +14,6008,143.65,24.2,27.8,31.8,35.5,38.7,42.2,45.3,48.1,51.2,53.8,56.5,59.2,61.6,63.9,65.6,67.7
rsi_rel,+14 bis +16,5212,139.403,23.0,26.7,30.3,33.7,37.5,40.8,43.7,46.8,49.8,52.7,55.4,58.0,60.0,62.5,65.0,67.3
rsi_rel,+16 bis +18,4125,131.561,21.1,25.0,28.4,32.2,35.8,38.9,42.6,45.8,48.5,51.2,54.1,56.9,59.3,61.7,63.9,66.3
rsi_rel,+18 bis +20,3268,124.542,21.7,25.4,29.4,33.0,36.1,39.3,42.2,45.1,48.3,51.3,54.0,56.6,59.4,62.0,64.3,66.2
rsi_rel,20+ ueber,6931,127.962,21.5,25.5,29.2,32.7,36.4,40.0,43.3,46.6,49.9,52.9,55.6,58.0,60.9,63.0,65.3,67.5
