ticker,index,vix_korr_500,korr_125,beta_125,beta_250,beta_abwaerts,einbruch_faktor,einbruch_faelle
AAPL,S&P 500,-0.57,0.19,0.43,0.66,0.54,0.99,102
ABBV,S&P 500,-0.19,-0.22,-0.47,-0.09,-0.02,0.48,84
ABNB,S&P 500,-0.5,0.29,0.94,1.13,1.25,1.49,43
ABT,S&P 500,-0.18,-0.1,-0.25,0.03,0.26,0.62,102
ACN,S&P 500,-0.24,-0.09,-0.45,0.17,0.6,1.23,102
ADBE,S&P 500,-0.28,0.01,0.04,0.34,-0.02,1.28,102
ADI,S&P 500,-0.61,0.54,1.83,1.64,1.91,0.99,102
ADP,S&P 500,-0.28,-0.18,-0.44,-0.02,0.08,0.94,102
ADS.DE,DAX,,0.27,0.66,0.77,0.9,0.86,155
ADSK,S&P 500,-0.35,0.02,0.06,0.52,0.54,1.3,102
AEP,S&P 500,-0.05,-0.06,-0.11,-0.02,0.15,0.37,102
AIR.DE,DAX,,0.61,1.24,1.19,1.07,1.12,155
ALV.DE,DAX,,0.56,0.73,0.74,0.76,1.04,155
AMAT,S&P 500,-0.48,0.53,2.97,2.65,2.55,1.29,102
AMD,S&P 500,-0.5,0.64,3.94,3.14,3.14,1.24,102
AMGN,S&P 500,-0.26,0.15,0.39,0.51,0.49,0.57,102
AMT,S&P 500,-0.05,-0.06,-0.15,0.01,0.1,0.57,102
AMZN,S&P 500,-0.57,0.49,1.42,1.44,1.55,1.2,102
ANET,S&P 500,-0.46,0.4,1.83,2.04,2.83,1.34,84
APH,S&P 500,-0.5,0.42,1.51,1.79,1.69,1.02,102
APP,S&P 500,-0.36,0.31,1.73,2.21,2.05,2.77,43
ARM,S&P 500,-0.49,0.61,4.88,3.43,1.92,2.46,8
ASML,S&P 500,-0.23,0.43,1.6,1.52,1.28,1.01,99
AVGO,S&P 500,-0.49,0.55,2.16,2.17,2.09,1.23,102
AXON,S&P 500,-0.29,0.29,1.58,1.53,0.82,1.04,102
AXP,S&P 500,-0.65,0.41,0.78,0.97,0.74,1.26,102
AZN,S&P 500,0.02,-0.16,-0.4,-0.06,0.11,0.5,102
BA,S&P 500,-0.47,0.51,1.48,1.25,0.51,1.56,102
BABA,S&P 500,-0.12,0.11,0.4,0.43,0.75,0.61,66
BAC,S&P 500,-0.57,0.26,0.44,0.74,0.64,1.45,102
BAS.DE,DAX,,0.09,0.13,0.23,0.79,1.17,155
BAYN.DE,DAX,,0.34,0.94,0.83,0.53,1.02,155
BBVA,S&P 500,-0.26,0.42,0.94,0.97,0.58,1.06,99
BEI.DE,DAX,,0.15,0.24,0.55,1.69,0.43,155
BHP,S&P 500,-0.02,0.1,0.25,0.25,0.56,0.93,97
BIIB,S&P 500,-0.25,0.03,0.1,0.34,0.18,0.75,102
BKNG,S&P 500,-0.43,0.17,0.54,0.92,1.08,1.03,102
BKR,S&P 500,-0.47,0.22,0.62,0.67,1.0,1.66,102
BLK,S&P 500,-0.64,0.53,1.15,1.23,1.39,1.27,102
BMO,S&P 500,-0.54,0.5,0.8,0.97,0.78,1.03,102
BMW.DE,DAX,,0.45,0.93,0.81,0.95,1.09,155
BMY,S&P 500,-0.17,0.03,0.06,0.22,-0.19,0.46,102
BNR.DE,DAX,,0.1,0.15,0.22,0.61,0.93,155
BNS,S&P 500,-0.42,0.42,0.75,0.72,0.47,1.04,102
BNY,S&P 500,-0.57,0.3,0.52,0.76,0.71,1.19,102
BP,S&P 500,0.0,-0.4,-1.09,-0.53,0.02,0.88,101
BRK-B,S&P 500,-0.4,-0.06,-0.07,0.0,-0.06,0.82,102
BTI,S&P 500,0.07,-0.2,-0.45,-0.11,0.19,0.39,102
C,S&P 500,-0.62,0.48,1.04,1.36,1.11,1.69,102
CAT,S&P 500,-0.52,0.53,1.85,1.76,1.8,1.02,102
CB,S&P 500,-0.14,-0.41,-0.71,-0.36,-0.44,0.59,102
CBK.DE,DAX,,0.59,1.2,1.4,1.25,1.42,155
CCEP,S&P 500,-0.22,-0.02,-0.03,0.16,0.22,0.7,102
CDNS,S&P 500,-0.48,0.49,1.73,1.6,1.64,0.94,102
CDW,S&P 500,-0.38,0.09,0.41,0.74,1.03,1.23,84
CEG,S&P 500,-0.39,0.35,1.36,1.39,1.49,0.67,40
CHTR,S&P 500,-0.22,-0.01,-0.08,0.2,0.47,1.22,102
CL,S&P 500,-0.03,-0.06,-0.11,-0.11,-0.51,0.49,102
CM,S&P 500,-0.44,0.39,0.72,0.83,0.69,0.98,102
CMCSA,S&P 500,-0.26,0.02,0.08,0.09,0.14,1.12,102
CNQ,S&P 500,-0.28,-0.29,-0.77,-0.45,0.4,1.28,102
COF,S&P 500,-0.63,0.48,1.09,1.33,1.24,1.45,102
CON.DE,DAX,,0.58,1.23,1.01,0.94,1.3,155
COP,S&P 500,-0.29,-0.44,-1.16,-0.62,0.02,1.03,102
COST,S&P 500,-0.27,-0.18,-0.3,-0.12,-0.35,0.75,102
CPRT,S&P 500,-0.28,-0.1,-0.3,0.15,0.69,1.15,102
CRM,S&P 500,-0.3,0.04,0.18,0.46,0.13,1.24,102
CRWD,S&P 500,-0.4,0.32,1.62,1.51,1.63,1.44,67
CSCO,S&P 500,-0.46,0.37,1.2,1.05,1.22,0.98,102
CSGP,S&P 500,-0.28,-0.08,-0.31,0.26,0.4,0.86,102
CSX,S&P 500,-0.4,0.03,0.06,0.43,0.4,1.24,102
CTAS,S&P 500,-0.32,-0.1,-0.21,0.17,0.7,1.02,102
CTSH,S&P 500,-0.31,-0.11,-0.46,0.17,0.33,1.21,102
CVS,S&P 500,-0.1,0.01,0.02,0.19,0.29,0.7,102
CVX,S&P 500,-0.26,-0.46,-0.95,-0.55,-0.0,0.93,102
DASH,S&P 500,-0.44,0.32,1.25,1.46,2.09,2.38,43
DB1.DE,DAX,,0.17,0.23,0.12,0.02,0.58,155
DBK.DE,DAX,,0.73,1.52,1.49,1.23,1.42,155
DDOG,S&P 500,-0.29,0.16,0.94,1.18,1.14,1.64,67
DE,S&P 500,-0.34,0.13,0.37,0.44,0.93,0.93,102
DELL,S&P 500,-0.42,0.41,2.87,2.25,2.26,1.32,77
DHL.DE,DAX,,0.57,1.01,0.9,0.73,1.01,151
DHR,S&P 500,-0.4,-0.02,-0.05,0.42,0.7,0.98,102
DIS,S&P 500,-0.47,0.23,0.5,0.67,0.91,1.36,102
DTE.DE,DAX,,0.22,0.47,0.37,0.45,0.7,155
DTG.DE,DAX,,0.56,1.01,1.01,1.23,1.66,40
DUK,S&P 500,0.0,-0.19,-0.27,-0.25,-0.18,0.42,102
DXCM,S&P 500,-0.35,0.11,0.36,0.62,0.55,1.24,102
EMR,S&P 500,-0.62,0.56,1.46,1.55,1.66,1.36,102
ENB,S&P 500,-0.17,-0.1,-0.16,-0.13,0.1,0.68,102
ENR.DE,DAX,,0.56,1.83,1.88,1.79,1.03,44
EOAN.DE,DAX,,0.23,0.37,0.39,0.62,0.89,155
EQIX,S&P 500,-0.38,0.32,0.65,0.51,0.33,0.93,102
EQNR,S&P 500,0.14,-0.43,-1.39,-0.92,0.0,0.71,96
ETN,S&P 500,-0.55,0.56,2.11,1.79,2.27,1.04,102
EXC,S&P 500,0.02,-0.18,-0.29,-0.19,-0.33,0.49,102
FANG,S&P 500,-0.35,-0.27,-0.79,-0.46,0.33,1.29,84
FAST,S&P 500,-0.39,0.19,0.34,0.49,0.79,0.8,102
FDX,S&P 500,-0.46,0.34,0.9,0.82,0.66,1.35,102
FRE.DE,DAX,,0.23,0.4,0.57,0.9,0.68,155
FTNT,S&P 500,-0.35,0.2,0.79,0.89,0.83,1.24,102
GD,S&P 500,-0.31,0.07,0.14,0.38,0.19,1.05,102
GE,S&P 500,-0.5,0.37,1.01,1.25,1.07,1.47,102
GEHC,S&P 500,-0.5,0.07,0.21,0.75,0.08,2.68,8
GEV,S&P 500,-0.47,0.45,1.99,1.98,1.97,0.65,8
GFS,S&P 500,-0.47,0.48,2.68,2.17,1.9,1.38,43
GILD,S&P 500,-0.24,0.09,0.2,0.38,0.61,0.17,102
GLW,S&P 500,-0.4,0.48,3.45,2.86,2.45,1.05,102
GM,S&P 500,-0.4,0.42,1.19,1.17,1.0,1.32,102
GOOG,S&P 500,-0.48,0.51,1.44,1.34,0.9,1.05,102
GOOGL,S&P 500,-0.47,0.5,1.44,1.35,0.93,1.05,102
GS,S&P 500,-0.66,0.65,1.79,1.64,1.11,1.25,102
GSK,S&P 500,0.02,-0.11,-0.23,-0.01,-0.05,0.44,102
HD,S&P 500,-0.4,0.31,0.67,0.73,0.8,0.82,102
HDB,S&P 500,-0.1,0.18,0.34,0.26,0.08,0.59,101
HEI.DE,DAX,,0.53,1.25,1.26,0.84,1.27,155
HEN3.DE,DAX,,0.23,0.31,0.4,0.72,0.84,155
HNR1.DE,DAX,,0.17,0.22,0.26,0.23,0.68,155
HON,S&P 500,-0.46,0.33,0.84,0.75,1.0,1.08,102
HSBC,S&P 500,-0.27,0.35,0.71,0.79,0.36,0.75,102
IBM,S&P 500,-0.27,0.1,0.53,0.88,0.99,0.8,102
IBN,S&P 500,-0.09,0.1,0.15,0.17,0.25,0.64,101
IDXX,S&P 500,-0.4,0.24,0.58,0.88,0.98,0.91,102
IFX.DE,DAX,,0.47,2.03,1.94,1.73,1.33,155
ILMN,S&P 500,-0.32,0.23,0.9,0.75,0.52,1.42,102
ING,S&P 500,-0.24,0.42,0.85,0.81,0.5,1.37,99
INTC,S&P 500,-0.42,0.5,3.5,2.97,2.84,0.97,102
INTU,S&P 500,-0.25,-0.01,-0.05,0.33,0.12,1.08,102
ISRG,S&P 500,-0.48,0.26,0.91,0.94,1.2,1.14,102
JNJ,S&P 500,-0.04,-0.21,-0.39,-0.17,-0.18,0.34,102
JPM,S&P 500,-0.57,0.24,0.4,0.79,0.53,1.16,102
KDP,S&P 500,-0.13,-0.01,-0.03,0.09,0.12,0.59,102
KHC,S&P 500,-0.15,-0.02,-0.05,-0.04,-0.13,0.53,84
KLAC,S&P 500,-0.5,0.54,3.06,2.73,2.67,1.09,102
KO,S&P 500,-0.04,-0.27,-0.46,-0.22,-0.34,0.42,102
LIN,S&P 500,-0.45,0.02,0.03,0.08,0.38,0.82,102
LLY,S&P 500,-0.25,0.01,0.03,0.29,0.3,0.36,102
LMT,S&P 500,-0.07,-0.07,-0.18,0.03,-0.05,0.73,102
LOW,S&P 500,-0.35,0.21,0.49,0.64,0.61,1.05,102
LRCX,S&P 500,-0.52,0.59,3.49,3.14,2.76,1.27,102
LULU,S&P 500,-0.35,0.29,1.22,1.32,1.25,1.22,102
MA,S&P 500,-0.45,-0.05,-0.08,0.3,0.42,0.89,102
MAR,S&P 500,-0.55,0.13,0.28,0.61,0.57,1.41,102
MBG.DE,DAX,,0.53,0.93,0.77,0.89,1.31,155
MCD,S&P 500,-0.17,-0.06,-0.1,0.05,-0.08,0.48,102
MCHP,S&P 500,-0.57,0.6,2.71,2.13,2.39,1.07,102
MCK,S&P 500,-0.07,-0.3,-0.74,-0.21,-0.23,0.62,102
MDB,S&P 500,-0.32,0.28,1.7,1.79,2.24,1.85,77
MDLZ,S&P 500,-0.04,-0.31,-0.6,-0.22,-0.3,0.53,102
MDT,S&P 500,-0.28,-0.01,-0.03,0.16,-0.02,0.9,102
MELI,S&P 500,-0.36,0.21,0.7,1.14,1.38,1.51,102
META,S&P 500,-0.48,0.31,1.14,1.45,2.1,1.18,84
MFG,S&P 500,-0.03,0.07,0.22,0.04,0.19,0.78,103
MMM,S&P 500,-0.52,0.24,0.48,0.72,0.69,0.81,102
MNST,S&P 500,-0.2,0.1,0.24,0.24,-0.02,0.34,102
MO,S&P 500,0.06,-0.38,-0.93,-0.51,-0.31,0.54,102
MPC,S&P 500,-0.3,-0.2,-0.61,-0.24,0.75,1.16,102
MRK,S&P 500,-0.19,-0.0,-0.0,0.17,-0.29,0.42,102
MRK.DE,DAX,,0.36,0.63,0.8,0.82,0.83,155
MRNA,S&P 500,-0.23,0.17,2.43,2.05,1.78,0.82,67
MRVL,S&P 500,-0.47,0.53,4.06,3.06,2.02,1.3,102
MS,S&P 500,-0.65,0.6,1.36,1.41,0.87,1.32,102
MSFT,S&P 500,-0.45,0.37,1.11,1.0,0.76,0.91,102
MSTR,S&P 500,-0.4,0.48,3.32,3.11,2.15,1.74,102
MTX.DE,DAX,,0.65,1.68,1.34,1.1,0.83,155
MU,S&P 500,-0.47,0.51,3.83,3.27,3.83,1.48,102
MUFG,S&P 500,0.0,-0.02,-0.05,-0.06,0.18,0.9,103
MUV2.DE,DAX,,0.21,0.3,0.39,0.53,0.67,155
NEE,S&P 500,-0.21,0.06,0.11,0.21,0.07,0.68,102
NEM,S&P 500,-0.27,0.56,2.21,1.72,1.91,0.1,102
NET,S&P 500,-0.36,0.25,1.44,1.59,1.63,1.68,67
NFLX,S&P 500,-0.31,0.05,0.16,0.34,0.15,1.14,102
NKE,S&P 500,-0.34,0.26,0.67,0.64,0.68,1.06,102
NOW,S&P 500,-0.32,0.15,0.82,0.67,0.23,1.28,84
NVDA,S&P 500,-0.58,0.63,2.04,1.9,2.24,1.35,102
NVO,S&P 500,-0.03,0.04,0.12,0.61,0.31,0.65,94
NVS,S&P 500,-0.02,-0.11,-0.27,0.07,-0.08,0.66,99
NXPI,S&P 500,-0.54,0.44,2.05,1.75,2.36,1.53,102
ODFL,S&P 500,-0.41,0.26,0.75,0.94,0.83,1.07,102
ON,S&P 500,-0.48,0.5,3.22,2.54,2.27,1.63,102
ORCL,S&P 500,-0.36,0.54,2.67,2.14,2.28,1.15,102
ORLY,S&P 500,-0.14,-0.03,-0.08,0.08,-0.07,0.6,102
P911.DE,DAX,,0.45,0.96,0.79,0.72,1.63,17
PAH3.DE,DAX,,0.43,0.82,0.77,0.6,1.22,155
PANW,S&P 500,-0.36,0.29,1.32,1.17,0.88,1.39,84
PAYX,S&P 500,-0.26,-0.09,-0.26,0.07,0.1,1.16,102
PBR,S&P 500,-0.1,-0.35,-0.97,-0.55,-0.06,1.01,105
PCAR,S&P 500,-0.44,0.38,0.86,0.92,1.07,0.83,102
PDD,S&P 500,-0.28,0.16,0.48,0.94,0.62,0.33,77
PEP,S&P 500,-0.09,-0.13,-0.23,-0.14,0.07,0.56,102
PFE,S&P 500,-0.27,0.05,0.09,0.3,0.19,0.67,102
PG,S&P 500,-0.13,0.01,0.02,-0.03,-0.3,0.43,102
PGR,S&P 500,-0.11,-0.34,-0.81,-0.52,-0.59,0.54,102
PH,S&P 500,-0.61,0.3,0.65,0.81,0.79,1.37,102
PLD,S&P 500,-0.47,0.15,0.28,0.43,0.35,1.32,102
PLTR,S&P 500,-0.41,0.35,1.86,1.92,1.5,2.6,43
PM,S&P 500,-0.07,-0.21,-0.51,-0.15,0.05,0.28,102
PSX,S&P 500,-0.34,-0.24,-0.62,-0.32,0.55,1.1,85
PYPL,S&P 500,-0.43,0.22,0.76,1.09,1.13,0.91,84
QCOM,S&P 500,-0.49,0.49,2.8,2.05,2.14,1.07,102
QIA.DE,DAX,,0.17,0.41,0.38,0.3,0.48,155
REGN,S&P 500,-0.24,0.18,0.49,0.51,-0.25,0.26,102
RHM.DE,DAX,,0.3,1.04,1.22,1.16,1.19,155
RIO,S&P 500,-0.21,0.39,0.91,0.8,0.53,0.75,102
ROP,S&P 500,-0.3,-0.16,-0.4,0.03,0.05,0.96,102
ROST,S&P 500,-0.38,0.17,0.4,0.62,0.28,0.69,102
RTX,S&P 500,-0.28,0.01,0.03,0.31,0.16,1.34,102
RWE.DE,DAX,,0.15,0.26,0.4,0.72,1.07,155
RY,S&P 500,-0.52,0.46,0.65,0.7,0.49,0.88,102
SAN,S&P 500,-0.24,0.43,1.01,1.02,0.54,1.36,99
SAP.DE,DAX,,0.26,0.77,0.99,1.08,0.77,155
SBUX,S&P 500,-0.43,0.05,0.09,0.58,0.73,0.91,102
SCCO,S&P 500,-0.48,0.62,2.6,2.39,2.34,1.21,102
SCHW,S&P 500,-0.43,0.01,0.02,0.45,0.13,1.28,102
SHEL,S&P 500,-0.01,-0.39,-0.79,-0.34,0.28,0.76,102
SHL.DE,DAX,,0.42,0.71,0.72,0.83,0.73,76
SHOP,S&P 500,-0.49,0.23,1.23,1.89,2.84,1.57,84
SHW,S&P 500,-0.43,0.37,0.9,0.86,0.57,0.87,102
SIE.DE,DAX,,0.77,1.52,1.59,1.45,1.08,155
SKHY,S&P 500,-0.04,0.22,1.72,0.78,1.62,0.92,98
SMFG,S&P 500,-0.02,0.03,0.07,0.02,0.07,0.8,103
SNDK,S&P 500,-0.42,0.41,3.85,3.98,4.35,3.86,6
SNOW,S&P 500,-0.31,0.18,1.01,1.3,1.12,2.13,43
SNPS,S&P 500,-0.37,0.37,1.44,1.6,1.58,1.01,102
SNY,S&P 500,0.03,-0.13,-0.28,0.01,0.14,0.54,99
SO,S&P 500,-0.04,-0.14,-0.2,-0.17,0.02,0.29,102
SONY,S&P 500,-0.01,-0.09,-0.25,-0.03,0.38,1.22,103
SPG,S&P 500,-0.49,0.03,0.04,0.24,0.17,1.12,102
SPGI,S&P 500,-0.38,0.04,0.1,0.37,0.28,1.04,102
SPOT,S&P 500,-0.3,-0.0,-0.0,0.41,0.77,1.73,77
SRT3.DE,DAX,,0.36,1.01,1.08,1.44,0.56,155
STX,S&P 500,-0.36,0.3,1.9,2.23,2.48,1.59,102
SY1.DE,DAX,,0.29,0.49,0.41,0.94,0.43,155
SYK,S&P 500,-0.37,-0.03,-0.1,0.16,0.09,1.11,102
T,S&P 500,-0.04,-0.14,-0.37,-0.37,0.09,0.53,102
TD,S&P 500,-0.43,0.46,0.73,0.77,0.61,0.85,102
TEAM,S&P 500,-0.27,0.1,0.73,0.78,0.26,1.49,81
TJX,S&P 500,-0.29,0.02,0.04,0.17,-0.13,0.46,102
TM,S&P 500,0.0,-0.11,-0.27,-0.07,-0.03,0.7,103
TMO,S&P 500,-0.41,0.08,0.23,0.56,0.81,0.91,102
TMUS,S&P 500,-0.08,-0.1,-0.34,-0.37,0.28,0.62,102
TRV,S&P 500,-0.27,-0.22,-0.43,-0.13,-0.43,0.85,102
TSLA,S&P 500,-0.54,0.65,2.71,2.22,2.49,1.49,102
TSM,S&P 500,-0.09,0.18,0.49,0.3,0.66,0.77,103
TTD,S&P 500,-0.26,0.14,0.72,0.86,1.33,1.8,77
TTE,S&P 500,-0.02,-0.32,-0.66,-0.33,0.08,0.95,99
TTWO,S&P 500,-0.3,0.12,0.34,0.64,0.56,0.94,102
TXN,S&P 500,-0.48,0.44,1.8,1.42,1.73,0.93,102
UBER,S&P 500,-0.36,0.24,0.73,0.89,1.21,1.41,67
UBS,S&P 500,-0.27,0.4,0.77,0.8,0.32,1.19,99
UL,S&P 500,0.12,-0.19,-0.37,-0.27,-0.04,0.16,102
UNH,S&P 500,-0.08,0.04,0.08,0.41,0.56,0.82,102
UNP,S&P 500,-0.39,-0.08,-0.17,0.19,0.26,1.12,102
UPS,S&P 500,-0.36,0.31,0.86,0.75,0.68,0.92,102
USB,S&P 500,-0.57,0.25,0.45,0.68,0.37,1.3,102
V,S&P 500,-0.45,-0.03,-0.05,0.31,0.44,0.83,102
VLO,S&P 500,-0.26,-0.24,-0.77,-0.35,0.7,1.59,102
VNA.DE,DAX,,0.65,1.22,1.06,1.45,0.59,115
VOW3.DE,DAX,,0.52,1.18,0.96,0.83,1.22,155
VRSK,S&P 500,-0.11,-0.25,-0.78,-0.36,-0.42,0.73,102
VRTX,S&P 500,-0.2,0.12,0.26,0.49,0.62,0.49,102
VZ,S&P 500,-0.03,-0.17,-0.41,-0.35,-0.06,0.47,102
WDAY,S&P 500,-0.26,0.01,0.07,0.34,0.24,1.4,84
WDC,S&P 500,-0.4,0.39,2.72,2.84,2.23,1.85,102
WELL,S&P 500,-0.19,-0.19,-0.39,-0.02,0.06,0.98,102
WFC,S&P 500,-0.51,0.11,0.24,0.74,0.66,1.28,102
WMT,S&P 500,-0.26,-0.05,-0.11,-0.04,-0.3,0.31,102
XEL,S&P 500,-0.18,0.02,0.04,0.02,0.02,0.26,102
XOM,S&P 500,-0.18,-0.46,-1.02,-0.62,-0.02,1.03,102
ZAL.DE,DAX,,0.27,0.75,0.82,0.92,0.96,107
ZS,S&P 500,-0.29,0.13,0.92,0.96,1.02,0.94,77
