ticker,marktwert,aktien,waehrung
AAPL,4869931925504.0,14594180000.0,USD
AMGN,217896321024.0,540632005.0,USD
AMZN,2712973606912.0,10786313572.0,USD
AXP,204470304768.0,675309833.0,USD
BA,152984027136.0,790370020.0,USD
CAT,388618321920.0,459674889.0,USD
CRM,193149878272.0,823000000.0,USD
CSCO,442358235136.0,3942586873.0,USD
CVX,405443805184.0,1961603274.0,USD
DIS,176450125824.0,1726686902.0,USD
GS,262799654912.0,291171408.0,USD
HD,282196508672.0,997689626.0,USD
HON,67821993984.0,316940010.0,USD
IBM,209756798976.0,942134390.0,USD
JNJ,617006301184.0,2409898597.0,USD
JPM,883527974912.0,2658186195.0,USD
KO,368513318912.0,4302549243.0,USD
MCD,164095000576.0,707641531.0,USD
MMM,83490308096.0,515722417.0,USD
MRK,356012851200.0,2467171638.0,USD
MSFT,3842942959616.0,7425545491.0,USD
NKE,50246103040.0,1202110951.0,USD
NVDA,5649190617088.0,24147000000.0,USD
PG,336578478080.0,2322672312.0,USD
SHW,77563658240.0,242758151.0,USD
TRV,75166269440.0,208575022.0,USD
UNH,333815513088.0,897594847.0,USD
V,677086953472.0,1704112694.0,USD
VZ,190787272704.0,4154775202.0,USD
WMT,829709352960.0,7958079155.0,USD
ABNB,97260748800.0,419529556.0,USD
ADBE,94481776640.0,397500000.0,USD
ADI,202136485888.0,484565465.0,USD
ADP,102106095616.0,396251548.0,USD
ADSK,44308000768.0,209000000.0,USD
AEP,65093595136.0,544397352.0,USD
AMAT,428574343168.0,793597443.0,USD
AMD,1034842210304.0,1632475042.0,USD
APP,90105700352.0,305732000.0,USD
ARM,328398864384.0,1067998569.0,USD
ASML,717233782784.0,384100000.0,USD
AVGO,1695307005952.0,4773629865.0,USD
AXON,33579487232.0,81237415.0,USD
AZN,243337101312.0,1550905742.0,USD
BIIB,32488151040.0,147753998.0,USD
BKNG,119484530688.0,751380500.0,USD
BKR,55589748736.0,992674071.0,USD
CCEP,44439240704.0,439731263.0,USD
CDNS,96759332864.0,275393000.0,USD
CDW,16663571456.0,125017426.0,USD
CEG,91230609408.0,354307379.0,USD
CHTR,14203066368.0,114457596.0,USD
CMCSA,76544090112.0,3539192198.0,USD
COST,408092835840.0,443266000.0,USD
CPRT,25214713856.0,926330452.0,USD
CRWD,276503363584.0,1023934842.0,USD
CSGP,11094309888.0,405197588.0,USD
CSX,87862886400.0,1852474917.0,USD
CTAS,77114769408.0,399517000.0,USD
CTSH,26355490816.0,450444209.0,USD
DASH,81958305792.0,409082893.0,USD
DDOG,99542777856.0,334904614.0,USD
DXCM,32211515392.0,377360765.0,USD
EXC,41962242048.0,1030253967.0,USD
FANG,51722452992.0,280019792.0,USD
FAST,58235502592.0,1147497573.0,USD
FTNT,132765483008.0,733713653.0,USD
GEHC,29038909440.0,451686252.0,USD
GFS,27965691904.0,557418603.0,USD
GILD,179471122432.0,1239955155.0,USD
GOOG,4162458484736.0,5527000000.0,USD
GOOGL,4200982642688.0,5867155790.0,USD
IDXX,40839344128.0,78781116.0,USD
INTC,630790946816.0,5286105262.0,USD
INTU,75114692608.0,267236000.0,USD
ISRG,140427083776.0,358278038.0,USD
KDP,41328287744.0,1360826038.0,USD
KHC,26313428992.0,1185823758.0,USD
KLAC,269992787968.0,1305006492.0,USD
LIN,221030776832.0,460980163.0,USD
LRCX,434857443328.0,1251424362.0,USD
LULU,10457668608.0,105594064.0,USD
MAR,93604667392.0,260766288.0,USD
MCHP,44157468672.0,543008691.0,USD
MDLZ,74268368896.0,1276308057.0,USD
MELI,86010167296.0,50696802.0,USD
META,1854788337664.0,2205128509.0,USD
MNST,84121681920.0,1959051764.0,USD
MRVL,244708294656.0,876926613.0,USD
MSTR,63804116992.0,379110575.0,USD
MU,1213973397504.0,1129393151.0,USD
NFLX,279233789952.0,4163939676.0,USD
NXPI,61442322432.0,252164174.0,USD
ODFL,37534113792.0,207968283.0,USD
ON,33049257984.0,389318613.0,USD
ORLY,68680769536.0,808960792.0,USD
PANW,329850322944.0,818000000.0,USD
PAYX,35220709376.0,355980473.0,USD
PCAR,57731710976.0,526364953.0,USD
PDD,107295621120.0,1423396462.0,USD
PEP,171965743104.0,1366000000.0,USD
PLTR,453577277440.0,2300713329.0,USD
PYPL,45168332800.0,855460874.0,USD
QCOM,197452333056.0,1068060487.0,USD
REGN,75692515328.0,101137842.0,USD
ROP,35042557952.0,98900874.0,USD
ROST,73311305728.0,320781076.0,USD
SBUX,107969396736.0,1140000000.0,USD
SNPS,93882785792.0,191636646.0,USD
TEAM,47562252288.0,159005198.0,USD
TMUS,175531982848.0,1072671613.0,USD
TSLA,1463662804992.0,3949547394.0,USD
TTD,5649901568.0,429686475.0,USD
TTWO,37906546688.0,186980443.0,USD
TXN,268312150016.0,913247686.0,USD
VRSK,21329969152.0,130156012.0,USD
VRTX,127929335808.0,253460924.0,USD
WBD,77570809856.0,2507136702.0,USD
WDAY,44859740160.0,196000000.0,USD
XEL,44598890496.0,624634306.0,USD
ZS,32056555520.0,163054698.0,USD
ADS.DE,25217808384.0,175062879.0,EUR
AIR.DE,149874753536.0,791480489.0,EUR
ALV.DE,,,EUR
BAS.DE,42981527552.0,860921903.0,EUR
BAYN.DE,44150136832.0,982424082.0,EUR
BEI.DE,16442675200.0,218072613.0,EUR
BMW.DE,32514619392.0,598575510.0,EUR
BNR.DE,8460982784.0,144385372.0,EUR
CBK.DE,42315165696.0,1080847095.0,EUR
CON.DE,,,EUR
DTG.DE,30925469696.0,760213105.0,EUR
DBK.DE,58136264704.0,1879000000.0,EUR
DB1.DE,51796643840.0,180287660.0,EUR
DHL.DE,62959202304.0,1110000000.0,EUR
DTE.DE,127026126848.0,4782610264.0,EUR
EOAN.DE,44474589184.0,2613077958.0,EUR
FRE.DE,,,EUR
HNR1.DE,30752270336.0,120597134.0,EUR
HEI.DE,26089000960.0,175801909.0,EUR
HEN3.DE,29270722560.0,151440961.0,EUR
IFX.DE,83999653888.0,1299499659.0,EUR
MBG.DE,38029938688.0,957330201.0,EUR
MRK.DE,59521089536.0,129242252.0,EUR
MTX.DE,19942901760.0,53870614.0,EUR
MUV2.DE,63989235712.0,125814467.0,EUR
PAH3.DE,7512312320.0,153125000.0,EUR
P911.DE,39173001216.0,455500000.0,EUR
QIA.DE,8343430656.0,206495000.0,EUR
RHM.DE,44656672768.0,46668063.0,EUR
RWE.DE,46097121280.0,779985169.0,EUR
SAP.DE,212281245696.0,1154204232.0,EUR
SRT3.DE,17359745024.0,34813621.0,EUR
SIE.DE,215430955008.0,780264198.0,EUR
ENR.DE,123730395136.0,850848567.0,EUR
SHL.DE,42372874240.0,1119198976.0,EUR
SY1.DE,12483395584.0,137180179.0,EUR
VOW3.DE,33827405824.0,206205445.0,EUR
VNA.DE,14266445824.0,848435623.0,EUR
ZAL.DE,5438838272.0,244222642.0,EUR
ANET,261514952704.0,1261224648.0,USD
APH,214440476672.0,2465966914.0,USD
BABA,263327809536.0,2487744939.0,USD
BBVA,148389527552.0,5499983056.0,USD
BHP,218744913920.0,2541476901.0,USD
BMO,115176775680.0,695092237.0,USD
BNS,111145107456.0,1218830000.0,USD
BP,115352371200.0,2575404456.0,USD
BTI,113267941376.0,2151746530.0,USD
CB,127657328640.0,385799859.0,USD
CM,100798988288.0,907935437.0,USD
CNQ,99859062784.0,2061500000.0,USD
DELL,357657378816.0,315433188.0,USD
ENB,102459940864.0,2228843639.0,USD
EQIX,101209522176.0,98671686.0,USD
EQNR,100860616704.0,2369845252.0,USD
ETN,169385115648.0,388400000.0,USD
GLW,141431357440.0,861388331.0,USD
GSK,94225317888.0,2003515243.0,USD
HDB,114816262144.0,5139492337.0,USD
HSBC,328925478912.0,3421317591.0,USD
IBN,98487787520.0,3589204966.0,USD
ILMN,41229041664.0,151000000.0,USD
ING,98996871168.0,2846373734.0,USD
MCK,105197150208.0,116590363.0,USD
MDB,28791412736.0,80431927.0,USD
MFG,131802095616.0,12103038590.0,USD
MPC,118600720384.0,280824763.0,USD
MRNA,75858812928.0,399235889.0,USD
MUFG,256856555520.0,11255764758.0,USD
NEM,121764675584.0,1053692271.0,USD
NET,124296749056.0,322618775.0,USD
NVO,164789452800.0,3340708124.0,USD
NVS,268000804864.0,1900714840.0,USD
ORCL,431382593536.0,3031501149.0,USD
PBR,139520524288.0,3721115691.0,USD
PGR,122063921152.0,580400000.0,USD
PH,122650632192.0,126112415.0,USD
PLD,125312303104.0,950333372.0,USD
PSX,106079379456.0,400935020.0,USD
RIO,153222168576.0,1254639382.0,USD
RY,270891384832.0,1384429799.0,USD
SAN,193671970816.0,14496405510.0,USD
SCCO,173546389504.0,844343686.0,USD
SHEL,274148933632.0,2848892354.0,USD
SHOP,196451942400.0,1219581025.0,USD
SKHY,1387521638400.0,7110755000.0,USD
SMFG,160500760576.0,6318927323.0,USD
SNDK,251839234048.0,146419001.0,USD
SNOW,120318918656.0,352800000.0,USD
SNY,95653806080.0,2396137370.0,USD
SONY,139235835904.0,5845333109.0,USD
SPCX,2095375843328.0,7696293669.0,USD
SPGI,113872396288.0,294800000.0,USD
SPOT,97218715648.0,205584205.0,USD
STX,193054392320.0,227393014.0,USD
SYK,105647521792.0,383573046.0,USD
TD,192500006912.0,1633016726.0,USD
TJX,145944543232.0,1099974061.0,USD
TM,214917464064.0,1184183366.0,USD
TSM,2452061159424.0,5186474013.0,USD
TTE,186310868992.0,2207474769.0,USD
UBS,146075713536.0,3061742149.0,USD
UL,128566280192.0,2153539141.0,USD
VLO,116984922112.0,287927461.0,USD
WDC,149729050624.0,360540944.0,USD
WELL,164081467392.0,720572011.0,USD
ABBV,464433774592.0,1767117285.0,USD
ABT,168712372224.0,1730383296.0,USD
ACN,121715277824.0,611942109.0,USD
AMT,75578720256.0,465960048.0,USD
BAC,375860232192.0,6992748365.0,USD
BLK,172164644864.0,154869259.0,USD
BMY,124912001024.0,2042714656.0,USD
BNY,98654494720.0,678504142.0,USD
BRK-B,1076027719680.0,1408035161.0,USD
C,215550623744.0,1677436783.0,USD
CL,67169783808.0,797172829.0,USD
COF,119457775616.0,613484836.0,USD
COP,152269520896.0,1201337479.0,USD
CVS,110579777536.0,1278970369.0,USD
DE,185232654336.0,269625412.0,USD
DHR,150481190912.0,702986054.0,USD
DUK,88987410432.0,779702193.0,USD
EMR,90146062336.0,557800000.0,USD
FDX,68719624192.0,236670435.0,USD
GD,89308217344.0,270557195.0,USD
GE,321187840000.0,1037562513.0,USD
GEV,263324024832.0,266333581.0,USD
GM,70791413760.0,904451541.0,USD
HONA,49010401280.0,316952725.0,USD
LLY,1019126611968.0,891741406.0,USD
LMT,116643954688.0,230790753.0,USD
LOW,101438570496.0,561054019.0,USD
MA,483785244672.0,869464115.0,USD
MDT,110491926528.0,1279137890.0,USD
MO,112457244672.0,1669743926.0,USD
MS,298894458880.0,1570566292.0,USD
NEE,160265715712.0,2085978209.0,USD
NOW,138930388992.0,1033862000.0,USD
PFE,158450925568.0,5699673589.0,USD
PM,292177674240.0,1558613439.0,USD
RTX,248903958528.0,1347758144.0,USD
SCHW,167226753024.0,1729335714.0,USD
SO,96308396032.0,1150362966.0,USD
SPG,76285337600.0,323551515.0,USD
T,166512967680.0,6852385650.0,USD
TMO,242110529536.0,369747286.0,USD
UBER,139118772224.0,2042560121.0,USD
UNP,165319327744.0,594075498.0,USD
UPS,79139700736.0,749349405.0,USD
USB,89603538944.0,1558051446.0,USD
WFC,243280723968.0,3023999336.0,USD
XOM,674394669056.0,4111911960.0,USD
