ticker,name,art,wunschticker,rueckfall,anbieter,kursquelle,kurswaehrung,datum,kurs,open,high,low,atr14,rsi14,ema50,ema200,hammer,hoeheres_hoch,kein_neues_tief,umkehrkerze,rote_kerze,rote_kerze_vortag,hoch60,vol_druck5,tiefs_anzahl,tiefs_abstand,tiefs_serie,tiefs_serie_start,tiefs_serie_tief,tiefs_serie_vorheriges_hoch,tiefs_serie_vorheriges_hoch_start,korr_hoch,korr_ist_atr,korr_ist_tage,tief1,tief1_datum,tief1_best,tief1_volrel,tief2,tief2_datum,tief2_best,tief2_volrel,tief3,tief3_datum,tief3_best,tief3_volrel,ruecksetzer_hoch_datum,ruecksetzer_tag,ruecksetzer_atr,ruecksetzer_vol_rel,ruecksetzer_kerze,ruecksetzer_achtung,vortagestief_verletzt,rueckgang_3tage_pct,rueckgang_3tage_schwelle,rueckgang_3tage_achtung,stand_gehalten,stand_zurueck
AAPL,AAPL,Aktie,AAPL,0,Yahoo,AAPL,,2026-10-06,333.63,332.305,334.38,330.62,6.4179,54.56,324.2893,295.4936,0,0,0,0,0,0,345.34,1.6,12,5.5,3,2026-09-24,325.81,3,2026-09-24,345.34,3.04,7,330.62,2026-10-06,0,0.7,325.81,2026-10-01,1,0.86,328.7,2026-09-29,1,0.9,2026-09-22,9,3.04,0.7,gruen,0,0,1.0,-3.31,0,0,0
ABNB,ABNB,Aktie,ABNB,0,Yahoo,ABNB,,2026-10-06,160.39,164.32,164.89,159.07,5.4068,43.93,164.4415,148.6288,0,1,0,1,1,0,193.453,1.48,10,6.0,4,2026-08-27,149.0,4,2026-08-27,193.453,8.22,21,159.07,2026-10-06,0,0.67,149.0,2026-09-23,1,3.07,165.83,2026-09-10,1,0.82,,,,,,0,1,-0.05,-4.26,0,0,0
ADBE,ADBE,Aktie,ADBE,0,Yahoo,ADBE,,2026-10-06,238.12,239.9,240.15,236.77,7.5493,41.55,249.8486,266.937,0,0,1,0,1,0,294.53,2.19,12,5.1,3,2026-09-02,224.67,3,2026-09-02,294.53,9.25,18,235.51,2026-10-05,0,0.58,224.67,2026-09-28,1,0.94,241.51,2026-09-11,1,2.31,2026-10-01,2,1.69,0.48,rot,0,0,-1.31,-5.65,0,0,0
ADI,ADI,Aktie,ADI,0,Yahoo,ADI,,2026-10-06,420.55,421.1,422.67,417.19,10.7579,73.3,383.8863,356.2245,0,1,1,0,1,0,422.67,4.31,13,4.9,1,2026-10-05,409.65,1,2026-10-05,421.7,1.12,1,409.65,2026-10-05,1,0.66,393.06,2026-09-30,1,0.7,377.4,2026-09-24,1,0.69,,,,,,0,0,3.94,-4.18,0,0,0
ADP,ADP,Aktie,ADP,0,Yahoo,ADP,,2026-10-06,262.36,259.86,263.4652,258.86,5.4939,44.29,264.7011,252.2102,0,1,1,0,0,0,288.0,1.0,13,5.1,4,2026-09-02,255.96,2,2026-09-30,287.86,5.81,25,255.96,2026-10-05,1,0.75,257.74,2026-09-30,1,1.12,265.0,2026-09-11,1,1.08,2026-10-01,2,1.91,0.66,gruen,0,0,-0.61,-3.19,0,0,0
ADSK,ADSK,Aktie,ADSK,0,Yahoo,ADSK,,2026-10-06,231.28,221.91,231.55,221.705,7.1129,57.65,225.0178,240.0139,0,1,1,0,0,0,271.72,,10,6.3,2,2026-09-09,199.18,2,2026-09-09,271.72,10.2,22,199.18,2026-09-29,1,0.96,213.0,2026-09-21,1,0.62,206.33,2026-09-09,1,1.11,,,,,,0,0,9.45,-4.82,0,0,0
AEP,AEP,Aktie,AEP,0,Yahoo,AEP,,2026-10-06,121.67,120.17,121.835,120.06,1.8911,52.11,123.2633,124.8362,0,1,1,0,0,0,136.6,1.1,11,6.1,3,2026-08-10,116.71,1,2026-10-05,136.57,10.5,44,118.63,2026-10-05,1,0.73,117.34,2026-10-01,1,1.03,116.71,2026-09-25,1,1.04,,,,,,0,0,1.6,-2.15,0,0,0
AMAT,AMAT,Aktie,AMAT,0,Yahoo,AMAT,,2026-10-06,530.27,546.0,546.0,526.52,17.9021,64.1,492.2959,432.0425,0,1,0,1,1,0,614.14,1.51,13,4.5,,,,,,,,,526.52,2026-10-06,0,0.78,471.38,2026-09-28,1,0.96,460.55,2026-09-24,1,0.64,,,,,,0,1,0.18,-5.27,0,0,0
AMD,AMD,Aktie,AMD,0,Yahoo,AMD,,2026-10-06,649.42,648.04,658.52,628.0,25.3221,72.16,541.9052,412.5041,0,1,1,0,0,0,658.52,5.68,14,4.8,1,2026-10-05,619.99,1,2026-10-05,645.46,1.01,1,619.99,2026-10-05,1,0.6,596.07,2026-09-28,1,1.02,480.33,2026-09-14,1,1.38,,,,,,0,0,5.47,-6.29,0,0,0
AMGN,AMGN,Aktie,AMGN,0,Yahoo,AMGN,,2026-10-06,402.6,403.3,405.0,396.01,9.9557,47.41,401.8649,368.2389,0,1,0,0,1,0,447.03,0.0,9,6.2,2,2026-08-31,374.46,,,447.03,7.29,15,396.01,2026-10-06,0,0.59,403.88,2026-09-24,1,0.83,374.46,2026-09-16,1,0.93,2026-09-30,3,3.07,0.59,rot,0,0,-1.15,-3.32,0,0,0
AMZN,AMZN,Aktie,AMZN,0,Yahoo,AMZN,,2026-10-06,256.29,253.4,256.675,251.08,5.2754,54.52,253.4392,244.1001,0,1,1,0,0,0,287.2,1.49,11,5.3,2,2026-09-24,244.73,2,2026-09-24,259.49,2.8,5,244.73,2026-09-28,1,0.92,245.6,2026-09-24,1,0.95,244.3,2026-09-16,1,1.05,2026-08-03,44,8.13,0.92,gruen,0,0,3.25,-4.3,0,0,0
ARM,ARM,Aktie,ARM,0,Yahoo,ARM,,2026-10-06,302.56,307.0,308.495,301.07,19.8362,56.65,279.2483,236.6444,0,0,1,0,1,1,336.98,0.88,11,5.7,1,2026-09-28,279.2,1,2026-09-28,336.98,2.91,3,299.8,2026-10-05,0,0.49,279.2,2026-09-28,1,1.72,240.45,2026-09-16,1,0.7,2026-09-23,8,2.91,0.57,rot,0,0,3.5,-8.26,0,0,0
ASML,ASML,Aktie,ASML,0,Yahoo,ASML.AS,EUR,2026-10-06,1638.2,1656.0,1673.8,1634.0,43.9857,67.0,1515.9512,1342.1581,0,1,0,1,1,1,1678.2,1.64,13,5.1,1,2026-10-01,1589.2,1,2026-10-01,1630.2,0.93,1,1589.2,2026-10-01,1,1.17,1489.6,2026-09-24,1,0.74,1365.4,2026-09-15,1,1.37,,,,,,0,1,2.58,-4.36,0,0,0
AVGO,AVGO,Aktie,AVGO,0,Yahoo,AVGO,,2026-10-06,375.81,366.85,380.84,364.01,10.6243,58.84,367.3265,363.8764,0,1,1,0,0,0,432.73,1.73,11,5.7,2,2026-09-03,335.81,2,2026-09-03,376.59,3.84,12,343.29,2026-10-01,1,0.89,346.89,2026-09-24,1,0.76,335.81,2026-09-16,1,0.89,,,,,,0,0,9.36,-5.14,0,0,0
AXP,AXP,Aktie,AXP,0,Yahoo,AXP,,2026-10-06,304.55,305.26,307.26,303.74,5.2314,35.86,321.1372,327.485,0,1,1,0,1,0,363.14,0.98,12,5.5,4,2026-07-24,297.2,8,2026-08-10,363.14,12.6,54,297.2,2026-10-01,1,1.21,299.91,2026-09-24,1,1.38,308.67,2026-09-18,1,2.22,,,,,,0,0,0.81,-3.56,0,0,0
AZN,AZN,Aktie,AZN,0,Yahoo,AZN.L,GBP,2026-10-06,119.58,119.04,121.12,117.82,2.6096,44.06,123.117,129.4225,0,1,1,0,0,1,131.64,0.2,10,6.8,3,2026-06-24,98.92,1,2026-10-05,151.26,20.06,18,117.16,2026-10-05,1,0.51,123.16,2026-09-24,1,0.64,115.52,2026-09-10,1,0.74,2026-09-29,4,4.11,0.68,gruen,0,0,-0.62,-3.24,0,0,0
BA,BA,Aktie,BA,0,Yahoo,BA,,2026-10-06,189.82,193.0,193.225,189.325,6.38,37.86,206.2268,214.2105,0,0,0,1,1,1,241.09,1.02,7,8.0,6,2026-08-07,184.01,6,2026-08-07,241.09,8.95,37,189.325,2026-10-06,0,0.9,184.01,2026-09-28,1,2.77,194.4,2026-09-24,1,1.55,2026-10-02,0,1.19,0.9,rot,0,1,-1.28,-4.5,0,0,0
BIIB,BIIB,Aktie,BIIB,0,Yahoo,BIIB,,2026-10-06,222.89,224.53,225.97,218.0,5.5443,53.4,216.6036,195.96,0,1,0,0,1,0,230.49,0.19,11,4.6,,,,,,,,,218.0,2026-10-06,0,0.92,213.54,2026-09-15,1,1.05,208.93,2026-09-10,1,1.34,,,,,,0,0,0.03,-3.66,0,0,0
BKNG,BKNG,Aktie,BKNG,0,Yahoo,BKNG,,2026-10-06,157.63,158.54,160.5,155.335,5.6189,29.23,178.0434,184.4805,0,1,1,0,1,1,217.32,0.28,9,7.6,3,2026-09-09,154.06,3,2026-09-09,217.32,11.26,28,154.06,2026-10-05,1,0.93,155.37,2026-09-23,1,1.81,170.12,2026-09-09,1,2.36,,,,,,0,0,-1.65,-4.23,0,0,0
BKR,BKR,Aktie,BKR,0,Yahoo,BKR,,2026-10-06,57.13,57.0,57.61,56.15,1.3921,44.19,59.2502,57.983,0,0,1,0,0,0,66.09,1.35,11,5.1,2,2026-09-16,54.35,2,2026-09-25,66.09,8.43,16,54.35,2026-10-01,1,0.78,56.75,2026-09-25,1,0.76,56.57,2026-09-22,1,1.14,,,,,,0,0,2.71,-4.26,0,0,0
CAT,CAT,Aktie,CAT,0,Yahoo,CAT,,2026-10-06,863.44,853.0,876.95,851.79,22.6064,63.43,832.2795,779.3769,0,1,1,0,0,0,964.63,4.5,13,4.9,1,2026-10-05,821.77,1,2026-10-05,858.87,1.64,1,821.77,2026-10-05,1,0.99,794.2,2026-09-24,1,0.92,772.86,2026-09-14,1,1.03,,,,,,0,0,4.49,-3.74,0,0,0
CDNS,CDNS,Aktie,CDNS,0,Yahoo,CDNS,,2026-10-06,359.55,355.14,361.91,354.285,12.0221,73.55,324.1715,328.1541,0,1,1,0,0,1,385.3,,11,5.1,1,2026-09-29,314.0,1,2026-09-29,330.81,1.4,2,314.0,2026-09-29,1,0.98,273.07,2026-09-15,1,1.09,281.65,2026-09-09,1,0.97,,,,,,0,0,2.51,-4.42,0,0,0
CDW,CDW,Aktie,CDW,0,Yahoo,CDW,,2026-10-06,135.67,133.81,136.03,132.91,5.1636,44.67,139.9821,138.0956,0,0,1,0,0,0,158.05,1.45,8,7.1,2,2026-09-09,127.77,2,2026-09-09,158.05,5.86,18,127.77,2026-09-30,1,0.68,143.67,2026-09-21,1,1.13,140.91,2026-09-09,1,1.09,2026-09-03,20,5.86,0.47,gruen,0,0,-0.12,-4.74,0,0,0
CEG,CEG,Aktie,CEG,0,Yahoo,CEG,,2026-10-06,300.4,291.11,309.8,291.11,12.8707,67.13,270.2416,283.1396,0,1,1,0,0,0,309.8,2.6,13,4.5,1,2026-10-02,249.05,1,2026-10-02,271.0,1.71,1,249.05,2026-10-02,1,1.21,247.2,2026-09-30,1,1.55,257.38,2026-09-28,1,0.74,,,,,,0,0,16.02,-6.61,0,0,0
CHTR,CHTR,Aktie,CHTR,0,Yahoo,CHTR,,2026-10-06,108.64,111.67,112.87,107.7902,5.02,28.89,132.8297,174.1255,0,1,1,0,1,1,160.7,1.45,9,7.2,2,2026-09-09,104.91,2,2026-09-09,160.7,11.11,21,104.91,2026-10-05,1,1.02,133.33,2026-09-09,1,1.51,144.83,2026-09-01,1,1.0,2026-09-14,15,8.65,0.82,rot,0,0,-2.45,-6.08,0,0,0
CMCSA,CMCSA,Aktie,CMCSA,0,Yahoo,CMCSA,,2026-10-06,21.56,21.65,21.76,21.325,0.5911,27.01,23.9106,26.0361,0,1,1,0,1,0,27.35,0.36,12,5.5,3,2026-09-18,21.31,3,2026-09-18,27.19,9.95,22,21.31,2026-10-05,1,0.97,21.41,2026-09-25,1,1.4,22.36,2026-09-18,1,2.74,,,,,,0,0,-0.65,-3.5,0,0,0
COST,COST,Aktie,COST,0,Yahoo,COST,,2026-10-06,935.68,921.32,937.015,920.78,15.0339,58.26,928.0342,953.6499,0,1,1,0,0,0,987.55,3.56,13,4.8,1,2026-10-01,903.78,1,2026-10-01,931.09,1.82,3,903.78,2026-10-01,1,0.88,888.04,2026-09-17,1,1.17,898.43,2026-09-09,1,1.14,,,,,,0,0,2.27,-2.73,0,0,0
CPRT,CPRT,Aktie,CPRT,0,Yahoo,CPRT,,2026-10-06,26.82,27.51,27.65,26.64,0.6871,31.34,29.793,33.7273,0,0,0,1,1,0,34.63,1.37,8,7.9,2,2026-09-02,26.74,2,2026-09-02,34.63,11.63,32,26.64,2026-10-06,0,1.01,26.74,2026-09-29,1,0.85,31.89,2026-09-02,1,0.64,,,,,,0,1,-1.72,-4.5,0,0,0
CRM,CRM,Aktie,CRM,0,Yahoo,CRM,,2026-10-06,224.99,231.75,232.7794,222.891,8.1349,44.15,222.6775,209.7313,0,0,0,1,1,1,268.27,0.96,11,5.6,2,2026-09-10,221.18,2,2026-09-10,268.27,5.79,16,222.891,2026-10-06,0,0.61,221.18,2026-09-28,1,0.71,241.75,2026-09-10,1,0.64,2026-09-03,21,5.79,0.61,rot,0,1,-4.94,-5.78,0,0,0
CRWD,CRWD,Aktie,CRWD,0,Yahoo,CRWD,,2026-10-06,278.86,278.11,286.9899,276.0,11.0554,72.0,228.3625,173.3462,0,1,1,0,0,0,286.9899,,10,6.3,1,2026-09-28,246.51,1,2026-09-28,263.87,1.57,2,246.51,2026-09-28,1,0.73,230.85,2026-09-21,1,1.05,205.4,2026-09-08,1,0.78,,,,,,0,0,4.8,-5.64,0,0,0
CSCO,CSCO,Aktie,CSCO,0,Yahoo,CSCO,,2026-10-06,117.94,113.54,118.4,113.31,2.7679,67.94,110.9805,100.5687,0,1,1,0,0,0,124.71,,14,4.1,2,2026-09-16,104.51,1,2026-09-22,112.22,2.79,7,104.51,2026-09-22,1,2.13,108.09,2026-09-18,1,2.99,107.55,2026-09-16,1,1.1,,,,,,0,0,8.44,-2.88,0,0,0
CSGP,CSGP,Aktie,CSGP,0,Yahoo,CSGP,,2026-10-06,27.63,27.7,28.2,27.46,0.9436,38.97,29.8,40.3355,0,1,1,0,1,0,33.82,1.95,8,7.7,3,2026-09-10,26.52,3,2026-09-10,33.82,7.74,28,26.52,2026-09-29,1,0.68,27.28,2026-09-24,1,0.87,28.79,2026-09-10,1,1.09,2026-09-25,6,2.24,0.73,rot,0,0,-0.32,-6.08,0,0,0
CSX,CSX,Aktie,CSX,0,Yahoo,CSX,,2026-10-06,47.5,47.38,47.725,47.32,0.8261,45.59,48.3659,44.8655,0,1,1,0,0,0,53.6,1.68,9,7.5,2,2026-08-04,45.79,1,2026-09-21,53.6,9.45,39,45.85,2026-10-01,1,1.23,45.79,2026-09-21,1,1.61,51.12,2026-08-25,1,0.59,,,,,,0,0,2.06,-2.39,0,0,0
CTAS,CTAS,Aktie,CTAS,0,Yahoo,CTAS,,2026-10-06,195.96,194.22,196.8691,194.22,3.9671,46.18,197.2848,192.0405,0,1,1,0,0,0,219.17,1.23,13,5.0,1,2026-10-02,191.85,1,2026-10-02,201.45,2.42,4,191.85,2026-10-02,1,0.89,191.09,2026-09-24,1,1.78,194.87,2026-09-21,1,0.88,,,,,,0,0,0.18,-2.78,0,0,0
CTSH,CTSH,Aktie,CTSH,0,Yahoo,CTSH,,2026-10-06,57.22,58.46,58.72,56.925,2.2711,44.4,57.8469,59.8483,0,0,0,1,1,1,65.42,1.56,12,5.1,,,,,,,,,56.925,2026-10-06,0,0.78,55.63,2026-09-28,1,0.79,57.89,2026-09-10,1,0.62,2026-10-01,2,3.44,0.78,rot,0,1,-6.01,-5.18,1,0,0
DASH,DASH,Aktie,DASH,0,Yahoo,DASH,,2026-10-06,193.62,192.16,194.03,190.82,7.6856,47.51,197.8695,194.3121,0,0,1,0,0,0,238.828,1.19,12,5.2,4,2026-09-10,178.04,4,2026-09-10,238.828,7.91,20,178.04,2026-09-28,1,1.75,182.14,2026-09-24,1,1.41,188.71,2026-09-21,1,1.37,,,,,,0,0,6.28,-5.38,0,0,0
DDOG,DDOG,Aktie,DDOG,0,Yahoo,DDOG,,2026-10-06,278.24,278.0,285.54,276.0,11.3752,70.61,246.4215,204.0523,0,1,1,0,0,1,292.72,4.07,11,5.7,1,2026-09-28,255.5,1,2026-09-28,280.7,2.22,1,255.5,2026-09-28,1,0.95,218.27,2026-09-11,1,0.49,203.24,2026-09-08,1,1.27,,,,,,0,0,0.64,-6.58,0,0,0
DIS,DIS,Aktie,DIS,0,Yahoo,DIS,,2026-10-06,104.03,103.42,104.27,103.29,1.9864,48.18,104.1154,104.1793,0,1,1,0,0,0,111.87,0.95,11,5.3,2,2026-09-15,102.37,,,109.42,4.16,13,101.15,2026-10-01,0,1.08,102.7,2026-09-23,1,1.02,102.37,2026-09-18,1,2.46,2026-09-28,3,2.73,0.7,gruen,0,0,2.66,-2.92,0,0,0
DXCM,DXCM,Aktie,DXCM,0,Yahoo,DXCM,,2026-10-06,83.39,86.28,86.75,82.86,1.985,38.9,84.9317,76.674,0,0,0,1,1,0,92.59,0.25,9,7.1,2,2026-08-26,82.29,2,2026-08-26,92.59,5.19,12,82.86,2026-10-06,0,0.84,85.24,2026-09-29,1,0.77,82.29,2026-09-10,1,0.88,,,,,,0,1,-3.29,-5.02,0,0,0
EXC,EXC,Aktie,EXC,0,Yahoo,EXC,,2026-10-06,41.68,40.99,41.7,40.92,0.6707,45.76,43.1365,44.9817,0,1,1,0,0,0,48.49,2.07,11,6.1,1,2026-09-25,39.73,1,2026-10-05,44.59,7.25,15,40.24,2026-10-05,1,1.06,39.81,2026-10-01,1,1.46,39.73,2026-09-25,1,0.91,,,,,,0,0,2.99,-2.36,0,0,0
FANG,FANG,Aktie,FANG,0,Yahoo,FANG,,2026-10-06,184.98,182.0,185.77,182.0,4.2707,39.3,193.8372,184.5801,0,0,0,0,0,0,216.9,0.79,10,6.2,3,2026-08-26,181.91,2,2026-09-23,216.9,8.19,27,182.0,2026-10-06,0,0.97,181.91,2026-09-29,1,0.59,183.51,2026-09-23,1,1.05,,,,,,0,0,-0.29,-4.26,0,0,0
FAST,FAST,Aktie,FAST,0,Yahoo,FAST,,2026-10-06,50.81,50.63,51.385,50.53,0.9089,57.71,49.5048,46.8575,0,1,1,0,0,0,52.92,1.13,12,5.5,1,2026-09-02,47.65,1,2026-10-01,52.15,4.95,7,49.99,2026-10-05,1,0.79,49.11,2026-10-01,1,0.88,48.53,2026-09-21,1,0.73,,,,,,0,0,1.15,-2.64,0,0,0
FTNT,FTNT,Aktie,FTNT,0,Yahoo,FTNT,,2026-10-06,191.27,187.43,192.41,186.5,6.1379,72.18,166.0807,132.7492,0,1,1,0,0,0,192.41,4.67,9,6.8,1,2026-09-28,169.56,1,2026-09-28,181.37,1.92,2,169.56,2026-09-28,1,0.63,166.09,2026-09-18,1,2.95,151.8,2026-09-02,1,1.15,,,,,,0,0,7.02,-4.02,0,0,0
GEHC,GEHC,Aktie,GEHC,0,Yahoo,GEHC,,2026-10-06,64.77,66.0,66.55,64.6705,1.479,41.91,67.0085,69.7435,0,1,1,0,1,0,75.65,0.79,11,6.1,2,2026-08-21,62.995,1,2026-10-05,75.65,8.56,19,63.37,2026-10-05,1,1.17,65.19,2026-09-24,1,1.18,62.995,2026-09-17,1,1.59,,,,,,0,0,1.23,-4.29,0,0,0
GILD,GILD,Aktie,GILD,0,Yahoo,GILD,,2026-10-06,144.23,145.11,146.14,142.5982,3.4616,42.7,144.2588,135.543,0,1,0,0,1,0,154.2,0.0,10,5.9,1,2026-09-25,148.02,1,2026-09-25,154.2,3.35,9,142.5982,2026-10-06,0,0.63,148.02,2026-09-25,1,0.9,148.22,2026-09-21,1,0.95,,,,,,0,0,-2.22,-3.07,0,0,0
GOOGL,GOOGL,Aktie,GOOGL,0,Yahoo,GOOGL,,2026-10-06,347.68,347.37,349.09,344.6805,8.8643,53.39,345.4453,329.4279,0,1,1,0,0,0,384.48,3.16,13,4.8,1,2026-09-24,336.02,1,2026-09-24,364.17,3.18,2,338.02,2026-09-29,1,0.79,336.02,2026-09-24,1,0.89,340.64,2026-09-16,1,0.79,,,,,,0,0,2.79,-3.76,0,0,0
GS,GS,Aktie,GS,0,Yahoo,GS,,2026-10-06,897.18,901.57,905.94,896.0,20.3229,31.87,980.0034,946.8664,0,1,1,0,1,1,1153.99,0.58,14,4.8,5,2026-07-17,881.0,4,2026-09-01,1153.99,13.43,55,886.88,2026-10-05,1,0.89,881.0,2026-10-01,1,1.21,914.68,2026-09-24,1,1.17,2026-10-02,1,1.29,0.95,rot,0,0,0.06,-3.75,0,0,0
HD,HD,Aktie,HD,0,Yahoo,HD,,2026-10-06,286.69,283.23,287.07,282.1345,6.3979,33.52,311.9623,335.4344,0,1,1,0,0,1,358.36,0.52,14,4.8,6,2026-08-18,277.15,6,2026-08-18,358.36,12.69,36,279.76,2026-10-05,1,0.83,277.15,2026-10-01,1,1.6,295.39,2026-09-21,1,1.38,,,,,,0,0,1.5,-3.19,0,0,0
HON,HON,Aktie,HON,0,Yahoo,HON,,2026-10-06,212.87,213.74,215.37,210.74,3.8693,50.04,217.0362,224.6112,0,1,0,0,1,1,252.0,3.25,9,7.1,4,2026-07-30,196.98,,,252.0,14.22,33,210.74,2026-10-06,0,0.83,209.02,2026-09-29,1,0.63,204.26,2026-09-18,1,2.41,,,,,,0,0,-0.43,-3.31,0,0,0
IBM,IBM,Aktie,IBM,0,Yahoo,IBM,,2026-10-06,221.29,222.71,224.5,221.0,5.8543,40.29,233.496,249.8484,0,1,1,0,1,1,251.82,0.39,13,5.1,2,2026-07-09,199.19,3,2026-09-16,311.8,19.24,12,220.3,2026-10-05,1,1.06,218.6,2026-09-30,1,0.83,228.35,2026-09-21,1,1.55,2026-10-01,2,2.39,0.65,rot,0,0,-1.92,-5.01,0,0,0
IDXX,IDXX,Aktie,IDXX,0,Yahoo,IDXX,,2026-10-06,515.41,529.14,530.25,512.54,12.2636,43.9,534.9703,567.1643,0,1,0,0,1,0,624.15,0.66,10,6.1,3,2026-08-06,500.61,,,624.15,10.07,27,512.54,2026-10-06,0,1.03,507.01,2026-09-25,1,0.65,501.98,2026-09-17,1,0.96,2026-09-29,4,1.98,1.03,rot,0,0,-0.45,-3.48,0,0,0
ILMN,ILMN,Aktie,ILMN,0,Yahoo,ILMN,,2026-10-06,273.54,301.58,309.345,271.5519,15.4667,62.79,228.7686,174.6356,0,1,0,0,1,0,309.345,1.58,10,6.7,1,2026-10-01,264.79,1,2026-10-01,280.17,0.99,1,264.79,2026-10-01,1,0.48,234.57,2026-09-22,1,0.72,200.01,2026-09-11,1,1.39,,,,,,0,0,2.94,-4.42,0,0,0
INTC,INTC,Aktie,INTC,0,Yahoo,INTC,,2026-10-06,112.5,117.06,118.2,112.1,6.5321,51.99,106.9688,85.8461,0,1,0,1,1,0,127.44,0.25,12,5.3,1,2026-09-29,113.97,1,2026-09-29,127.44,2.35,8,112.1,2026-10-06,0,0.91,113.97,2026-09-29,1,0.83,94.52,2026-09-14,1,1.05,,,,,,0,1,-6.25,-6.76,0,0,0
INTU,INTU,Aktie,INTU,0,Yahoo,INTU,,2026-10-06,289.81,286.06,291.255,284.88,11.1239,43.09,310.4255,391.327,0,1,1,0,0,0,372.98,5.38,14,4.3,3,2026-08-26,262.32,3,2026-08-26,372.98,9.95,24,262.32,2026-09-28,1,1.06,309.8,2026-09-10,1,0.66,339.32,2026-09-02,1,0.78,2026-09-14,15,7.19,0.95,gruen,0,0,2.49,-6.15,0,0,0
ISRG,ISRG,Aktie,ISRG,0,Yahoo,ISRG,,2026-10-06,404.76,406.13,409.29,402.0,11.1571,57.97,389.8881,430.5215,0,1,1,0,1,0,416.51,0.25,10,6.4,1,2026-10-05,389.11,1,2026-10-05,416.51,2.46,5,389.11,2026-10-05,1,0.69,391.92,2026-09-25,1,1.05,345.25,2026-09-10,1,1.53,2026-09-28,3,2.46,0.68,rot,0,0,0.88,-4.08,0,0,0
JNJ,JNJ,Aktie,JNJ,0,Yahoo,JNJ,,2026-10-06,254.78,254.15,255.48,251.17,4.8114,33.28,263.1962,240.9818,0,0,0,0,0,1,281.07,0.16,10,4.9,,,,,,,,,251.17,2026-10-06,0,0.82,265.04,2026-09-22,1,0.88,260.68,2026-09-15,1,0.85,2026-09-24,5,5.0,0.82,gruen,0,0,-1.5,-2.25,0,0,0
JPM,JPM,Aktie,JPM,0,Yahoo,JPM,,2026-10-06,331.28,332.73,333.79,330.93,5.8629,33.49,344.4093,325.6845,0,1,1,0,1,1,366.5,0.3,11,6.0,5,2026-08-21,325.87,4,2026-09-09,366.5,6.93,34,325.87,2026-10-01,1,0.99,335.28,2026-09-24,1,0.94,343.07,2026-09-15,1,2.42,,,,,,0,0,-0.57,-2.58,0,0,0
KDP,KDP,Aktie,KDP,0,Yahoo,KDP,,2026-10-06,31.13,30.98,31.415,30.81,0.8654,49.06,31.2054,30.2451,0,1,1,0,0,0,33.17,1.7,11,5.1,,,,,,,,,30.06,2026-09-30,0,1.22,30.56,2026-09-21,1,1.09,31.1,2026-09-15,1,1.34,,,,,,0,0,1.43,-3.18,0,0,0
KHC,KHC,Aktie,KHC,0,Yahoo,KHC,,2026-10-06,22.03,21.91,22.25,21.76,0.5441,25.65,24.2546,24.5317,0,1,0,0,0,1,28.09,0.34,11,4.9,1,2026-09-18,24.15,1,2026-09-18,25.2,6.32,13,21.76,2026-10-06,0,0.93,24.15,2026-09-18,1,1.19,23.75,2026-09-15,1,1.03,2026-09-17,12,6.32,0.93,gruen,0,0,-1.91,-3.86,0,0,0
KLAC,KLAC,Aktie,KLAC,0,Yahoo,KLAC,,2026-10-06,197.46,207.05,207.66,196.83,7.2657,56.68,191.6006,176.5449,0,1,0,1,1,0,237.72,0.66,11,4.6,,,,,,,,,196.83,2026-10-06,0,1.01,165.89,2026-09-16,1,0.73,174.18,2026-09-10,1,1.16,,,,,,0,1,-1.43,-5.64,0,0,0
KO,KO,Aktie,KO,0,Yahoo,KO,,2026-10-06,86.17,86.6,87.285,86.16,1.1525,42.04,86.9263,81.257,0,1,1,0,1,0,92.49,0.77,10,6.8,2,2026-09-21,85.13,2,2026-09-21,90.36,4.54,15,85.13,2026-10-05,1,1.34,87.12,2026-09-21,1,1.15,87.41,2026-09-09,1,0.84,,,,,,0,0,0.08,-2.15,0,0,0
LIN,LIN,Aktie,LIN,0,Yahoo,LIN,,2026-10-06,489.95,482.865,492.1,482.75,8.4486,64.12,480.8822,484.6036,0,1,1,0,0,0,531.62,5.24,13,4.9,1,2026-10-01,462.37,1,2026-10-01,480.56,2.15,1,462.37,2026-10-01,1,1.04,454.19,2026-09-18,1,2.43,459.58,2026-09-15,1,0.85,,,,,,0,0,4.37,-2.27,0,0,0
LRCX,LRCX,Aktie,LRCX,0,Yahoo,LRCX,,2026-10-06,333.89,345.8,346.9,330.85,12.9679,59.27,313.2434,273.6218,0,0,0,1,1,1,357.25,1.73,11,5.4,,,,,,,,,330.85,2026-10-06,0,0.81,305.5,2026-09-28,1,0.99,265.37,2026-09-15,1,1.13,,,,,,0,1,-1.83,-6.54,0,0,0
LULU,LULU,Aktie,LULU,0,Yahoo,LULU,,2026-10-06,93.61,93.3,94.59,92.24,3.3786,33.61,107.633,140.2646,0,1,1,0,0,1,128.86,0.21,12,5.6,2,2026-09-24,91.28,2,2026-09-24,104.24,3.84,8,91.28,2026-10-05,1,0.95,99.3,2026-09-24,1,0.49,95.35,2026-09-17,1,0.88,,,,,,0,0,-2.35,-6.34,0,0,0
MAR,MAR,Aktie,MAR,0,Yahoo,MAR,,2026-10-06,361.28,357.54,362.46,356.76,6.8236,61.04,352.6015,343.6419,0,1,1,0,0,1,384.23,0.6,12,5.5,1,2026-10-01,352.29,1,2026-10-01,364.09,1.73,2,354.69,2026-10-05,1,0.86,352.29,2026-10-01,1,0.69,347.6,2026-09-25,1,0.84,,,,,,0,0,1.83,-3.14,0,0,0
MCD,MCD,Aktie,MCD,0,Yahoo,MCD,,2026-10-06,232.45,233.345,234.3,231.7,4.4343,26.11,253.6404,279.558,0,1,1,0,1,0,278.7,1.6,9,6.9,5,2026-08-04,229.61,5,2026-08-17,278.7,11.07,46,229.61,2026-10-01,1,0.99,246.52,2026-09-21,1,1.32,252.15,2026-09-11,1,0.97,2026-09-22,9,5.16,0.91,rot,0,0,0.27,-2.44,0,0,0
MCHP,MCHP,Aktie,MCHP,0,Yahoo,MCHP,,2026-10-06,81.26,82.02,82.56,80.76,2.5707,62.71,77.5611,77.4451,0,1,1,0,1,0,88.65,1.77,15,4.2,1,2026-10-05,80.05,1,2026-10-05,83.4,1.3,1,80.05,2026-10-05,1,0.7,76.87,2026-10-01,1,0.83,73.13,2026-09-24,1,1.05,2026-10-02,1,1.3,0.7,rot,0,0,3.52,-5.87,0,0,0
MDB,MDB,Aktie,MDB,0,Yahoo,MDB,,2026-10-06,360.71,364.465,374.7897,359.5,28.5237,44.38,378.1996,343.9347,0,1,1,0,1,1,473.1,,8,8.1,3,2026-08-26,300.0,3,2026-08-26,473.1,6.07,30,336.36,2026-10-02,1,0.86,300.0,2026-09-28,1,8.79,354.11,2026-09-08,1,1.28,,,,,,0,0,2.55,-7.48,0,0,0
MDLZ,MDLZ,Aktie,MDLZ,0,Yahoo,MDLZ,,2026-10-06,59.62,58.25,59.96,58.25,1.1679,44.03,61.0146,60.7279,0,1,1,0,0,0,66.65,1.25,11,5.8,4,2026-08-04,57.35,3,2026-09-08,66.65,7.96,45,57.35,2026-10-01,1,0.93,60.1,2026-09-21,1,1.2,61.71,2026-09-15,1,0.78,2026-07-29,47,7.99,0.87,gruen,0,0,3.22,-2.8,0,0,0
MELI,MELI,Aktie,MELI,0,Yahoo,MELI,,2026-10-06,1857.99,1860.61,1878.99,1830.11,58.685,54.8,1826.6961,1871.7811,0,1,1,0,1,0,2066.0,1.88,13,4.9,3,2026-09-18,1668.4399,3,2026-09-18,2066.0,6.77,19,1668.4399,2026-10-01,1,1.12,1685.55,2026-09-28,1,0.94,1785.22,2026-09-18,1,2.55,,,,,,0,0,10.26,-4.89,0,0,0
META,META,Aktie,META,0,Yahoo,META,,2026-10-06,738.88,746.8,747.6,736.69,28.3572,63.01,659.286,636.411,0,1,1,0,1,0,779.82,1.29,7,8.3,,,,,,,,,713.19,2026-09-28,0,1.22,660.8,2026-09-18,1,1.53,556.1,2026-09-01,1,1.03,2026-09-24,6,2.35,0.51,rot,0,0,1.78,-4.71,0,0,0
MMM,MMM,Aktie,MMM,0,Yahoo,MMM,,2026-10-06,163.64,163.58,164.3,161.5,3.2443,41.47,168.1397,162.48,0,1,1,0,0,0,184.9,0.47,8,8.9,1,2026-10-05,159.92,1,2026-10-05,170.98,3.41,4,159.92,2026-10-05,1,0.77,160.27,2026-09-14,1,1.11,161.3,2026-09-10,1,1.09,2026-09-29,4,3.41,0.79,gruen,0,0,0.38,-3.39,0,0,0
MNST,MNST,Aktie,MNST,0,Yahoo,MNST,,2026-10-06,43.25,43.245,43.465,42.88,0.9736,45.55,44.5946,42.3141,0,0,1,0,0,0,50.17,1.49,10,6.3,2,2026-09-09,41.05,2,2026-09-21,49.24,8.41,24,41.05,2026-09-29,1,1.08,43.85,2026-09-21,1,1.06,44.23,2026-09-17,1,0.98,2026-09-22,9,3.9,0.72,gruen,0,0,2.63,-2.89,0,0,0
MRK,MRK,Aktie,MRK,0,Yahoo,MRK,,2026-10-06,141.94,140.13,142.155,139.75,3.5361,43.38,141.9683,124.2533,0,0,1,0,0,1,156.92,0.64,8,6.3,,,,,,,,,138.8,2026-10-05,0,0.96,142.32,2026-09-15,1,0.75,143.68,2026-09-11,1,0.78,2026-08-25,27,5.12,0.8,gruen,0,0,-1.3,-3.44,0,0,0
MRNA,MRNA,Aktie,MRNA,0,Yahoo,MRNA,,2026-10-06,187.46,202.13,212.19,186.64,15.9598,60.41,141.4488,82.5152,0,1,1,0,1,0,212.19,0.54,8,6.7,2,2026-09-30,183.28,2,2026-09-30,208.903,1.61,3,183.28,2026-10-02,1,0.7,184.58,2026-09-30,1,1.37,189.1,2026-09-28,1,0.84,,,,,,0,0,-0.78,-7.46,0,0,0
MRVL,MRVL,Aktie,MRVL,0,Yahoo,MRVL,,2026-10-06,287.01,271.255,301.27,267.26,13.5393,69.88,239.4394,185.5311,0,1,0,0,0,1,301.27,7.59,14,4.2,,,,,,,,,267.26,2026-10-06,0,2.95,248.14,2026-09-28,1,0.84,252.19,2026-09-24,1,0.62,,,,,,0,0,7.06,-7.41,0,0,0
MSFT,MSFT,Aktie,MSFT,0,Yahoo,MSFT,,2026-10-06,529.3,531.68,535.69,528.82,12.2114,67.94,486.725,450.7789,0,1,1,0,1,0,535.69,4.69,11,5.4,2,2026-09-02,486.0,1,2026-09-24,517.78,2.6,8,491.22,2026-09-24,1,0.77,491.1,2026-09-18,1,1.97,487.23,2026-09-16,1,0.81,,,,,,0,0,3.22,-3.74,0,0,0
MU,MU,Aktie,MU,0,Yahoo,MU,,2026-10-06,1045.5601,1064.48,1074.3101,1045.26,42.2514,53.94,987.2151,736.9281,0,0,0,1,1,1,1108.72,1.16,12,5.2,1,2026-10-01,1022.9,1,2026-10-01,1108.72,2.03,4,1045.26,2026-10-06,0,0.82,1022.9,2026-10-01,1,1.83,1044.0,2026-09-24,1,0.87,2026-10-02,1,1.48,0.82,rot,0,1,-4.72,-6.46,0,0,0
NFLX,NFLX,Aktie,NFLX,0,Yahoo,NFLX,,2026-10-06,68.69,67.51,68.78,67.31,1.8014,37.36,74.6145,84.4266,0,1,1,0,0,0,83.6,0.61,12,5.3,3,2026-09-10,66.54,3,2026-09-10,83.6,9.47,21,66.54,2026-10-05,1,1.03,70.11,2026-09-18,1,4.32,75.03,2026-09-10,1,0.71,,,,,,0,0,1.24,-4.23,0,0,0
NKE,NKE,Aktie,NKE,0,Yahoo,NKE,,2026-10-06,34.61,33.7,34.62,33.5,1.1921,35.54,38.1435,47.2148,0,1,1,0,0,0,44.98,0.41,13,4.8,9,2026-06-08,31.97,6,2026-08-27,47.65,13.15,88,31.97,2026-10-02,1,3.72,35.22,2026-09-25,1,1.18,35.35,2026-09-21,1,1.39,2026-09-28,4,3.94,1.08,gruen,0,0,-1.54,-4.68,0,0,0
NVDA,NVDA,Aktie,NVDA,0,Yahoo,NVDA,,2026-10-06,239.24,242.08,243.37,238.93,5.3679,67.16,220.9721,202.8488,0,1,1,0,1,0,243.37,,9,6.4,1,2026-09-29,227.03,1,2026-09-29,233.21,1.15,1,227.03,2026-09-29,1,0.89,221.09,2026-09-24,1,0.59,208.93,2026-09-14,1,1.04,,,,,,0,0,3.63,-4.48,0,0,0
NXPI,NXPI,Aktie,NXPI,0,Yahoo,NXPI,,2026-10-06,244.38,242.98,245.35,240.45,6.7214,59.67,239.0515,243.7533,0,1,1,0,0,1,289.78,5.0,15,4.2,1,2026-10-05,239.26,1,2026-10-05,248.86,1.43,1,239.26,2026-10-05,1,0.53,232.84,2026-09-30,1,0.74,229.36,2026-09-24,1,0.83,2026-10-02,1,1.43,0.49,gruen,0,0,2.17,-5.37,0,0,0
ODFL,ODFL,Aktie,ODFL,0,Yahoo,ODFL,,2026-10-06,178.02,179.535,180.9,177.02,4.5329,41.84,191.4237,195.2447,0,0,1,0,1,1,238.51,0.63,7,9.2,4,2026-07-20,169.65,,,238.51,15.19,45,176.17,2026-10-05,0,1.12,172.75,2026-10-01,1,0.97,172.65,2026-09-25,1,0.66,2026-10-02,1,1.49,0.94,rot,0,0,-0.04,-4.75,0,0,0
ON,ON,Aktie,ON,0,Yahoo,ON,,2026-10-06,86.31,86.88,86.91,85.22,3.1443,67.13,79.2615,79.0024,0,1,1,0,1,0,95.49,,12,4.7,1,2026-09-16,65.8,1,2026-09-16,76.19,3.3,3,71.79,2026-09-24,1,0.99,65.8,2026-09-16,1,2.26,68.79,2026-09-10,1,1.05,,,,,,0,0,7.78,-5.99,0,0,0
ORCL,ORCL,Aktie,ORCL,0,Yahoo,ORCL,,2026-10-06,144.77,143.93,146.9317,143.92,6.0816,51.08,146.0615,165.1487,0,1,1,0,0,1,170.7,4.43,12,4.8,3,2026-09-16,131.58,2,2026-09-24,170.7,6.43,14,131.58,2026-09-28,1,1.08,133.48,2026-09-24,1,1.78,144.4,2026-09-18,1,1.35,,,,,,0,0,4.85,-7.93,0,0,0
ORLY,ORLY,Aktie,ORLY,0,Yahoo,ORLY,,2026-10-06,85.14,83.45,85.34,83.45,1.785,45.5,87.0893,90.4021,0,1,1,0,0,1,94.12,0.34,14,4.4,6,2026-08-10,82.83,6,2026-08-10,94.12,6.32,32,83.01,2026-10-05,1,1.35,85.56,2026-09-25,1,0.64,82.83,2026-09-21,1,1.28,,,,,,0,0,0.13,-2.97,0,0,0
PANW,PANW,Aktie,PANW,0,Yahoo,PANW,,2026-10-06,419.91,412.91,432.325,412.0,16.7618,67.48,363.3279,283.6568,0,1,1,0,0,0,432.325,3.93,11,6.2,1,2026-10-05,399.17,1,2026-10-05,409.5,0.62,1,399.17,2026-10-05,1,0.71,387.02,2026-10-01,1,0.78,367.27,2026-09-28,1,0.85,,,,,,0,0,5.97,-5.66,0,0,0
PAYX,PAYX,Aktie,PAYX,0,Yahoo,PAYX,,2026-10-06,101.02,99.28,101.19,99.14,3.0357,31.62,111.3075,110.3879,0,1,1,0,0,0,127.98,1.59,13,5.0,3,2026-09-02,98.0,3,2026-09-02,127.92,9.86,21,98.5,2026-10-02,1,0.63,98.0,2026-09-29,1,1.18,114.51,2026-09-10,1,0.94,,,,,,0,0,0.18,-3.99,0,0,0
PCAR,PCAR,Aktie,PCAR,0,Yahoo,PCAR,,2026-10-06,109.32,109.18,110.325,108.71,2.4775,21.31,119.5035,118.2834,0,1,1,0,0,0,139.24,0.3,10,6.8,6,2026-08-04,108.04,6,2026-08-04,139.24,12.59,48,108.04,2026-10-05,1,0.8,119.77,2026-09-14,1,1.14,120.44,2026-09-09,1,0.98,2026-09-16,12,6.26,0.83,gruen,0,0,-0.56,-3.03,0,0,0
PDD,PDD,Aktie,PDD,0,Yahoo,PDD,,2026-10-06,78.4,77.73,78.42,76.73,1.7286,45.61,81.7253,92.9579,0,1,1,0,0,0,93.19,1.33,10,6.3,4,2026-08-14,74.72,3,2026-09-03,93.19,10.69,38,74.72,2026-10-02,1,1.06,77.36,2026-09-25,1,0.58,77.25,2026-09-11,1,0.99,2026-09-22,9,3.49,0.66,gruen,0,0,2.48,-4.66,0,0,0
PEP,PEP,Aktie,PEP,0,Yahoo,PEP,,2026-10-06,125.71,125.7,127.21,124.625,2.3132,25.36,134.8002,143.0084,0,1,1,0,0,1,145.9,0.59,13,5.1,4,2026-09-11,124.22,4,2026-09-11,141.71,7.56,22,124.22,2026-10-05,1,0.96,126.42,2026-09-29,1,0.93,127.98,2026-09-21,1,1.39,2026-09-30,3,2.49,1.07,gruen,0,0,0.09,-2.84,0,0,0
PG,PG,Aktie,PG,0,Yahoo,PG,,2026-10-06,148.41,148.02,149.68,147.06,2.3186,56.2,146.2166,148.2229,0,1,1,0,0,0,154.32,1.67,14,4.5,1,2026-07-29,140.2,1,2026-10-01,153.68,5.81,1,143.4,2026-10-01,1,0.92,145.49,2026-09-18,1,1.48,143.92,2026-09-15,1,0.93,,,,,,0,0,3.1,-2.73,0,0,0
PLTR,PLTR,Aktie,PLTR,0,Yahoo,PLTR,,2026-10-06,192.07,191.0,194.56,190.25,5.5512,64.32,172.5286,155.0715,0,1,1,0,0,1,194.78,3.96,16,4.1,1,2026-10-05,187.63,1,2026-10-05,194.78,1.29,1,187.63,2026-10-05,1,0.77,184.81,2026-09-29,1,0.57,172.0,2026-09-18,1,1.39,,,,,,0,0,1.07,-7.27,0,0,0
PYPL,PYPL,Aktie,PYPL,0,Yahoo,PYPL,,2026-10-06,54.61,54.295,54.875,54.0,1.4274,51.83,54.1647,53.5806,0,1,1,0,0,0,62.73,1.52,9,7.4,2,2026-08-31,50.802,1,2026-09-30,62.73,8.36,14,52.295,2026-09-30,1,0.69,51.811,2026-09-23,1,0.83,50.802,2026-09-10,1,0.9,2026-09-25,4,2.28,0.59,gruen,0,0,2.92,-4.52,0,0,0
QCOM,QCOM,Aktie,QCOM,0,Yahoo,QCOM,,2026-10-06,181.03,182.03,183.09,179.3311,8.6013,49.15,179.4,173.1709,0,0,0,0,1,1,205.85,0.6,13,4.4,1,2026-10-01,181.77,1,2026-10-01,205.85,3.08,7,179.3311,2026-10-06,0,0.54,181.77,2026-10-01,1,0.74,191.75,2026-09-24,1,0.63,2026-10-02,1,1.12,0.54,rot,0,0,-0.58,-5.29,0,0,0
REGN,REGN,Aktie,REGN,0,Yahoo,REGN,,2026-10-06,738.72,734.61,740.51,727.155,21.1407,38.25,766.0916,723.1422,0,1,1,0,0,1,859.34,1.21,11,5.7,3,2026-09-15,722.02,3,2026-09-15,859.34,6.5,21,722.02,2026-10-05,1,0.92,741.83,2026-09-29,1,1.1,769.57,2026-09-15,1,0.86,2026-10-01,1,2.62,0.81,gruen,0,0,0.53,-4.19,0,0,0
ROP,ROP,Aktie,ROP,0,Yahoo,ROP,,2026-10-06,362.28,360.98,364.34,359.078,8.8573,41.89,376.9189,388.9963,0,1,1,0,0,0,429.6,0.87,12,5.2,3,2026-09-11,347.45,3,2026-09-11,429.6,9.27,17,347.45,2026-09-29,1,0.71,360.65,2026-09-22,1,1.41,383.71,2026-09-11,1,0.86,2026-09-24,7,2.85,0.64,gruen,0,0,-0.09,-3.66,0,0,0
ROST,ROST,Aktie,ROST,0,Yahoo,ROST,,2026-10-06,224.21,224.89,226.95,221.765,4.9639,37.66,232.4869,216.0517,0,0,0,1,1,1,257.0,0.18,7,7.5,,,,,,,,,221.765,2026-10-06,0,1.44,222.15,2026-09-16,1,0.78,222.73,2026-09-10,1,0.48,2026-09-28,4,3.62,1.44,rot,0,1,-4.22,-2.87,1,0,0
SBUX,SBUX,Aktie,SBUX,0,Yahoo,SBUX,,2026-10-06,96.11,94.0,96.7311,93.8101,1.8715,42.78,99.8998,99.037,0,1,1,0,0,1,110.51,0.54,11,6.2,2,2026-08-20,92.76,2,2026-09-01,110.51,9.48,29,93.55,2026-10-05,1,1.25,93.77,2026-10-01,1,0.74,92.76,2026-09-24,1,1.09,,,,,,0,0,1.3,-3.71,0,0,0
SHW,SHW,Aktie,SHW,0,Yahoo,SHW,,2026-10-06,321.16,320.36,322.845,318.19,7.6825,43.03,330.7849,333.8336,0,1,1,0,0,1,372.16,0.23,11,6.2,1,2026-10-01,313.26,1,2026-10-01,336.54,3.03,2,315.64,2026-10-05,1,0.77,313.26,2026-10-01,1,0.95,316.57,2026-09-24,1,1.51,2026-10-02,1,1.39,0.78,gruen,0,0,0.12,-3.58,0,0,0
SNPS,SNPS,Aktie,SNPS,0,Yahoo,SNPS,,2026-10-06,505.17,489.26,507.5,486.5,19.9786,76.28,423.8396,440.9222,0,0,1,0,0,1,508.38,2.26,10,6.4,1,2026-09-29,403.33,1,2026-09-29,445.92,2.13,2,403.33,2026-09-29,1,0.86,362.55,2026-09-15,1,1.57,410.52,2026-09-02,1,0.76,,,,,,0,0,2.98,-5.46,0,0,0
SPGI,SPGI,Aktie,SPGI,0,Yahoo,SPGI,,2026-10-06,396.13,392.865,398.805,392.6,8.0125,41.75,411.4185,425.2118,0,1,1,0,0,0,462.02,1.08,11,6.0,1,2026-02-12,361.0312,4,2026-09-11,522.4692,20.15,19,382.21,2026-10-02,1,1.43,388.57,2026-09-29,1,1.84,400.83,2026-09-18,1,1.31,,,,,,0,0,2.05,-3.42,0,0,0
TEAM,TEAM,Aktie,TEAM,0,Yahoo,TEAM,,2026-10-06,193.98,199.078,199.08,190.96,9.152,59.0,166.9577,134.9264,0,1,1,0,1,0,200.0,2.21,12,5.2,1,2026-09-29,168.05,1,2026-09-29,200.0,3.49,5,168.05,2026-09-29,1,1.38,185.0,2026-09-16,1,0.67,174.21,2026-09-09,1,0.84,,,,,,0,0,2.14,-8.79,0,0,0
TMUS,TMUS,Aktie,TMUS,0,Yahoo,TMUS,,2026-10-06,165.93,164.6225,166.06,163.02,4.2186,42.04,174.4837,191.2452,0,1,1,0,0,0,198.86,4.05,12,5.5,3,2026-09-10,160.81,3,2026-09-10,189.87,6.89,20,160.81,2026-10-02,1,0.66,161.14,2026-09-23,1,1.67,174.65,2026-09-10,1,1.18,,,,,,0,0,2.6,-4.03,0,0,0
TRV,TRV,Aktie,TRV,0,Yahoo,TRV,,2026-10-06,360.64,360.04,363.02,359.47,6.2786,42.93,362.9027,329.0568,0,1,1,0,0,0,398.7,0.72,9,7.4,2,2026-08-20,353.79,1,2026-10-01,398.7,7.15,46,357.61,2026-10-05,1,0.66,353.79,2026-10-01,1,0.9,359.87,2026-09-09,1,0.98,,,,,,0,0,-0.28,-2.26,0,0,0
TSLA,TSLA,Aktie,TSLA,0,Yahoo,TSLA,,2026-10-06,380.68,382.04,383.33,378.52,11.6729,59.65,363.2554,377.3459,0,1,1,0,1,0,406.59,5.29,9,5.5,1,2026-07-29,297.38,1,2026-09-30,432.86,11.61,19,345.88,2026-09-30,1,1.02,360.75,2026-09-18,1,1.32,354.05,2026-09-15,1,0.78,,,,,,0,0,7.5,-5.55,0,0,0
TTD,TTD,Aktie,TTD,0,Yahoo,TTD,,2026-10-06,11.92,12.035,12.12,11.87,0.468,29.68,14.3873,23.784,0,1,1,0,1,0,19.99,0.86,10,6.8,4,2026-07-14,11.74,1,2026-10-05,20.535,18.79,59,11.74,2026-10-05,1,0.95,13.71,2026-09-09,1,0.83,13.37,2026-09-01,1,0.54,2026-09-15,14,7.62,0.52,rot,0,0,-1.49,-8.08,0,0,0
TTWO,TTWO,Aktie,TTWO,0,Yahoo,TTWO,,2026-10-06,202.53,203.27,205.01,201.7,5.2993,37.37,218.5992,225.8062,0,1,1,0,1,0,256.62,0.74,14,4.1,2,2026-09-21,199.46,2,2026-09-21,224.26,4.68,10,200.44,2026-10-01,0,1.06,199.46,2026-09-28,1,0.73,204.0,2026-09-21,1,0.93,2026-09-30,3,1.83,0.83,rot,0,0,-0.54,-3.66,0,0,0
TXN,TXN,Aktie,TXN,0,Yahoo,TXN,,2026-10-06,297.23,295.5,298.75,294.275,7.3646,72.29,275.0389,254.3941,0,1,1,0,0,0,312.01,3.99,13,4.8,1,2026-10-01,278.09,1,2026-10-01,284.39,0.86,2,278.09,2026-10-01,1,0.63,257.1,2026-09-17,1,1.24,256.78,2026-09-14,1,1.26,,,,,,0,0,5.66,-4.61,0,0,0
UNH,UNH,Aktie,UNH,0,Yahoo,UNH,,2026-10-06,376.32,379.03,380.41,373.7,7.5443,45.42,387.3126,373.259,0,1,1,0,1,0,461.62,0.66,11,5.5,2,2026-09-23,362.6,2,2026-09-23,381.39,2.49,7,362.6,2026-10-01,1,0.76,366.0,2026-09-23,1,0.77,372.42,2026-09-18,1,1.81,,,,,,0,0,3.04,-3.81,0,0,0
V,V,Aktie,V,0,Yahoo,V,,2026-10-06,370.64,368.79,371.84,368.15,5.8643,54.01,364.9218,346.9724,0,1,1,0,0,0,385.57,2.34,6,12.0,4,2026-08-27,356.75,4,2026-08-27,385.57,4.91,26,356.75,2026-10-02,1,0.65,365.52,2026-09-10,1,0.59,372.22,2026-09-01,1,0.86,2026-08-26,27,4.91,0.58,gruen,0,0,3.0,-2.63,0,0,0
VRSK,VRSK,Aktie,VRSK,0,Yahoo,VRSK,,2026-10-06,165.2,163.04,165.965,162.655,4.4014,36.41,178.6236,195.0564,0,1,1,0,0,1,226.08,1.89,12,5.5,4,2026-09-02,161.51,4,2026-09-02,197.21,8.11,23,161.51,2026-10-05,1,0.84,163.29,2026-09-29,1,1.36,171.79,2026-09-09,1,1.06,2026-10-01,2,2.23,0.68,gruen,0,0,-1.89,-4.76,0,0,0
VRTX,VRTX,Aktie,VRTX,0,Yahoo,VRTX,,2026-10-06,502.31,505.0,507.41,496.325,11.8482,37.68,513.5687,480.9331,0,1,1,0,1,1,560.25,0.0,9,7.1,2,2026-09-29,496.15,2,2026-09-29,529.89,2.85,5,496.15,2026-10-05,1,0.91,519.25,2026-09-29,1,0.67,501.01,2026-09-21,1,0.91,,,,,,0,0,-0.87,-3.48,0,0,0
VZ,VZ,Aktie,VZ,0,Yahoo,VZ,,2026-10-06,45.98,45.97,45.98,45.29,0.8786,35.57,47.6227,46.356,0,0,0,0,0,1,51.67,0.7,13,4.8,3,2026-09-18,45.73,3,2026-09-18,51.67,7.26,15,45.29,2026-10-06,0,0.98,45.73,2026-09-30,1,0.94,46.16,2026-09-23,1,0.98,2026-10-02,1,1.25,0.98,gruen,0,0,0.0,-2.9,0,0,0
WBD,WBD,Aktie,WBD,0,Yahoo,WBD,,2026-10-05,30.95,30.95,30.99,30.94,0.3643,75.22,28.807,26.2964,0,1,1,0,0,1,30.99,3.52,9,5.2,4,2026-09-01,27.74,4,2026-09-01,28.99,3.43,15,27.74,2026-09-18,1,2.54,27.84,2026-09-15,1,0.97,27.91,2026-09-09,1,0.55,,,,,,0,0,0.0,-2.79,0,0,1
WDAY,WDAY,Aktie,WDAY,0,Yahoo,WDAY,,2026-10-06,186.55,189.04,189.895,184.08,7.2889,47.59,182.3061,171.7332,0,0,1,0,1,0,227.49,0.73,6,4.8,1,2026-08-12,173.17,1,2026-08-12,185.82,1.74,2,173.17,2026-08-12,1,1.03,163.05,2026-08-06,1,0.79,149.54,2026-07-30,1,1.49,,,,,,0,0,-0.11,-6.83,0,0,0
WMT,WMT,Aktie,WMT,0,Yahoo,WMT,,2026-10-06,107.2,104.6,107.55,104.5,2.2121,50.08,108.7684,113.1946,0,1,1,0,0,0,118.09,1.24,14,4.7,4,2026-06-02,102.15,3,2026-09-25,135.16,14.92,65,103.39,2026-10-05,1,0.86,103.59,2026-10-01,1,1.02,106.45,2026-09-25,1,0.84,,,,,,0,0,2.82,-3.14,0,0,0
XEL,XEL,Aktie,XEL,0,Yahoo,XEL,,2026-10-06,72.73,71.635,72.78,71.37,1.2457,48.69,74.6617,77.0091,0,1,1,0,0,0,82.57,4.19,10,6.6,3,2026-08-07,68.72,1,2026-09-25,82.06,10.71,44,69.5,2026-10-01,1,0.68,68.72,2026-09-25,1,1.27,75.45,2026-09-04,1,0.76,,,,,,0,0,3.09,-2.56,0,0,0
ZS,ZS,Aktie,ZS,0,Yahoo,ZS,,2026-10-06,212.25,210.4,215.46,205.02,9.6099,63.64,182.8971,179.999,0,1,1,0,0,0,216.97,2.71,13,4.8,1,2026-09-28,187.671,1,2026-09-28,216.97,3.05,2,195.11,2026-10-02,1,0.46,187.671,2026-09-28,1,0.98,187.45,2026-09-16,1,0.99,,,,,,0,0,6.78,-6.29,0,0,0
ABBV,ABBV,Aktie,ABBV,0,Yahoo,ABBV,,2026-10-06,266.69,267.74,268.6999,260.6197,5.0993,59.72,257.5182,237.2146,0,1,1,0,1,0,269.39,2.16,9,7.0,2,2026-09-25,257.87,2,2026-09-25,269.39,2.26,7,257.87,2026-10-02,1,1.42,262.59,2026-09-25,1,0.61,246.77,2026-09-09,1,0.89,,,,,,0,0,2.6,-3.2,0,0,0
ABT,ABT,Aktie,ABT,0,Yahoo,ABT,,2026-10-06,98.16,100.56,100.95,97.94,2.2157,36.22,103.1339,105.9212,0,1,1,0,1,0,117.34,0.77,9,7.0,1,2026-10-02,95.06,1,2026-10-02,104.54,4.28,8,95.06,2026-10-02,1,1.01,100.33,2026-09-17,1,1.1,101.47,2026-09-15,1,0.92,,,,,,0,0,1.52,-3.36,0,0,0
ACN,ACN,Aktie,ACN,0,Yahoo,ACN,,2026-10-06,193.4,195.43,196.16,192.5848,9.9439,55.17,180.6937,195.0172,0,0,0,1,1,1,227.63,1.7,13,4.8,,,,,,,,,192.5848,2026-10-06,0,0.88,172.11,2026-09-29,1,1.31,180.7,2026-09-18,1,2.59,2026-10-01,2,3.52,0.88,rot,0,1,-8.9,-5.51,1,0,0
AMT,AMT,Aktie,AMT,0,Yahoo,AMT,,2026-10-06,164.78,162.86,165.24,162.42,3.4893,39.4,171.5957,178.149,0,1,1,0,0,0,180.98,1.4,16,4.1,3,2026-09-18,160.3,3,2026-09-18,179.8,5.59,13,160.3,2026-10-05,1,0.93,166.42,2026-09-25,1,0.81,172.82,2026-09-18,1,1.73,,,,,,0,0,2.31,-3.33,0,0,0
BAC,BAC,Aktie,BAC,0,Yahoo,BAC,,2026-10-06,54.09,54.27,54.455,53.88,0.9489,25.46,58.628,55.8566,0,1,1,0,1,1,65.23,1.01,11,6.0,2,2026-09-23,52.89,2,2026-09-23,63.83,11.53,14,52.89,2026-10-01,1,1.62,55.74,2026-09-23,1,0.99,61.43,2026-09-09,1,1.23,,,,,,0,0,0.67,-3.21,0,0,0
BLK,BLK,Aktie,BLK,0,Yahoo,BLK,,2026-10-06,1079.42,1079.01,1086.45,1069.42,23.36,49.27,1085.8853,1067.4992,0,1,1,0,0,0,1187.17,1.5,13,5.2,1,2026-10-05,1040.42,1,2026-10-05,1089.37,2.1,1,1040.42,2026-10-05,1,1.16,1053.14,2026-10-01,1,0.98,1053.49,2026-09-24,1,0.85,2026-09-22,9,2.47,1.0,gruen,0,0,1.41,-3.46,0,0,0
BMY,BMY,Aktie,BMY,0,Yahoo,BMY,,2026-10-06,59.59,58.94,59.595,58.6513,1.4467,34.88,62.8709,59.2668,0,0,1,0,0,1,68.64,0.18,14,4.3,,,,,,,,,58.33,2026-10-05,0,1.6,61.95,2026-09-29,1,1.43,60.6,2026-09-24,1,1.5,2026-09-30,3,4.01,0.78,gruen,0,0,-3.04,-3.76,0,0,0
BNY,BNY,Aktie,BNY,0,Yahoo,BNY,,2026-10-06,143.73,144.11,144.84,142.76,2.7086,25.9,153.2647,139.1152,0,0,0,0,1,1,165.84,0.17,11,6.0,3,2026-09-09,140.91,3,2026-09-09,165.84,9.2,18,142.76,2026-10-06,0,0.57,140.91,2026-10-01,1,1.63,151.78,2026-09-18,1,2.79,,,,,,0,0,-0.13,-2.48,0,0,0
BRK-B,BRK-B,Aktie,BRK-B,0,Yahoo,BRK-B,,2026-10-06,505.54,504.335,508.52,503.81,5.6529,50.52,504.146,496.427,0,1,1,0,0,0,537.74,2.21,13,4.8,2,2026-09-22,495.96,2,2026-09-22,523.74,4.91,11,495.96,2026-10-01,1,1.0,502.24,2026-09-25,1,0.62,501.41,2026-09-22,1,1.02,2026-09-16,13,4.91,0.69,gruen,0,0,1.01,-1.86,0,0,0
C,C,Aktie,C,0,Yahoo,C,,2026-10-06,128.52,129.32,130.07,127.955,2.9096,39.39,133.0667,124.8161,0,1,0,0,1,1,144.29,0.43,13,5.0,3,2026-09-14,123.57,3,2026-09-14,141.27,6.08,14,123.57,2026-10-01,1,1.42,130.62,2026-09-24,1,0.89,130.31,2026-09-17,1,1.32,,,,,,0,0,1.2,-3.5,0,0,0
CL,CL,Aktie,CL,0,Yahoo,CL,,2026-10-06,87.25,86.55,88.05,86.23,1.3779,49.77,88.4168,88.3707,0,1,1,0,0,0,95.93,0.61,12,5.5,6,2026-08-04,83.99,6,2026-08-04,95.46,8.32,47,83.99,2026-10-02,1,1.22,85.05,2026-09-25,1,0.66,86.03,2026-09-21,1,1.52,,,,,,0,0,3.22,-2.67,0,0,0
COF,COF,Aktie,COF,0,Yahoo,COF,,2026-10-06,195.82,196.22,197.915,195.58,4.1482,37.46,205.0182,204.6863,0,1,1,0,1,0,228.14,4.36,11,6.0,4,2026-09-10,189.78,4,2026-09-10,221.1,7.55,19,189.78,2026-10-01,1,1.05,193.71,2026-09-24,1,1.07,200.28,2026-09-18,1,2.5,2026-09-25,5,2.87,0.97,rot,0,0,0.69,-4.36,0,0,0
COP,COP,Aktie,COP,0,Yahoo,COP,,2026-10-06,129.35,128.19,130.07,127.78,2.9171,50.54,127.4536,117.0421,0,1,1,0,0,0,141.62,1.5,10,6.2,2,2026-09-22,123.46,2,2026-09-22,141.62,6.23,10,123.46,2026-09-29,1,1.08,124.47,2026-09-22,1,1.32,132.57,2026-09-04,1,0.82,2026-09-24,7,2.57,0.85,gruen,0,0,1.8,-3.78,0,0,0
CVS,CVS,Aktie,CVS,0,Yahoo,CVS,,2026-10-06,86.43,86.8,87.08,85.525,1.9732,37.63,92.6105,88.9306,0,0,0,0,1,0,110.68,0.87,10,6.6,2,2026-09-24,84.23,2,2026-09-24,98.5,7.23,20,85.525,2026-10-06,0,1.33,84.23,2026-10-01,1,0.86,84.5,2026-09-24,1,1.06,,,,,,0,0,1.44,-3.46,0,0,0
DE,DE,Aktie,DE,0,Yahoo,DE,,2026-10-06,682.79,684.1,692.8299,680.12,16.4043,54.03,657.2621,595.6276,0,1,1,0,1,1,721.22,0.45,11,6.0,1,2026-10-01,644.06,1,2026-10-01,721.22,4.7,6,644.06,2026-10-01,1,1.21,665.45,2026-09-16,1,0.6,668.0,2026-09-14,1,0.72,2026-09-23,8,4.7,0.61,rot,0,0,2.33,-3.32,0,0,0
DHR,DHR,Aktie,DHR,0,Yahoo,DHR,,2026-10-06,215.61,223.5,227.61,215.09,6.7021,51.04,209.8976,202.101,0,1,1,0,1,0,228.38,0.49,6,11.8,1,2026-10-01,211.18,1,2026-10-01,228.38,2.57,3,211.18,2026-10-01,1,1.26,199.09,2026-09-14,1,1.07,199.49,2026-08-18,1,0.36,,,,,,0,0,1.82,-3.45,0,0,0
DUK,DUK,Aktie,DUK,0,Yahoo,DUK,,2026-10-06,115.66,114.43,115.74,114.06,1.4471,43.25,119.2125,122.6944,0,1,1,0,0,1,132.65,0.65,13,5.0,2,2026-08-31,112.52,1,2026-10-05,125.66,9.08,27,113.29,2026-10-05,1,1.02,112.61,2026-10-01,1,1.19,112.52,2026-09-25,1,0.98,,,,,,0,0,1.69,-2.07,0,0,0
EMR,EMR,Aktie,EMR,0,Yahoo,EMR,,2026-10-06,161.4,163.25,165.24,161.175,3.7675,61.68,153.2911,144.8691,0,1,1,0,1,0,166.35,1.12,10,6.7,1,2026-10-01,153.1,1,2026-10-01,160.29,1.91,2,153.1,2026-10-01,1,1.41,144.4,2026-09-16,1,1.2,146.51,2026-09-10,1,1.19,,,,,,0,0,1.78,-3.76,0,0,0
FDX,FDX,Aktie,FDX,0,Yahoo,FDX,,2026-10-06,289.03,289.55,290.265,287.05,6.2375,37.91,306.7236,292.4059,0,0,1,0,1,1,341.69,0.69,8,8.4,5,2026-08-24,279.23,5,2026-08-24,341.69,10.01,29,283.99,2026-10-01,1,1.04,279.23,2026-09-25,1,1.26,299.38,2026-09-16,1,1.12,,,,,,0,0,0.68,-3.27,0,0,0
GD,GD,Aktie,GD,0,Yahoo,GD,,2026-10-06,331.33,329.89,332.78,327.64,6.0657,24.12,356.3583,351.8059,0,0,1,0,0,0,400.0,0.69,7,7.2,2,2026-07-30,352.19,1,2026-09-09,400.0,11.97,47,327.42,2026-10-05,0,1.06,352.19,2026-09-09,1,1.01,389.79,2026-08-17,1,0.67,2026-09-17,12,5.77,1.03,gruen,0,0,-0.42,-2.57,0,0,0
GE,GE,Aktie,GE,0,Yahoo,GE,,2026-10-06,309.39,306.5,310.85,304.0,7.505,36.57,330.383,321.3044,0,1,0,0,0,1,388.84,0.51,11,5.4,3,2026-08-24,306.8,1,2026-09-28,375.58,9.54,34,304.0,2026-10-06,0,0.77,315.24,2026-09-28,1,0.99,315.48,2026-09-24,1,0.88,2026-09-29,4,2.68,0.77,gruen,0,0,-0.96,-3.82,0,0,0
GEV,GEV,Aktie,GEV,0,Yahoo,GEV,,2026-10-06,1029.21,1001.35,1052.78,995.05,33.1956,64.96,970.0817,903.833,0,1,1,0,0,0,1140.99,5.23,10,5.9,1,2026-10-01,942.0,1,2026-10-01,973.41,0.95,2,942.0,2026-10-01,1,1.4,921.53,2026-09-24,1,0.74,868.25,2026-09-14,1,1.66,,,,,,0,0,4.23,-4.79,0,0,0
GM,GM,Aktie,GM,0,Yahoo,GM,,2026-10-06,82.01,81.43,82.15,80.69,2.8057,48.5,83.1578,78.6108,0,1,1,0,0,0,91.85,1.07,13,5.0,1,2026-10-01,76.44,1,2026-10-01,87.86,4.07,10,76.44,2026-10-01,1,1.12,83.47,2026-09-16,1,1.09,82.86,2026-09-10,1,1.12,2026-07-29,47,5.49,0.66,gruen,0,0,3.4,-3.43,0,0,0
HONA,HONA,Aktie,HONA,0,Yahoo,HONA,,2026-10-06,157.39,156.19,159.07,154.95,4.8871,49.16,169.0316,190.1975,0,1,1,0,0,0,222.54,1.26,13,4.8,1,2026-09-29,151.39,1,2026-10-05,170.32,3.87,6,152.2,2026-10-05,1,0.62,152.26,2026-10-01,1,0.63,151.39,2026-09-29,1,0.6,,,,,,0,0,2.15,-8.87,0,0,0
LLY,LLY,Aktie,LLY,0,Yahoo,LLY,,2026-10-06,1157.49,1147.15,1177.0649,1139.98,32.2896,48.42,1161.807,1078.4728,0,1,1,0,0,1,1292.65,0.54,11,5.6,1,2026-10-02,1136.66,1,2026-10-02,1215.0,2.43,2,1136.66,2026-10-02,1,0.9,1113.29,2026-09-11,1,0.74,1113.55,2026-09-08,1,0.96,2026-09-30,3,2.43,0.95,gruen,0,0,0.66,-4.52,0,0,0
LMT,LMT,Aktie,LMT,0,Yahoo,LMT,,2026-10-06,510.12,509.0,510.87,504.1801,10.77,35.7,536.7444,541.0374,0,1,1,0,0,0,612.75,0.56,8,8.4,4,2026-08-25,498.55,4,2026-08-25,612.75,10.6,32,498.55,2026-10-02,1,0.88,521.87,2026-09-11,1,0.93,524.03,2026-09-04,1,0.95,2026-09-17,10,4.09,0.69,gruen,0,0,0.91,-3.58,0,0,0
LOW,LOW,Aktie,LOW,0,Yahoo,LOW,,2026-10-06,183.67,179.74,184.2,179.7198,4.2964,34.21,199.8498,221.2393,0,1,1,0,0,1,225.79,0.2,13,4.9,6,2026-09-02,178.45,6,2026-09-02,225.79,11.02,32,178.45,2026-10-05,1,0.84,179.21,2026-10-01,1,1.34,188.22,2026-09-21,1,1.14,,,,,,0,0,0.71,-3.52,0,0,0
MA,MA,Aktie,MA,0,Yahoo,MA,,2026-10-06,566.58,563.5,568.925,562.14,9.3825,50.94,562.0035,543.046,0,1,1,0,0,0,601.23,0.9,13,5.0,5,2026-08-27,545.41,5,2026-08-27,601.23,5.95,27,545.41,2026-10-02,1,0.89,561.9,2026-09-18,1,2.18,563.17,2026-09-10,1,0.69,,,,,,0,0,3.01,-3.0,0,0,0
MDT,MDT,Aktie,MDT,0,Yahoo,MDT,,2026-10-06,87.09,87.97,88.5,86.445,1.9111,40.52,88.8489,88.2273,0,1,1,0,1,0,95.41,0.64,11,5.9,3,2026-09-11,85.22,3,2026-09-11,95.41,5.33,21,85.22,2026-10-01,1,2.55,87.12,2026-09-25,1,1.35,90.26,2026-09-11,1,0.68,,,,,,0,0,0.75,-2.69,0,0,0
MO,MO,Aktie,MO,0,Yahoo,MO,,2026-10-06,68.55,67.7,68.79,67.6,1.24,50.3,68.7822,67.4985,0,1,1,0,0,0,77.06,1.68,13,5.0,4,2026-09-15,65.78,4,2026-09-15,71.05,4.25,15,65.78,2026-10-05,1,1.18,68.06,2026-09-25,1,0.62,68.22,2026-09-22,1,0.64,2026-09-14,15,4.25,0.86,gruen,0,0,2.39,-2.77,0,0,0
MS,MS,Aktie,MS,0,Yahoo,MS,,2026-10-06,191.02,191.01,193.14,190.552,4.0986,31.84,204.9721,194.0982,0,1,1,0,0,1,232.25,0.54,14,4.8,5,2026-08-14,182.47,3,2026-09-15,222.0,9.64,34,187.58,2026-10-05,1,0.77,182.47,2026-10-01,1,1.85,200.26,2026-09-17,1,1.07,,,,,,0,0,1.6,-3.45,0,0,0
NEE,NEE,Aktie,NEE,0,Yahoo,NEE,,2026-10-06,77.88,77.0,78.035,76.34,1.3111,41.81,81.6434,84.6924,0,1,1,0,0,1,90.99,1.98,10,6.8,4,2026-08-07,74.78,1,2026-09-29,90.99,12.36,44,75.89,2026-10-05,1,1.02,74.78,2026-09-29,1,0.95,83.23,2026-09-04,1,1.05,,,,,,0,0,2.0,-2.73,0,0,0
NOW,NOW,Aktie,NOW,0,Yahoo,NOW,,2026-10-06,137.97,138.46,140.6,136.18,5.3343,54.31,129.7264,126.3275,0,1,1,0,1,0,149.6,4.13,13,5.0,2,2026-09-18,126.75,2,2026-09-18,147.57,3.9,9,133.47,2026-10-02,1,0.72,126.75,2026-09-28,1,0.82,135.07,2026-09-18,1,1.24,2026-08-31,23,4.28,0.82,rot,0,0,0.15,-6.6,0,0,0
PFE,PFE,Aktie,PFE,0,Yahoo,PFE,,2026-10-06,27.5,27.48,27.71,27.2,0.4986,43.61,27.4366,26.3981,0,0,1,0,0,1,29.21,0.18,11,5.4,,,,,,,,,27.12,2026-10-05,0,1.02,28.26,2026-09-29,1,0.99,28.17,2026-09-25,1,0.82,2026-09-30,3,3.67,0.73,gruen,0,0,-2.2,-3.13,0,0,0
PM,PM,Aktie,PM,0,Yahoo,PM,,2026-10-06,190.4,189.71,192.049,189.01,4.2542,50.99,188.8884,179.6082,0,1,1,0,0,0,207.76,0.87,14,4.6,2,2026-09-21,184.11,1,2026-10-05,195.49,2.67,13,184.11,2026-10-05,1,1.19,187.31,2026-09-25,1,0.88,185.84,2026-09-21,1,1.41,2026-09-30,3,2.61,0.93,gruen,0,0,1.18,-3.37,0,0,0
RTX,RTX,Aktie,RTX,0,Yahoo,RTX,,2026-10-06,183.29,183.55,184.6,182.411,3.4021,22.24,197.3196,190.919,0,0,0,0,1,0,226.88,0.0,9,6.4,5,2026-08-13,187.04,5,2026-08-13,226.88,13.07,40,182.411,2026-10-06,0,1.07,187.04,2026-09-22,1,1.2,191.18,2026-09-18,1,2.62,2026-09-23,8,3.72,1.07,rot,0,0,-0.93,-2.76,0,0,0
SCHW,SCHW,Aktie,SCHW,0,Yahoo,SCHW,,2026-10-06,96.8,98.41,98.78,96.74,2.2214,32.62,103.0516,98.5989,0,1,1,0,1,0,114.53,0.53,10,6.3,5,2026-08-26,96.32,5,2026-08-26,114.53,8.2,28,96.32,2026-10-02,1,0.91,98.06,2026-09-24,1,0.99,103.5,2026-09-17,1,0.96,2026-09-25,6,1.93,0.66,rot,0,0,-1.6,-2.72,0,0,0
SO,SO,Aktie,SO,0,Yahoo,SO,,2026-10-06,85.44,84.2,85.52,84.14,1.2607,47.41,87.945,91.3916,0,1,1,0,0,0,98.86,3.24,11,5.9,1,2026-09-29,81.69,1,2026-09-29,89.34,6.07,15,82.01,2026-10-01,1,1.18,81.69,2026-09-29,1,1.63,87.65,2026-09-04,1,1.32,,,,,,0,0,2.36,-2.17,0,0,0
SPG,SPG,Aktie,SPG,0,Yahoo,SPG,,2026-10-06,201.74,201.5,203.3199,200.7462,2.4938,33.27,210.0434,204.4714,0,1,1,0,0,0,238.5,3.23,13,5.0,5,2026-08-21,198.41,2,2026-09-24,223.66,10.12,30,199.74,2026-10-05,1,0.82,198.41,2026-10-01,1,0.92,203.41,2026-09-24,1,0.66,,,,,,0,0,0.46,-2.44,0,0,0
T,T,Aktie,T,0,Yahoo,T,,2026-10-06,24.43,24.19,24.45,23.97,0.4707,41.03,24.8082,25.0583,0,1,0,0,0,1,26.93,0.26,9,6.5,,,,,,,,,23.97,2026-10-06,0,0.89,24.94,2026-09-23,1,1.16,25.06,2026-09-18,1,2.52,,,,,,0,0,0.53,-3.71,0,0,0
TMO,TMO,Aktie,TMO,0,Yahoo,TMO,,2026-10-06,656.58,683.35,694.325,654.51,17.9653,54.61,620.5418,554.6089,0,1,1,0,1,0,694.325,0.51,11,6.1,1,2026-10-05,648.04,1,2026-10-05,683.63,1.98,3,648.04,2026-10-05,1,0.92,646.81,2026-09-18,1,2.37,594.82,2026-09-10,1,0.93,,,,,,0,0,0.62,-3.57,0,0,0
UBER,UBER,Aktie,UBER,0,Yahoo,UBER,,2026-10-06,69.08,69.56,69.93,68.76,1.4685,42.05,72.0023,75.4602,0,0,1,0,1,0,82.365,0.67,12,5.5,5,2026-08-27,67.22,5,2026-08-27,82.365,10.31,26,67.22,2026-10-02,1,0.82,67.73,2026-09-28,1,0.9,68.55,2026-09-23,1,0.97,,,,,,0,0,1.77,-4.21,0,0,0
UNP,UNP,Aktie,UNP,0,Yahoo,UNP,,2026-10-06,276.61,276.62,277.97,274.88,4.5314,41.99,283.755,268.7441,0,0,1,0,1,1,315.99,0.69,6,8.0,1,2026-07-30,284.79,1,2026-09-02,315.99,10.53,41,268.26,2026-09-21,0,2.5,285.69,2026-09-02,1,0.78,290.34,2026-08-11,1,0.65,2026-09-04,20,5.37,0.92,rot,0,0,1.54,-2.87,0,0,0
UPS,UPS,Aktie,UPS,0,Yahoo,UPS,,2026-10-06,93.11,93.27,93.52,92.4816,1.9949,34.53,100.2039,102.9687,0,0,1,0,1,1,118.42,0.77,9,5.5,3,2026-08-27,98.81,3,2026-08-27,107.11,7.79,27,91.56,2026-10-05,0,0.99,98.81,2026-09-10,1,0.66,101.92,2026-09-01,1,0.8,2026-09-15,14,5.77,0.8,rot,0,0,-0.83,-3.49,0,0,0
USB,USB,Aktie,USB,0,Yahoo,USB,,2026-10-06,57.29,57.54,57.78,57.045,0.9804,30.63,60.5611,57.5021,0,0,0,0,1,1,66.08,0.5,11,6.0,3,2026-09-10,56.04,3,2026-09-10,63.71,7.82,19,57.045,2026-10-06,0,0.74,56.04,2026-10-01,1,1.42,57.95,2026-09-24,1,0.91,,,,,,0,0,-0.12,-3.13,0,0,0
WFC,WFC,Aktie,WFC,0,Yahoo,WFC,,2026-10-06,81.51,81.85,81.975,81.075,1.6307,39.0,84.7989,83.9355,0,0,1,0,1,1,91.99,2.95,11,6.0,2,2026-09-24,78.0,2,2026-09-24,91.99,8.58,12,78.0,2026-10-01,1,1.25,80.95,2026-09-24,1,0.85,87.38,2026-09-14,1,1.26,,,,,,0,0,1.57,-4.08,0,0,0
XOM,XOM,Aktie,XOM,0,Yahoo,XOM,,2026-10-06,164.48,163.06,165.945,162.94,3.2339,55.96,159.9245,147.9298,0,1,1,0,0,0,169.64,3.64,12,5.4,1,2026-09-22,155.85,1,2026-10-01,169.64,4.26,5,160.81,2026-10-01,1,0.82,159.27,2026-09-29,1,0.63,159.78,2026-09-25,1,0.75,,,,,,0,0,0.4,-3.09,0,0,0
BABA,BABA,Aktie,BABA,0,Yahoo,9988.HK,HKD,2026-10-06,108.2,108.5,109.2,107.7,3.4571,47.26,111.6212,123.0396,0,1,1,0,1,0,130.3,1.07,13,4.8,3,2026-09-25,102.7,3,2026-09-25,118.3,4.51,7,102.7,2026-10-02,1,0.68,105.2,2026-09-29,1,0.91,106.3,2026-09-25,1,0.42,2026-09-22,8,4.51,0.59,rot,0,0,1.5,-5.73,0,0,0
DELL,DELL,Aktie,DELL,0,Yahoo,DELL,,2026-10-06,574.0,561.775,587.19,561.775,25.8764,59.76,500.98,346.4102,0,1,1,0,0,1,595.51,1.93,11,5.9,2,2026-09-24,520.18,2,2026-09-24,595.51,2.91,9,546.0,2026-10-05,1,0.49,520.18,2026-10-01,1,0.62,530.45,2026-09-24,1,0.73,,,,,,0,0,5.95,-6.17,0,0,0
SNDK,SNDK,Aktie,SNDK,0,Yahoo,SNDK,,2026-10-06,1660.46,1700.0,1716.5,1650.0,93.3632,48.72,1632.1322,1225.8026,0,0,0,1,1,1,1909.48,0.72,12,4.9,2,2026-09-24,1659.02,2,2026-09-24,1909.48,2.78,10,1650.0,2026-10-06,0,0.73,1659.02,2026-09-28,1,0.63,1726.39,2026-09-24,1,0.76,2026-09-22,8,2.78,0.73,rot,0,1,-7.12,-9.01,0,0,0
ANET,ANET,Aktie,ANET,0,Yahoo,ANET,,2026-10-06,215.36,208.0,216.07,207.24,6.2859,66.82,194.4093,166.0575,0,1,1,0,0,1,216.07,5.65,10,5.9,1,2026-10-01,200.771,1,2026-10-01,212.0,1.79,4,200.771,2026-10-01,1,0.86,198.757,2026-09-24,1,0.71,186.11,2026-09-14,1,1.13,,,,,,0,0,5.32,-6.2,0,0,0
STX,STX,Aktie,STX,0,Yahoo,STX,,2026-10-06,805.63,856.62,863.5,798.6441,57.6254,42.21,861.2478,685.5027,0,0,0,1,1,0,1013.99,0.54,10,6.4,1,2026-10-02,791.75,1,2026-10-02,946.36,2.68,1,798.6441,2026-10-06,0,1.63,791.75,2026-10-02,1,3.61,758.35,2026-09-15,1,1.15,2026-10-01,2,2.68,1.63,rot,1,1,-14.8,-6.73,1,0,0
APH,APH,Aktie,APH,0,Yahoo,APH,,2026-10-06,88.62,88.7,89.93,88.21,2.5779,67.54,81.5722,74.0429,0,1,1,0,1,0,89.93,2.62,12,4.5,1,2026-09-16,76.74,1,2026-09-16,84.48,3.0,3,76.74,2026-09-16,1,0.78,79.23,2026-09-10,1,1.17,77.705,2026-09-02,1,1.19,,,,,,0,0,3.44,-4.14,0,0,0
WDC,WDC,Aktie,WDC,0,Yahoo,WDC,,2026-10-06,411.04,426.945,430.33,406.81,28.0229,40.49,464.3802,402.0245,0,0,0,1,1,0,589.65,0.64,11,5.8,4,2026-08-03,396.57,2,2026-09-15,580.0,6.55,44,406.81,2026-10-06,0,1.67,396.57,2026-10-02,1,3.65,432.04,2026-09-28,1,1.15,2026-10-05,0,1.46,1.67,rot,1,1,-11.14,-7.21,1,0,0
GLW,GLW,Aktie,GLW,0,Yahoo,GLW,,2026-10-06,168.97,161.005,170.63,160.5,7.7414,58.86,158.4849,147.0777,0,1,1,0,0,1,193.71,1.88,13,4.9,2,2026-09-10,142.35,1,2026-10-05,171.3,3.74,5,158.44,2026-10-05,1,0.78,151.15,2026-10-01,1,0.94,149.26,2026-09-28,1,0.84,,,,,,0,0,5.33,-6.42,0,0,0
SNOW,SNOW,Aktie,SNOW,0,Yahoo,SNOW,,2026-10-06,335.95,339.7,349.0,335.11,12.6091,53.21,318.5688,255.3538,0,1,0,1,1,1,384.56,0.92,10,6.2,2,2026-09-16,316.63,2,2026-09-16,384.56,5.39,16,316.63,2026-09-28,1,0.82,328.21,2026-09-24,1,0.5,317.45,2026-09-16,1,0.69,2026-09-03,21,5.39,0.85,rot,0,1,-1.77,-5.68,0,0,0
NET,NET,Aktie,NET,0,Yahoo,NET,,2026-10-06,355.01,364.7,370.35,354.25,16.5929,61.37,314.0839,254.4604,0,1,1,0,1,0,370.35,0.74,9,7.1,1,2026-09-28,338.67,1,2026-09-28,367.43,1.73,2,342.11,2026-10-01,1,0.88,338.67,2026-09-28,1,0.88,302.88,2026-09-11,1,0.78,,,,,,0,0,1.14,-6.79,0,0,0
SPOT,SPOT,Aktie,SPOT,0,Yahoo,SPOT,,2026-10-06,488.13,481.01,492.07,478.0002,16.3889,41.64,509.4144,519.4029,0,1,1,0,0,0,576.0,1.14,14,4.7,3,2026-09-10,470.25,3,2026-09-10,576.0,6.45,21,470.25,2026-10-05,1,0.85,488.97,2026-09-23,1,1.24,507.83,2026-09-10,1,0.8,2026-09-25,6,2.71,0.78,gruen,0,0,-0.67,-5.54,0,0,0
ETN,ETN,Aktie,ETN,0,Yahoo,ETN,,2026-10-06,445.09,436.4,446.7,434.02,12.9764,59.92,422.0451,396.5042,0,1,1,0,0,1,478.0,0.59,11,5.9,1,2026-10-05,431.38,1,2026-10-05,452.0,1.59,1,431.38,2026-10-05,1,0.67,423.0,2026-10-01,1,0.77,427.96,2026-09-24,1,0.65,2026-08-12,37,7.18,0.76,gruen,0,0,1.79,-4.26,0,0,0
PH,PH,Aktie,PH,0,Yahoo,PH,,2026-10-06,984.91,980.0,992.0,978.725,18.9407,56.44,970.9605,926.8885,0,1,1,0,0,0,1099.9399,2.3,9,6.9,1,2026-10-05,958.06,1,2026-10-05,983.96,1.37,1,958.06,2026-10-05,1,0.58,946.72,2026-10-01,1,0.84,911.41,2026-09-16,1,0.68,,,,,,0,0,1.97,-3.15,0,0,0
CB,CB,Aktie,CB,0,Yahoo,CB,,2026-10-06,334.21,330.1,336.0,329.45,4.7836,46.66,338.4346,328.3676,0,1,1,0,0,1,365.91,0.43,13,4.8,3,2026-09-09,325.0,2,2026-09-22,349.03,5.02,19,325.0,2026-10-01,1,0.82,333.06,2026-09-22,1,0.88,339.67,2026-09-15,1,1.02,2026-09-23,7,3.06,0.76,gruen,0,0,0.88,-2.07,0,0,0
PGR,PGR,Aktie,PGR,0,Yahoo,PGR,,2026-10-06,212.05,211.99,213.66,211.335,4.5254,49.46,213.09,215.4543,0,1,1,0,0,0,231.59,0.65,9,6.6,3,2026-07-10,200.96,1,2026-09-24,239.38,8.49,56,200.96,2026-09-24,1,2.16,214.86,2026-09-11,1,0.74,212.63,2026-09-09,1,0.73,2026-07-07,63,8.49,0.83,gruen,0,0,0.52,-3.66,0,0,0
TJX,TJX,Aktie,TJX,0,Yahoo,TJX,,2026-10-06,137.03,134.94,137.24,134.5301,3.0236,58.37,138.0196,146.8317,0,1,1,0,0,0,163.04,1.63,12,5.4,1,2026-10-01,131.44,1,2026-10-01,134.67,1.07,1,131.44,2026-10-01,1,0.63,128.57,2026-09-25,1,0.94,122.78,2026-09-16,1,1.21,,,,,,0,0,2.58,-2.6,0,0,0
SYK,SYK,Aktie,SYK,0,Yahoo,SYK,,2026-10-06,278.2,279.37,284.53,277.1,6.5293,42.7,297.9745,325.8498,0,0,1,0,1,0,352.49,0.65,14,4.6,2,2026-07-31,267.0,1,2026-10-02,352.49,13.09,31,271.21,2026-10-02,1,0.62,268.69,2026-09-25,1,0.75,272.0,2026-09-21,1,0.91,,,,,,0,0,1.92,-3.72,0,0,0
MCK,MCK,Aktie,MCK,0,Yahoo,MCK,,2026-10-06,921.67,921.0,928.46,914.225,22.9739,61.6,873.6415,835.4331,0,1,1,0,0,0,929.95,4.87,11,5.7,2,2026-09-18,847.29,2,2026-09-18,912.0,2.82,11,847.29,2026-09-29,1,0.52,864.12,2026-09-18,1,3.04,874.31,2026-09-11,1,0.99,,,,,,0,0,2.54,-2.81,0,0,0
SCCO,SCCO,Aktie,SCCO,0,Yahoo,SCCO,,2026-10-06,204.26,206.425,207.02,199.22,6.7879,54.53,197.1491,176.6925,0,0,0,0,1,1,220.78,0.72,14,4.6,3,2026-08-25,183.5,1,2026-10-01,220.78,5.49,14,199.22,2026-10-06,0,0.99,196.9,2026-10-01,1,0.92,196.0,2026-09-28,1,0.83,2026-09-30,3,2.09,0.99,rot,0,0,2.53,-5.12,0,0,0
NEM,NEM,Aktie,NEM,0,Yahoo,NEM,,2026-10-06,116.39,116.0,117.333,114.44,3.5159,43.2,117.6818,106.9206,0,1,1,0,0,1,135.29,1.13,13,5.2,4,2026-09-01,113.58,4,2026-09-01,135.29,6.17,28,113.58,2026-10-05,1,0.6,114.63,2026-09-28,1,0.9,120.0,2026-09-16,1,0.79,,,,,,0,0,1.5,-5.31,0,0,0
MPC,MPC,Aktie,MPC,0,Yahoo,MPC,,2026-10-06,432.36,428.45,435.6899,427.2,16.7093,71.63,373.031,286.2712,0,0,1,0,0,0,437.67,5.13,7,7.5,1,2026-09-23,378.8,1,2026-09-23,431.08,3.13,2,380.0,2026-09-29,1,0.6,380.78,2026-09-25,1,0.61,378.8,2026-09-23,1,1.36,,,,,,0,0,2.91,-3.4,0,0,0
VLO,VLO,Aktie,VLO,0,Yahoo,VLO,,2026-10-06,419.22,416.25,422.953,413.53,17.3681,70.05,363.1395,279.309,0,1,1,0,0,0,422.953,0.74,10,5.9,1,2026-09-23,364.96,1,2026-09-29,419.04,3.11,2,379.57,2026-09-29,1,0.66,370.59,2026-09-25,1,0.99,364.96,2026-09-23,1,2.02,,,,,,0,0,2.63,-3.84,0,0,0
PSX,PSX,Aktie,PSX,0,Yahoo,PSX,,2026-10-06,269.79,266.75,271.82,266.265,9.5354,66.99,243.5441,195.6222,0,1,1,0,0,0,277.12,,8,7.6,2,2026-09-25,248.51,2,2026-09-25,277.12,3.0,7,248.51,2026-09-29,1,0.63,250.09,2026-09-25,1,0.99,253.41,2026-09-14,1,1.29,,,,,,0,0,2.1,-3.14,0,0,0
WELL,WELL,Aktie,WELL,0,Yahoo,WELL,,2026-10-06,225.78,223.94,227.22,222.22,4.7271,38.84,232.26,215.9827,0,0,0,0,0,1,255.2,0.58,11,4.9,,,,,,,,,222.22,2026-10-06,0,0.82,228.0,2026-09-18,1,3.42,229.74,2026-09-15,1,0.82,2026-09-25,3,3.19,0.82,gruen,0,0,-0.51,-2.67,0,0,0
PLD,PLD,Aktie,PLD,0,Yahoo,PLD,,2026-10-06,128.68,128.25,129.69,127.61,1.9986,30.8,136.5341,135.9027,0,1,0,0,0,1,153.35,0.53,10,6.4,1,2026-10-01,127.29,1,2026-10-01,136.49,4.6,8,127.61,2026-10-06,0,1.05,127.29,2026-10-01,1,1.54,132.84,2026-09-16,1,0.94,,,,,,0,0,0.39,-2.64,0,0,0
EQIX,EQIX,Aktie,EQIX,0,Yahoo,EQIX,,2026-10-06,1047.36,1036.6,1052.3149,1034.24,24.5139,55.14,1037.3189,995.2619,0,1,1,0,0,1,1109.22,1.28,11,5.5,1,2026-10-01,994.5,1,2026-10-01,1066.51,2.94,7,1007.09,2026-10-05,1,0.73,994.5,2026-10-01,1,1.07,1014.35,2026-09-18,1,1.32,,,,,,0,0,3.46,-2.77,0,0,0
TSM,TSM,Aktie,TSM,0,Yahoo,2330.TW,TWD,2026-10-06,2585.0,2575.0,2590.0,2565.0,37.1429,68.55,2428.7584,2124.6827,0,1,1,0,0,0,2590.0,6.57,13,4.0,2,2026-09-14,2375.0,2,2026-09-14,2505.0,3.5,6,2375.0,2026-09-16,1,1.05,2380.0,2026-09-14,1,1.07,2380.0,2026-09-03,1,0.71,,,,,,0,0,2.99,-3.14,0,0,0
SPCX,SPCX,Aktie,SPCX,0,Yahoo,SPCX,,2026-10-06,171.92,172.095,176.4199,171.3854,6.4829,70.01,147.5445,151.8246,0,1,1,0,1,0,176.4199,6.37,10,6.1,1,2026-09-24,145.88,1,2026-09-24,158.13,1.89,3,145.88,2026-09-24,1,0.82,149.93,2026-09-18,1,4.31,142.87,2026-09-15,1,0.93,,,,,,0,0,16.11,-7.57,0,0,0
SKHY,SKHY,Aktie,SKHY,0,Yahoo,000660.KS,KRW,2026-10-06,1773000.0,1835000.0,1837000.0,1771000.0,72642.8571,50.16,1774624.6836,1466448.4634,0,0,0,1,1,0,2329000.0,1.31,11,5.1,4,2026-06-29,1246000.0,1,2026-09-29,2987000.0,23.97,23,1771000.0,2026-10-06,0,0.88,1736000.0,2026-09-29,1,0.89,1671000.0,2026-09-15,1,0.74,2026-09-22,5,2.74,0.88,rot,0,1,-0.17,-7.48,0,0,0
SHOP,SHOP,Aktie,SHOP,0,Yahoo,SHOP,,2026-10-06,164.44,166.02,166.28,163.1,7.1863,70.26,140.2266,131.5554,0,1,1,0,1,0,166.28,,11,5.2,3,2026-08-20,124.03,3,2026-08-20,158.87,4.85,18,126.39,2026-09-21,1,2.09,124.03,2026-09-10,1,1.69,138.9,2026-09-02,1,0.66,,,,,,0,0,10.3,-6.8,0,0,0
HSBC,HSBC,Aktie,HSBC,0,Yahoo,HSBA.L,GBP,2026-10-06,14.722,14.646,14.774,14.624,0.3075,42.56,15.0407,13.7151,0,1,1,0,0,0,16.1,1.06,8,8.7,2,2026-08-05,14.1415,2,2026-08-05,16.1,6.37,42,14.1415,2026-10-02,1,1.01,14.962,2026-09-24,1,0.81,15.006,2026-09-15,1,1.49,2026-09-07,20,5.56,0.93,gruen,0,0,2.45,-2.7,0,0,0
RY,RY,Aktie,RY,0,Yahoo,RY,,2026-10-06,196.35,195.89,197.13,195.4,2.8957,36.95,203.2007,187.4289,0,1,1,0,0,1,218.57,0.7,13,5.2,3,2026-09-16,191.39,3,2026-09-16,212.37,7.25,19,194.27,2026-10-05,1,1.3,191.39,2026-10-01,1,1.49,198.07,2026-09-24,1,0.82,,,,,,0,0,0.51,-1.85,0,0,0
SHEL,SHEL,Aktie,SHEL,0,Yahoo,SHEL.L,GBP,2026-10-06,36.51,36.27,36.7076,35.895,0.6684,62.48,34.6214,31.9887,0,1,1,0,0,0,36.815,4.45,11,6.0,1,2026-10-01,35.0169,1,2026-10-01,36.815,2.69,3,35.0169,2026-10-01,1,1.32,35.8,2026-09-25,1,1.19,34.45,2026-09-22,1,0.97,,,,,,0,0,1.73,-2.5,0,0,0
NVS,NVS,Aktie,NVS,0,Yahoo,NOVN.SW,CHF,2026-10-06,117.04,117.28,118.58,116.26,2.1771,43.94,120.4996,118.1772,0,1,1,0,1,1,132.68,0.38,10,6.4,1,2026-09-09,110.3,1,2026-10-05,132.68,10.28,4,115.94,2026-10-05,1,0.63,114.86,2026-09-22,1,0.81,112.46,2026-09-15,1,1.3,2026-09-30,3,3.03,0.34,rot,0,0,-0.86,-2.78,0,0,0
MUFG,MUFG,Aktie,MUFG,0,Yahoo,8306.T,JPY,2026-10-06,3671.0,3615.0,3682.0,3606.0,87.4286,52.39,3586.7753,3145.6258,0,1,1,0,0,0,3813.0,1.27,10,6.2,1,2026-10-02,3541.0,1,2026-10-02,3740.0,2.28,4,3541.0,2026-10-02,1,0.86,3554.0,2026-09-24,1,1.07,3575.0,2026-09-11,1,1.42,,,,,,0,0,2.37,-3.18,0,0,0
TM,TM,Aktie,TM,0,Yahoo,7203.T,JPY,2026-10-06,2930.5,2920.0,2937.5,2904.0,50.5714,44.73,2989.6578,3044.0432,0,1,1,0,0,0,3269.0,3.22,13,4.5,3,2026-09-09,2853.0,3,2026-09-24,3269.0,8.23,20,2853.0,2026-10-02,1,1.21,2878.0,2026-09-30,1,1.13,2964.0,2026-09-24,1,1.42,,,,,,0,0,0.19,-3.84,0,0,0
BHP,BHP,Aktie,BHP,0,Yahoo,BHP.AX,AUD,2026-10-06,62.86,62.24,62.92,62.06,1.0379,55.18,61.815,56.9039,0,1,1,0,0,1,68.77,2.85,13,4.8,3,2026-08-31,58.97,3,2026-08-31,68.77,9.44,14,59.76,2026-09-28,1,1.02,58.97,2026-09-15,1,0.98,61.97,2026-09-04,1,0.89,,,,,,0,0,4.31,-3.32,0,0,0
SAN,SAN,Aktie,SAN,0,Yahoo,SAN.MC,EUR,2026-10-06,12.504,12.44,12.59,12.42,0.3134,50.32,12.4277,11.1926,0,1,1,0,0,0,13.12,0.47,12,5.2,2,2026-08-19,11.616,1,2026-10-02,13.12,4.8,36,11.616,2026-10-02,1,1.13,12.478,2026-09-28,1,0.79,12.42,2026-09-24,1,0.85,2026-09-29,4,3.68,0.37,gruen,0,0,5.86,-2.79,0,0,0
TTE,TTE,Aktie,TTE,0,Yahoo,TTE.PA,EUR,2026-10-06,75.75,75.66,76.11,74.72,1.7836,43.03,76.7171,71.5235,0,1,1,0,0,0,81.27,0.2,11,6.0,1,2026-10-02,73.45,1,2026-10-02,81.27,4.38,4,73.45,2026-10-02,1,1.3,79.16,2026-09-25,1,0.96,76.98,2026-09-22,1,0.83,2026-09-28,5,4.38,0.44,gruen,0,0,1.66,-3.04,0,0,0
TD,TD,Aktie,TD,0,Yahoo,TD,,2026-10-06,118.18,117.88,118.695,117.815,1.8604,44.15,119.6047,108.4773,0,1,1,0,0,1,125.47,2.16,11,6.2,2,2026-09-24,115.15,2,2026-09-24,124.4,4.97,7,116.73,2026-10-05,1,2.11,115.15,2026-10-01,1,1.13,118.4,2026-09-24,1,0.71,,,,,,0,0,0.48,-1.66,0,0,0
NVO,NVO,Aktie,NVO,0,Yahoo,NOVO-B.CO,DKK,2026-10-06,245.55,251.45,252.0,244.5,7.2,24.67,279.3034,305.7961,0,1,1,0,1,1,338.7,0.4,9,7.9,4,2026-08-05,243.15,3,2026-09-16,338.7,13.27,48,243.15,2026-10-05,1,1.05,247.05,2026-09-24,1,1.45,272.1,2026-09-16,1,1.06,,,,,,0,0,-1.78,-5.85,0,0,0
SMFG,SMFG,Aktie,SMFG,0,Yahoo,8316.T,JPY,2026-10-06,3429.0,3389.0,3429.0,3376.0,91.5357,50.78,3392.1084,3015.0686,0,1,1,0,0,0,3630.0,1.37,11,5.7,2,2026-09-29,3300.0,2,2026-09-29,3524.5,2.45,5,3300.0,2026-10-05,1,0.87,3354.0,2026-09-29,1,1.17,3337.5,2026-09-24,1,1.12,2026-09-04,18,3.17,0.69,gruen,0,0,1.36,-3.52,0,0,0
RIO,RIO,Aktie,RIO,0,Yahoo,RIO.L,GBP,2026-10-06,71.64,71.94,72.57,70.91,1.5934,46.63,72.659,69.2146,0,1,1,0,1,0,78.1,1.84,7,8.8,3,2026-09-15,68.98,3,2026-09-15,78.1,5.72,17,68.98,2026-10-01,1,0.76,69.27,2026-09-28,1,0.53,70.59,2026-09-15,1,1.18,,,,,,0,0,3.02,-3.19,0,0,0
BBVA,BBVA,Aktie,BBVA,0,Yahoo,BBVA.MC,EUR,2026-10-06,24.28,24.25,24.52,24.22,0.5714,44.4,24.3335,21.4893,0,1,1,0,0,0,25.57,0.37,13,4.6,1,2026-10-02,23.18,1,2026-10-02,25.57,4.18,3,23.18,2026-10-02,1,1.03,24.66,2026-09-24,1,0.73,24.59,2026-09-15,1,0.94,,,,,,0,0,1.97,-3.0,0,0,0
UBS,UBS,Aktie,UBS,0,Yahoo,UBSG.SW,CHF,2026-10-06,40.69,40.03,40.82,40.03,1.0514,44.68,41.7492,38.2783,0,1,1,0,0,0,45.04,1.06,13,5.2,2,2026-09-10,38.54,2,2026-09-10,45.04,6.18,12,38.78,2026-10-02,1,0.73,38.54,2026-09-24,1,1.08,43.71,2026-09-10,1,1.02,,,,,,0,0,4.17,-3.52,0,0,0
SONY,SONY,Aktie,SONY,0,Yahoo,6758.T,JPY,2026-10-06,3768.0,3753.0,3776.0,3741.0,82.6429,52.3,3702.0735,3641.8399,0,0,1,0,0,1,4070.0,1.67,9,6.2,1,2026-09-11,3582.0,1,2026-09-11,4070.0,5.9,8,3665.0,2026-09-28,1,1.12,3643.0,2026-09-24,1,1.2,3582.0,2026-09-11,1,1.01,2026-09-15,11,2.31,0.74,gruen,0,0,-0.5,-4.18,0,0,0
PBR,PBR,Aktie,PBR,0,Yahoo,PETR3.SA,BRL,2026-10-06,59.31,59.75,60.22,59.19,1.6507,69.51,51.8774,46.5046,0,0,1,0,1,0,62.0,1.99,9,6.5,1,2026-09-22,52.02,1,2026-09-22,56.65,2.8,5,52.91,2026-09-29,1,0.9,52.74,2026-09-25,1,0.61,52.02,2026-09-22,1,1.25,,,,,,0,0,7.74,-3.33,0,0,0
UL,UL,Aktie,UL,0,Yahoo,ULVR.L,GBP,2026-10-06,45.69,45.255,45.69,45.24,0.7069,44.79,46.2819,46.4343,0,1,1,0,0,1,50.41,0.33,0,,1,2026-06-08,36.44,1,2026-06-08,,,,,,,,,,,,,,,,,,,,,0,0,1.67,-2.65,0,0,0
MFG,MFG,Aktie,MFG,0,Yahoo,8411.T,JPY,2026-10-06,8857.0,8721.0,8857.0,8705.0,263.2143,56.37,8440.9531,7350.7223,0,1,1,0,0,0,8903.0,1.56,12,5.1,1,2026-10-02,8446.0,1,2026-10-02,8903.0,1.74,2,8446.0,2026-10-02,1,0.83,8472.0,2026-09-29,1,1.16,8278.0,2026-09-24,1,1.18,,,,,,0,0,2.86,-3.9,0,0,0
BTI,BTI,Aktie,BTI,0,Yahoo,BATS.L,GBP,2026-10-06,39.99,39.99,40.51,39.72,0.8346,38.22,42.0863,42.7956,0,1,1,0,0,1,53.68,0.81,10,6.6,2,2026-09-25,39.47,2,2026-09-25,42.98,4.21,7,39.47,2026-10-05,1,0.95,41.58,2026-09-25,1,0.8,40.02,2026-09-10,1,0.96,2026-07-20,54,17.03,1.13,gruen,0,0,0.38,-3.5,0,0,0
BMO,BMO,Aktie,BMO,0,Yahoo,BMO,,2026-10-06,166.09,165.78,166.7375,165.3,2.802,37.18,172.4223,158.4177,0,1,1,0,0,1,187.22,0.08,10,6.9,2,2026-09-24,162.86,2,2026-09-24,177.66,5.28,7,164.09,2026-10-05,1,0.65,162.86,2026-10-01,1,1.57,168.86,2026-09-24,1,0.67,,,,,,0,0,-0.13,-2.14,0,0,0
HDB,HDB,Aktie,HDB,0,Yahoo,HDFCBANK.NS,INR,2026-10-06,711.45,707.4,714.65,701.0,15.4929,45.8,729.7088,799.8446,0,0,0,0,0,1,823.7,0.95,10,5.4,1,2026-09-24,722.7,1,2026-09-24,749.3,3.12,9,701.0,2026-10-06,0,0.65,722.7,2026-09-24,1,0.91,710.85,2026-09-16,1,0.95,2026-09-22,8,3.12,0.65,gruen,0,0,0.39,-2.48,0,0,0
BNS,BNS,Aktie,BNS,0,Yahoo,BNS,,2026-10-06,90.22,89.72,90.535,89.72,1.3561,42.17,90.7476,81.4107,0,0,0,0,0,1,95.74,0.07,12,5.5,2,2026-09-24,88.95,2,2026-09-24,95.74,5.01,7,89.72,2026-10-06,0,2.52,88.95,2026-10-01,1,1.16,91.41,2026-09-24,1,0.43,2026-10-02,1,1.43,2.52,gruen,0,1,-0.5,-1.82,0,0,0
ENB,ENB,Aktie,ENB,0,Yahoo,ENB,,2026-10-06,46.54,46.0,46.58,45.82,0.6607,32.87,49.6086,51.2336,0,1,1,0,0,0,57.1,0.63,10,6.7,7,2026-07-21,45.49,7,2026-07-21,57.1,17.57,55,45.49,2026-10-05,1,0.91,46.38,2026-09-29,1,0.51,48.13,2026-09-16,1,1.21,2026-09-30,3,2.19,0.7,gruen,0,0,0.58,-2.21,0,0,0
EQNR,EQNR,Aktie,EQNR,0,Yahoo,EQNR.OL,NOK,2026-10-06,409.8,400.7,410.1,400.7,11.55,54.87,394.926,347.0487,0,1,0,0,0,1,426.0,,11,5.9,2,2026-09-15,389.6,2,2026-09-15,426.0,3.15,6,391.4,2026-10-01,1,1.03,389.6,2026-09-22,1,1.01,411.9,2026-09-15,1,1.26,2026-09-24,7,2.42,0.45,gruen,0,0,1.99,-3.94,0,0,0
ING,ING,Aktie,ING,0,Yahoo,INGA.AS,EUR,2026-10-06,31.155,31.11,31.665,31.045,0.6518,48.62,30.7513,27.2365,0,1,1,0,0,0,32.395,0.81,13,5.2,2,2026-09-24,29.98,2,2026-09-24,32.395,3.71,8,29.98,2026-10-02,1,1.29,31.38,2026-09-24,1,0.9,31.325,2026-09-15,1,1.05,,,,,,0,0,2.99,-2.76,0,0,0
CNQ,CNQ,Aktie,CNQ,0,Yahoo,CNQ,,2026-10-06,48.1,47.98,48.435,47.435,1.12,46.57,48.1608,43.9548,0,0,1,0,0,1,52.31,0.59,10,5.9,4,2026-09-11,46.58,4,2026-09-11,52.31,5.12,13,46.58,2026-09-29,1,0.65,46.99,2026-09-25,1,0.67,47.18,2026-09-22,1,0.6,,,,,,0,0,0.65,-3.79,0,0,0
CM,CM,Aktie,CM,0,Yahoo,CM,,2026-10-06,111.59,111.06,111.75,110.85,1.9864,44.1,114.3311,106.3251,0,1,1,0,0,1,124.86,1.04,10,6.7,4,2026-08-24,107.66,4,2026-08-24,124.86,8.66,32,107.66,2026-10-01,1,0.55,110.42,2026-09-24,1,1.13,112.0,2026-09-16,1,1.51,2026-09-25,5,3.03,0.33,gruen,0,0,1.49,-2.09,0,0,0
SNY,SNY,Aktie,SNY,0,Yahoo,SAN.PA,EUR,2026-10-06,70.49,70.47,71.68,69.77,1.6325,35.81,74.4194,77.8558,0,0,0,0,0,1,80.18,1.31,9,6.8,2,2026-07-30,70.96,,,80.18,6.39,47,69.75,2026-10-02,0,1.81,71.22,2026-09-29,1,1.04,70.96,2026-09-25,1,0.9,2026-10-01,2,3.4,0.4,gruen,0,0,-3.57,-3.53,1,0,0
IBN,IBN,Aktie,IBN,0,Yahoo,ICICIBANK.NS,INR,2026-10-06,1342.8,1330.5,1343.4,1328.1,20.4929,45.45,1372.7154,1363.2525,0,1,1,0,0,0,1480.0,1.37,12,5.3,1,2026-09-29,1291.0,1,2026-09-29,1454.0,7.95,20,1291.0,2026-09-29,1,1.63,1418.9,2026-08-28,1,0.94,1408.0,2026-08-25,1,0.78,2026-08-31,18,7.95,1.15,gruen,0,0,1.6,-2.35,0,0,0
GSK,GSK,Aktie,GSK,0,Yahoo,GSK.L,GBP,2026-10-06,17.655,17.695,17.865,17.405,0.4255,34.68,18.6562,18.7944,0,0,0,0,1,1,20.96,0.18,9,6.0,,,,,,,,,17.405,2026-10-06,0,0.79,18.41,2026-09-28,1,0.75,17.7,2026-09-11,1,0.76,2026-09-29,4,4.15,0.79,rot,0,0,-1.64,-3.38,0,0,0
BP,BP,Aktie,BP,0,Yahoo,BP.L,GBP,2026-10-06,5.609,5.599,5.633,5.495,0.1476,54.25,5.4567,5.15,0,0,0,0,0,0,5.826,0.64,12,5.3,1,2026-09-22,5.278,1,2026-09-22,5.826,3.71,4,5.495,2026-10-06,0,0.63,5.384,2026-10-01,1,0.67,5.508,2026-09-25,1,1.74,2026-09-24,7,2.33,0.63,gruen,0,0,0.68,-3.88,0,0,0
APP,APP,Aktie,APP,0,Yahoo,APP,,2026-10-06,278.78,282.73,283.7599,276.66,15.6839,35.49,335.2342,421.6671,0,0,1,0,1,0,462.69,0.25,13,5.0,2,2026-09-23,266.84,2,2026-09-23,338.34,4.56,14,266.84,2026-10-02,1,1.77,304.77,2026-09-23,1,1.42,300.09,2026-09-10,1,0.95,,,,,,0,0,-0.9,-8.91,0,0,0
AXON,AXON,Aktie,AXON,0,Yahoo,AXON,,2026-10-06,418.62,416.92,424.215,413.0,15.9968,34.01,490.5755,517.0557,0,1,1,0,0,1,651.61,0.95,10,6.4,4,2026-09-02,408.0,4,2026-09-02,651.61,15.23,32,408.0,2026-10-05,1,0.99,434.46,2026-09-15,1,3.74,473.25,2026-09-11,1,0.82,2026-07-07,63,16.07,1.37,gruen,0,0,-0.85,-7.72,0,0,0
CCEP,CCEP,Aktie,CCEP,0,Yahoo,CCEP,,2026-10-06,101.71,101.8,103.265,101.6,2.0411,45.32,103.5841,99.6425,0,1,1,0,1,0,113.67,1.9,14,4.7,1,2026-10-05,100.06,1,2026-10-05,103.07,1.47,1,100.06,2026-10-05,1,1.15,100.3,2026-10-01,1,0.81,99.0,2026-09-23,1,1.16,,,,,,0,0,0.91,-2.89,0,0,0
CVX,CVX,Aktie,CVX,0,Yahoo,CVX,,2026-10-06,207.58,205.565,208.69,204.8942,3.889,53.3,202.5948,187.2459,0,1,1,0,0,1,217.78,0.59,11,6.0,1,2026-09-22,200.78,2,2026-09-29,217.78,4.37,5,201.96,2026-10-05,1,0.66,202.7,2026-09-29,1,0.57,203.4,2026-09-25,1,0.7,,,,,,0,0,0.23,-3.0,0,0,0
GFS,GFS,Aktie,GFS,0,Yahoo,GFS,,2026-10-06,48.63,48.83,49.44,48.5,1.9596,52.54,50.2385,52.7618,0,1,1,0,1,1,67.64,2.39,11,5.5,1,2026-10-05,47.503,1,2026-10-05,50.99,1.78,1,47.503,2026-10-05,1,1.16,46.64,2026-09-28,1,0.78,45.39,2026-09-24,1,1.16,2026-10-02,1,1.78,0.61,rot,0,0,-0.1,-7.25,0,0,0
MSTR,MSTR,Aktie,MSTR,0,Yahoo,MSTR,,2026-10-06,164.55,165.82,168.73,163.18,9.3979,65.04,135.8989,154.1963,0,1,1,0,1,1,171.19,1.23,13,4.9,1,2026-09-30,152.02,1,2026-09-30,171.19,2.04,6,152.02,2026-09-30,1,0.74,123.33,2026-09-16,1,0.78,126.91,2026-09-10,1,0.51,,,,,,0,0,2.52,-9.43,0,0,0
ADS.DE,ADS.DE,Aktie,ADS.DE,0,Yahoo,ADS.DE,,2026-10-06,145.25,144.0,145.7,143.15,3.5929,46.92,151.371,160.1714,0,1,1,0,0,1,183.95,0.53,11,5.0,5,2026-07-24,138.35,2,2026-09-24,188.8,14.04,64,138.35,2026-10-02,1,1.08,142.15,2026-09-24,1,0.63,140.05,2026-09-21,1,0.83,,,,,,0,0,1.82,-3.97,0,0,0
AIR.DE,AIR.DE,Aktie,AIR.DE,0,Yahoo,AIR.DE,,2026-10-06,188.46,190.68,191.34,187.06,4.4629,36.53,196.3862,191.2692,0,1,0,0,1,1,217.2,0.32,10,6.3,5,2026-08-11,185.7,5,2026-08-11,217.2,7.06,40,185.7,2026-10-01,1,0.79,188.14,2026-09-25,1,2.5,194.58,2026-09-09,1,1.69,2026-09-28,5,2.26,0.32,rot,0,0,1.49,-3.43,0,0,0
ALV.DE,ALV.DE,Aktie,ALV.DE,0,Yahoo,ALV.DE,,2026-10-06,420.5,420.7,423.7,419.9,7.9643,41.61,430.4417,403.8392,0,1,1,0,1,0,454.6,0.74,10,6.8,2,2026-09-09,408.5,2,2026-09-09,454.6,5.79,15,408.6,2026-10-01,1,1.07,408.5,2026-09-24,1,1.36,434.0,2026-09-09,1,1.52,2026-09-29,4,2.39,0.19,rot,0,0,2.06,-2.6,0,0,0
BAS.DE,BAS.DE,Aktie,BAS.DE,0,Yahoo,BAS.DE,,2026-10-06,51.04,50.35,51.52,49.83,1.0879,48.84,51.1501,49.6483,0,1,1,0,0,0,54.24,2.74,10,6.7,3,2026-09-22,49.16,3,2026-09-22,53.98,4.43,20,49.16,2026-10-01,1,1.09,49.46,2026-09-28,1,1.08,51.0,2026-09-22,1,0.7,,,,,,0,0,3.32,-3.69,0,0,0
BAYN.DE,BAYN.DE,Aktie,BAYN.DE,0,Yahoo,BAYN.DE,,2026-10-06,44.27,44.43,45.26,44.06,1.3986,31.27,47.6793,42.4683,0,1,1,0,1,1,51.0,0.09,11,6.3,3,2026-07-08,43.64,1,2026-10-05,53.92,7.35,66,43.64,2026-10-05,1,1.0,47.63,2026-09-18,1,3.17,47.74,2026-09-11,1,1.38,,,,,,0,0,-2.49,-4.46,0,0,0
BEI.DE,BEI.DE,Aktie,BEI.DE,0,Yahoo,BEI.DE,,2026-10-06,76.42,74.9,76.56,74.75,1.6293,49.22,76.8149,81.8247,0,1,0,0,0,1,82.94,0.34,9,7.6,2,2026-08-03,73.06,1,2026-10-02,82.94,6.06,30,75.16,2026-10-02,1,1.02,73.78,2026-09-21,1,0.69,73.06,2026-09-10,1,1.47,2026-09-28,4,3.27,0.3,gruen,0,0,0.87,-3.41,0,0,0
BMW.DE,BMW.DE,Aktie,BMW.DE,0,Yahoo,BMW.DE,,2026-10-06,54.3,54.52,54.88,53.74,1.8114,29.87,59.3817,69.1743,0,0,0,0,1,1,64.46,0.5,13,4.8,1,2026-09-29,52.36,1,2026-09-29,64.22,6.55,8,53.74,2026-10-06,0,0.29,52.36,2026-09-29,1,1.78,61.48,2026-09-16,1,1.13,2026-09-30,3,1.48,0.29,rot,0,0,-0.95,-4.5,0,0,0
BNR.DE,BNR.DE,Aktie,BNR.DE,0,Yahoo,BNR.DE,,2026-10-06,60.68,59.8,60.92,58.98,1.2857,54.0,60.0335,57.6405,0,1,1,0,0,0,66.86,0.86,13,4.7,4,2026-09-07,58.1,4,2026-09-07,63.72,4.37,22,58.1,2026-10-01,1,1.1,58.44,2026-09-25,1,1.32,59.64,2026-09-15,1,0.59,,,,,,0,0,3.66,-3.44,0,0,0
CBK.DE,CBK.DE,Aktie,CBK.DE,0,Yahoo,CBK.DE,,2026-10-06,39.94,39.73,40.2,39.56,0.9936,44.4,40.251,36.8645,0,1,1,0,0,0,43.37,0.18,10,6.8,2,2026-09-18,38.1,1,2026-10-02,43.37,5.3,12,38.1,2026-10-02,1,1.74,41.01,2026-09-24,1,0.68,40.51,2026-09-18,1,3.35,2026-09-29,4,4.85,0.35,gruen,0,0,1.37,-3.92,0,0,0
CON.DE,CON.DE,Aktie,CON.DE,0,Yahoo,CON.DE,,2026-10-06,70.86,69.78,70.88,69.44,1.7771,56.46,69.6009,67.7697,0,1,1,0,0,1,73.32,3.17,10,6.8,4,2026-09-10,66.38,4,2026-09-10,73.0,3.73,19,66.38,2026-10-01,1,0.86,67.3,2026-09-21,1,1.19,68.36,2026-09-15,1,1.76,,,,,,0,0,5.13,-3.35,0,0,0
DTG.DE,DTG.DE,Aktie,DTG.DE,0,Yahoo,DTG.DE,,2026-10-06,40.95,41.31,41.31,40.59,0.9157,32.69,43.7581,42.5805,0,1,1,0,1,0,50.08,0.23,8,8.7,2,2026-09-25,40.36,2,2026-09-25,44.5,4.52,12,40.36,2026-10-05,1,0.78,41.74,2026-09-25,1,0.91,42.98,2026-09-15,1,1.77,,,,,,0,0,-1.35,-3.67,0,0,0
DBK.DE,DBK.DE,Aktie,DBK.DE,0,Yahoo,DBK.DE,,2026-10-06,31.39,31.3,31.655,31.175,0.8614,39.46,32.5197,30.6228,0,1,1,0,0,0,35.845,0.92,11,6.2,3,2026-09-15,30.41,3,2026-09-15,35.845,6.31,18,30.41,2026-10-02,1,0.89,30.93,2026-09-24,1,1.32,32.735,2026-09-15,1,1.23,2026-09-30,3,2.08,0.27,gruen,0,0,1.16,-3.94,0,0,0
DB1.DE,DB1.DE,Aktie,DB1.DE,0,Yahoo,DB1.DE,,2026-10-06,296.7,291.4,296.8,290.6,4.5929,71.41,278.056,258.4051,0,1,1,0,0,0,296.8,2.98,11,5.9,1,2026-10-01,283.3,1,2026-10-01,291.3,1.74,1,283.3,2026-10-01,1,1.3,275.0,2026-09-18,1,3.46,274.9,2026-09-16,1,1.22,,,,,,0,0,3.49,-2.94,0,0,0
DHL.DE,DHL.DE,Aktie,DHL.DE,0,Yahoo,DHL.DE,,2026-10-06,56.34,56.52,56.84,55.92,1.2243,50.22,55.8824,51.5113,0,1,1,0,1,1,58.9,1.32,11,6.3,2,2026-09-24,55.58,2,2026-09-24,58.9,2.71,7,55.78,2026-10-05,1,0.72,55.58,2026-10-01,1,0.94,56.48,2026-09-24,1,1.11,2026-09-22,8,2.71,0.19,rot,0,0,1.08,-2.78,0,0,0
DTE.DE,DTE.DE,Aktie,DTE.DE,0,Yahoo,DTE.DE,,2026-10-06,26.45,26.82,26.97,26.3,0.6357,39.1,27.5468,28.4058,0,1,0,1,1,0,29.52,0.72,15,4.3,3,2026-09-18,25.62,3,2026-09-18,29.15,5.55,13,25.62,2026-10-01,1,1.01,26.51,2026-09-23,1,0.96,26.94,2026-09-18,1,5.14,,,,,,0,1,1.46,-3.36,0,0,0
EOAN.DE,EOAN.DE,Aktie,EOAN.DE,0,Yahoo,EOAN.DE,,2026-10-06,17.1,17.01,17.1625,16.945,0.3277,43.34,17.6414,17.7432,0,1,1,0,0,1,19.74,0.43,7,9.7,4,2026-07-31,16.57,4,2026-07-31,19.74,9.67,50,16.57,2026-10-01,1,0.85,16.755,2026-09-29,1,1.15,17.025,2026-09-24,1,0.98,,,,,,0,0,2.0,-2.45,0,0,0
FRE.DE,FRE.DE,Aktie,FRE.DE,0,Yahoo,FRE.DE,,2026-10-06,43.79,44.11,44.48,43.625,1.1289,41.49,44.726,44.1197,0,1,0,1,1,1,48.48,1.0,10,5.9,,,,,,,,,42.62,2026-09-29,0,1.89,44.96,2026-09-22,1,0.72,42.095,2026-09-07,1,1.43,2026-09-28,5,4.14,0.15,rot,0,1,-0.02,-3.06,0,0,0
HNR1.DE,HNR1.DE,Aktie,HNR1.DE,0,Yahoo,HNR1.DE,,2026-10-06,259.0,257.4,259.4,254.8,4.5,57.1,253.3587,252.2527,0,1,1,0,0,0,263.4,0.84,9,6.9,1,2026-09-09,243.8,1,2026-10-01,263.4,4.36,4,246.8,2026-10-01,1,1.53,250.0,2026-09-21,1,0.67,243.8,2026-09-09,1,1.01,2026-09-25,5,3.11,0.56,gruen,0,0,3.27,-3.15,0,0,0
HEI.DE,HEI.DE,Aktie,HEI.DE,0,Yahoo,HEI.DE,,2026-10-06,146.95,145.85,147.6,144.8,4.3107,43.86,155.7834,174.4927,0,0,0,0,0,1,176.35,1.66,9,7.6,,,,,,,,,144.8,2026-10-06,0,0.28,137.2,2026-10-01,1,1.57,142.55,2026-09-24,1,0.83,2026-10-05,0,0.94,0.28,gruen,0,0,0.86,-4.49,0,0,0
HEN3.DE,HEN3.DE,Aktie,HEN3.DE,0,Yahoo,HEN3.DE,,2026-10-06,73.12,72.5,73.4,72.32,1.2957,46.18,74.0633,72.4858,0,1,1,0,0,1,80.36,0.36,13,4.7,4,2026-08-12,71.42,1,2026-10-01,80.36,6.9,40,71.42,2026-10-01,1,1.15,72.0,2026-09-21,1,0.95,71.98,2026-09-15,1,0.93,2026-09-22,4,3.23,0.18,gruen,0,0,1.67,-2.66,0,0,0
IFX.DE,IFX.DE,Aktie,IFX.DE,0,Yahoo,IFX.DE,,2026-10-06,64.69,64.06,64.73,62.81,2.5307,63.52,59.9703,56.2498,0,0,0,0,0,1,72.62,1.24,15,4.1,,,,,,,,,62.81,2026-10-06,0,0.36,55.69,2026-09-28,1,0.75,53.41,2026-09-17,1,1.13,,,,,,0,0,8.87,-5.48,0,0,0
MBG.DE,MBG.DE,Aktie,MBG.DE,0,Yahoo,MBG.DE,,2026-10-06,40.565,40.36,40.635,40.02,1.0832,30.78,44.3832,48.9316,0,1,1,0,0,0,48.635,0.38,11,6.2,3,2026-06-29,39.41,2,2026-09-25,49.745,9.54,80,39.41,2026-10-05,1,0.86,41.0,2026-09-25,1,0.89,45.81,2026-09-03,1,1.13,2026-09-28,5,2.34,0.31,gruen,0,0,1.26,-4.02,0,0,0
MRK.DE,MRK.DE,Aktie,MRK.DE,0,Yahoo,MRK.DE,,2026-10-06,138.6,138.7,142.6,138.05,3.025,57.67,136.0446,129.7919,0,1,1,0,1,1,148.8,1.7,10,6.8,1,2026-09-15,129.15,1,2026-10-02,143.45,4.73,10,132.95,2026-10-02,1,0.84,129.4,2026-09-18,1,3.17,129.15,2026-09-15,1,2.48,,,,,,0,0,3.09,-3.41,0,0,0
MTX.DE,MTX.DE,Aktie,MTX.DE,0,Yahoo,MTX.DE,,2026-10-06,366.8,375.0,379.0,364.2,9.2714,55.91,356.3852,347.9653,0,1,0,1,1,1,385.5,3.13,7,8.0,,,,,,,,,364.2,2026-10-06,0,0.21,327.1,2026-09-14,1,1.31,337.3,2026-09-03,1,1.69,,,,,,0,1,-0.43,-4.36,0,0,0
MUV2.DE,MUV2.DE,Aktie,MUV2.DE,0,Yahoo,MUV2.DE,,2026-10-06,511.6,513.2,514.0,507.6,8.8,51.97,509.2309,515.4044,0,1,1,0,1,0,531.8,0.96,12,5.5,1,2026-09-09,490.8,1,2026-09-09,531.8,4.66,4,492.2,2026-10-01,1,0.87,498.6,2026-09-24,1,0.81,490.8,2026-09-09,1,1.54,,,,,,0,0,2.57,-2.91,0,0,0
P911.DE,P911.DE,Aktie,P911.DE,0,Yahoo,P911.DE,,2026-10-06,42.62,43.06,43.72,42.25,1.6764,39.59,44.612,44.392,0,1,0,1,1,1,47.58,0.29,12,4.9,2,2026-09-21,43.5,,,47.58,3.18,13,42.25,2026-10-06,0,0.31,44.36,2026-09-29,1,0.83,43.5,2026-09-24,1,1.28,2026-09-30,3,2.46,0.31,rot,0,1,-0.93,-4.25,0,0,0
PAH3.DE,PAH3.DE,Aktie,PAH3.DE,0,Yahoo,PAH3.DE,,2026-10-06,24.41,24.63,24.7,24.3,0.8879,29.11,27.4385,30.6347,0,0,1,0,1,1,30.07,0.53,10,6.2,1,2026-09-29,25.12,1,2026-09-29,30.07,6.51,12,24.29,2026-10-05,0,0.68,25.12,2026-09-29,1,0.59,28.56,2026-09-08,1,1.18,2026-09-30,3,2.26,0.19,rot,0,0,-1.13,-3.88,0,0,0
QIA.DE,QIA.DE,Aktie,QIA.DE,0,Yahoo,QIA.DE,,2026-10-06,40.605,41.155,42.345,40.29,1.2525,67.43,37.5804,36.9434,0,1,1,0,1,1,42.345,1.17,8,8.7,1,2026-10-02,37.0,1,2026-10-02,39.765,2.21,6,37.0,2026-10-02,1,2.16,37.91,2026-09-23,1,0.65,36.205,2026-09-15,1,0.85,,,,,,0,0,6.32,-3.21,0,0,0
RHM.DE,RHM.DE,Aktie,RHM.DE,0,Yahoo,RHM.DE,,2026-10-06,948.8,982.0,987.1,942.2,29.0357,36.74,1047.4451,1258.0935,0,1,0,1,1,0,1238.0,0.74,7,9.3,5,2026-08-26,940.0,5,2026-08-26,1238.0,10.26,40,940.0,2026-10-01,1,0.89,945.5,2026-09-29,1,1.22,986.6,2026-09-22,1,0.87,2026-08-06,31,10.26,1.24,rot,0,1,0.32,-5.74,0,0,0
RWE.DE,RWE.DE,Aktie,RWE.DE,0,Yahoo,RWE.DE,,2026-10-06,58.34,58.46,59.16,58.22,1.1257,45.97,58.5139,54.4737,0,0,0,0,1,1,61.54,0.89,13,4.8,1,2026-09-15,56.42,1,2026-09-15,61.54,4.55,3,57.94,2026-10-02,0,0.64,58.22,2026-09-29,1,1.09,58.68,2026-09-24,1,0.82,2026-09-17,8,2.68,0.24,rot,0,0,-0.1,-2.83,0,0,0
SAP.DE,SAP.DE,Aktie,SAP.DE,0,Yahoo,SAP.DE,,2026-10-06,189.14,186.56,190.22,186.06,5.1271,59.32,178.0369,175.038,0,1,1,0,0,1,192.12,4.48,13,4.6,1,2026-09-22,181.52,1,2026-09-22,189.2,1.5,3,182.26,2026-09-24,1,0.93,181.52,2026-09-22,1,0.59,182.18,2026-09-16,1,0.82,,,,,,0,0,1.29,-4.61,0,0,0
SRT3.DE,SRT3.DE,Aktie,SRT3.DE,0,Yahoo,SRT3.DE,,2026-10-06,259.4,254.3,271.9,254.1,9.1786,59.27,244.3086,233.6834,0,1,1,0,0,0,271.9,1.45,8,8.9,2,2026-09-28,246.5,2,2026-09-28,270.0,2.56,6,246.5,2026-10-05,1,0.92,258.0,2026-09-28,1,1.21,226.2,2026-09-14,1,1.4,,,,,,0,0,3.35,-5.05,0,0,0
SIE.DE,SIE.DE,Aktie,SIE.DE,0,Yahoo,SIE.DE,,2026-10-06,279.75,277.65,280.05,275.85,6.4321,56.32,273.744,260.3618,0,1,1,0,0,0,291.7,0.54,9,7.8,1,2026-09-15,257.65,1,2026-09-15,291.7,5.29,12,271.05,2026-10-02,1,1.26,257.65,2026-09-15,1,1.06,274.35,2026-08-20,1,0.64,2026-09-29,4,2.37,0.25,gruen,0,0,2.89,-3.55,0,0,0
ENR.DE,ENR.DE,Aktie,ENR.DE,0,Yahoo,ENR.DE,,2026-10-06,147.26,146.44,151.0,143.96,4.6971,54.12,147.0367,144.9107,0,1,1,0,0,0,165.86,1.16,13,5.2,4,2026-08-14,131.28,1,2026-10-01,165.86,7.36,24,142.92,2026-10-05,1,0.63,140.5,2026-10-01,1,0.91,139.16,2026-09-28,1,0.91,,,,,,0,0,3.33,-5.26,0,0,0
SHL.DE,SHL.DE,Aktie,SHL.DE,0,Yahoo,SHL.DE,,2026-10-06,38.07,37.84,38.6,37.7,0.8336,49.13,37.9869,38.8543,0,1,1,0,0,1,40.7,0.33,10,6.8,2,2026-10-01,37.2,2,2026-10-01,39.4,2.64,4,37.2,2026-10-05,1,0.85,37.28,2026-10-01,1,1.12,36.9,2026-09-24,1,1.2,,,,,,0,0,1.22,-3.07,0,0,0
SY1.DE,SY1.DE,Aktie,SY1.DE,0,Yahoo,SY1.DE,,2026-10-06,91.78,91.6,92.68,91.22,1.85,52.69,90.142,84.2195,0,1,1,0,0,1,95.0,0.41,10,6.7,1,2026-10-02,89.78,1,2026-10-02,94.5,2.55,5,89.78,2026-10-02,1,0.95,88.36,2026-09-18,1,3.14,86.76,2026-09-14,1,0.98,2026-07-30,47,4.96,0.25,gruen,0,0,1.55,-3.44,0,0,0
VOW3.DE,VOW3.DE,Aktie,VOW3.DE,0,Yahoo,VOW3.DE,,2026-10-06,68.6,69.18,69.3,67.9,2.3886,34.6,75.0167,83.4456,0,1,1,0,1,0,83.76,0.37,10,6.8,4,2026-09-07,67.02,4,2026-09-07,83.76,7.01,21,67.02,2026-10-05,1,0.63,70.16,2026-09-25,1,0.62,77.94,2026-09-16,1,1.14,,,,,,0,0,0.85,-4.7,0,0,0
VNA.DE,VNA.DE,Aktie,VNA.DE,0,Yahoo,VNA.DE,,2026-10-06,17.015,17.095,17.175,16.93,0.4114,32.83,18.7131,21.6319,0,1,1,0,1,0,21.68,0.91,12,4.5,1,2026-10-01,16.595,1,2026-10-01,17.59,2.42,1,16.595,2026-10-01,1,1.45,16.97,2026-09-29,1,1.18,17.08,2026-09-24,1,0.99,2026-09-30,3,2.42,0.29,rot,0,0,1.64,-3.59,0,0,0
ZAL.DE,ZAL.DE,Aktie,ZAL.DE,0,Yahoo,ZAL.DE,,2026-10-06,22.32,22.44,22.52,22.1,0.5836,46.69,23.2115,23.957,0,1,1,0,1,1,30.43,1.95,8,7.4,4,2026-07-31,21.3,,,30.43,15.65,34,21.48,2026-09-30,0,1.1,21.31,2026-09-18,1,2.2,21.3,2026-09-16,1,0.93,,,,,,0,0,0.45,-5.31,0,0,0
GC=F,Gold,Spot/Future,XAUUSD=X,1,Yahoo,GC=F,,2026-10-06,4190.2998,4195.0,4195.8999,4190.0,81.1785,38.01,4332.7358,4349.3712,0,0,1,0,1,1,4755.0,0.85,9,6.9,2,2026-09-02,4273.2998,2,2026-09-02,4755.0,7.54,23,4143.1001,2026-09-28,0,1.26,4278.2998,2026-09-24,1,0.91,4273.2998,2026-09-16,1,1.33,,,,,,0,0,-0.29,-3.28,0,0,0
SI=F,Silber,Spot/Future,XAGUSD=X,1,Yahoo,SI=F,,2026-10-06,61.645,61.785,61.785,61.635,1.264,44.03,63.9259,65.1965,0,1,1,0,1,1,71.16,1.1,11,5.5,4,2026-09-02,60.0,4,2026-09-02,71.16,8.83,22,60.0,2026-09-30,1,1.34,63.0,2026-09-24,1,0.03,63.02,2026-09-14,1,0.24,2026-09-25,6,3.38,0.71,rot,0,0,1.52,-5.29,0,0,0
PL=F,Platin,Spot/Future,XPTUSD=X,1,Yahoo,PL=F,,2026-10-06,1716.6,1719.4,1719.4,1716.2,55.2429,47.98,1787.4327,1742.0346,0,0,1,0,1,1,2197.6001,38.0,4,6.0,2,2026-05-19,1530.7,1,2026-09-29,2197.6001,12.07,13,1677.0,2026-09-29,1,2.76,1590.1,2026-07-29,1,0.17,1592.2,2026-07-20,1,0.0,2026-09-09,8,4.34,0.12,rot,0,0,0.65,-6.77,0,0,0
PA=F,Palladium,Spot/Future,XPDUSD=X,1,Yahoo,PA=F,,2026-10-06,1173.0,1169.5,1173.5,1169.0,52.1429,36.96,1360.5223,1366.2178,0,0,0,0,0,0,1590.4,0.0,2,4.0,1,2026-09-01,1317.2,1,2026-09-01,1469.5,5.76,10,1169.0,2026-10-06,0,0.15,1317.2,2026-09-01,1,0.15,1322.5,2026-08-14,1,0.02,2026-09-03,6,4.93,0.15,gruen,0,1,-9.27,-8.26,1,0,0
BZ=F,Brent Oel,Future,BZ=F,0,Yahoo,BZ=F,,2026-10-06,101.07,100.97,101.14,100.97,4.4821,51.37,97.2574,88.6314,0,0,1,0,0,1,110.19,0.34,8,8.3,2,2026-09-22,96.56,2,2026-09-22,110.19,3.04,14,96.56,2026-10-01,1,1.16,97.36,2026-09-22,1,1.14,93.17,2026-09-04,1,1.24,2026-09-11,13,3.04,0.0,gruen,0,0,-1.21,-5.84,0,0,0
CL=F,WTI Oel,Future,CL=F,0,Yahoo,CL=F,,2026-10-06,89.79,89.96,89.96,89.62,4.4893,45.41,90.1601,83.2278,0,0,1,0,1,1,106.75,0.88,9,7.1,3,2026-09-17,88.58,3,2026-09-17,106.75,4.16,13,88.06,2026-10-02,0,1.07,88.58,2026-09-30,1,0.86,88.71,2026-09-23,1,1.25,2026-03-09,145,11.68,0.0,rot,0,0,-3.32,-5.6,0,0,0
NG=F,Erdgas,Future,NG=F,0,Yahoo,NG=F,,2026-10-06,3.119,3.114,3.124,3.11,0.1414,58.62,2.9446,3.1062,0,1,1,0,0,0,3.317,3.42,11,5.5,2,2026-09-28,2.912,2,2026-09-28,3.317,2.87,6,2.912,2026-10-02,1,1.14,2.975,2026-09-28,1,1.35,2.817,2026-09-22,1,1.16,2026-09-24,6,2.87,0.0,gruen,0,0,5.12,-7.71,0,0,0
HG=F,Kupfer,Future,HG=F,0,Yahoo,HG=F,,2026-10-06,6.655,6.66,6.667,6.654,0.0889,54.77,6.5304,6.1164,0,1,1,0,1,0,6.83,2.55,8,8.6,1,2026-10-01,6.46,1,2026-10-01,6.83,4.16,7,6.46,2026-10-01,1,0.92,6.281,2026-09-14,1,0.6,6.415,2026-09-02,1,0.7,2026-09-22,9,4.16,0.05,rot,0,0,2.67,-2.8,0,0,0
ZW=F,Weizen,Future,ZW=F,0,Yahoo,ZW=F,,2026-10-06,704.5,693.25,705.0,689.0,16.9821,51.25,691.378,628.5211,0,1,1,0,0,0,775.75,2.65,12,5.1,2,2026-09-11,670.75,2,2026-09-11,775.75,6.18,20,670.75,2026-10-01,1,2.93,711.25,2026-09-18,1,2.09,707.0,2026-09-11,1,0.0,2026-09-02,22,6.18,1.1,gruen,0,0,3.19,-3.34,0,0,0
ZC=F,Mais,Future,ZC=F,0,Yahoo,ZC=F,,2026-10-06,508.5,499.25,509.0,496.0,11.2143,49.29,496.679,460.494,0,1,1,0,0,1,544.5,0.56,11,5.9,1,2026-10-01,495.0,1,2026-10-01,544.5,4.41,7,495.0,2026-10-01,1,2.18,525.5,2026-09-18,1,2.01,507.5,2026-09-11,1,0.0,2026-09-22,9,4.41,0.85,gruen,0,0,1.24,-2.52,0,0,0
CC=F,Kakao,Future,CC=F,0,Yahoo,CC=F,,2026-10-06,5762.0,5790.0,5889.0,5670.0,324.0714,52.2,5562.9263,5480.1255,0,0,1,0,1,0,6675.0,3.16,10,5.7,2,2026-09-22,5051.0,2,2026-09-22,6675.0,5.01,20,5051.0,2026-10-01,1,2.95,5111.0,2026-09-22,1,3.64,5689.0,2026-08-24,1,0.04,,,,,,0,0,7.08,-8.7,0,0,0
SB=F,Zucker,Future,SB=F,0,Yahoo,SB=F,,2026-10-06,20.87,20.7,20.95,20.58,0.6364,78.14,17.4857,15.8523,0,1,1,0,0,0,20.95,5.98,7,9.2,1,2026-09-22,17.11,1,2026-09-22,18.88,2.78,8,17.3,2026-09-29,1,0.18,17.11,2026-09-22,1,0.32,17.65,2026-09-03,1,1.36,,,,,,0,0,10.19,-3.32,0,0,0
EURUSD=X,EUR/USD,Spot,EURUSD=X,0,Yahoo,EURUSD=X,,2026-10-06,1.1261,1.1264,1.1266,1.1261,0.0062,19.62,1.1481,1.1547,0,1,1,0,1,0,1.1712,,8,7.0,3,2026-09-24,1.1162,3,2026-09-24,1.1654,7.86,18,1.1162,2026-10-05,1,,1.1328,2026-09-29,1,,1.136,2026-09-24,1,,2026-09-30,3,3.45,,rot,0,0,-0.58,-0.78,0,0,0
EURGBP=X,EUR/GBP,Spot,EURGBP=X,0,Yahoo,EURGBP=X,,2026-10-06,0.8482,0.8481,0.8484,0.8478,0.0034,28.37,0.8567,0.8608,0,0,1,0,0,1,0.8612,,9,5.9,,,,,,,,,0.846,2026-10-05,0,,0.8551,2026-09-15,1,,0.8571,2026-09-08,1,,2026-09-25,6,4.5,,gruen,0,0,-0.67,-0.47,1,0,0
EURCHF=X,EUR/CHF,Spot,EURCHF=X,0,Yahoo,EURCHF=X,,2026-10-06,0.9366,0.936,0.9368,0.9357,0.0065,44.4,0.9377,0.9293,0,1,1,0,0,1,0.9486,,9,7.5,1,2026-10-02,0.9262,1,2026-10-02,0.9486,3.45,2,0.9262,2026-10-02,1,,0.9374,2026-09-24,1,,0.9424,2026-09-14,1,,,,,,,0,0,-1.05,-0.51,1,0,0
EURDKK=X,EUR/DKK,Spot,EURDKK=X,0,Yahoo,EURDKK=X,,2026-10-06,7.4746,7.4743,7.4757,7.474,0.0015,45.62,7.4748,7.4724,0,1,1,0,0,1,7.4762,,4,17.0,4,2026-07-23,7.471,4,2026-07-23,7.476,3.31,55,7.471,2026-10-02,1,,7.4724,2026-08-28,1,,7.4727,2026-08-03,1,,,,,,,0,0,-0.01,-0.02,0,0,0
EURNOK=X,EUR/NOK,Spot,EURNOK=X,0,Yahoo,EURNOK=X,,2026-10-06,10.7533,10.7551,10.756,10.7513,0.0613,38.64,10.8646,11.0814,0,0,1,0,1,0,11.1191,,10,6.2,,,,,,,,,10.7378,2026-10-05,0,,10.7922,2026-09-28,1,,10.7525,2026-09-24,1,,2026-10-01,2,2.94,,rot,0,0,-1.35,-0.88,1,0,0
EURJPY=X,EUR/JPY,Spot,EURJPY=X,0,Yahoo,EURJPY=X,,2026-10-06,178.065,177.993,178.138,177.903,1.4444,35.83,181.3738,182.0354,0,1,1,0,0,0,187.411,,12,5.5,1,2026-10-05,176.211,1,2026-10-05,181.48,3.65,11,176.211,2026-10-05,1,,178.484,2026-09-17,1,,177.845,2026-09-14,1,,2026-09-18,7,3.65,,gruen,0,0,-0.22,-0.7,0,0,0
EURHKD=X,EUR/HKD,Spot,EURHKD=X,0,Yahoo,EURHKD=X,,2026-10-06,8.8344,8.8345,8.8383,8.8328,0.0492,20.41,9.0031,9.0403,0,1,1,0,1,1,9.1846,,9,7.4,3,2026-09-24,8.7581,3,2026-09-24,9.1383,7.73,18,8.7581,2026-10-05,1,,8.8863,2026-09-29,1,,8.909,2026-09-24,1,,2026-09-30,3,3.45,,rot,0,0,-0.59,-0.75,0,0,0
EURTWD=X,EUR/TWD,Spot,EURTWD=X,0,Yahoo,EURTWD=X,,2026-10-06,35.821,35.828,35.83,35.821,0.2185,19.09,36.5431,36.5542,0,0,1,0,1,0,37.4543,,9,7.4,4,2026-08-18,36.0569,4,2026-08-18,37.4543,9.16,45,35.4527,2026-10-05,0,,36.0569,2026-09-29,1,,36.5352,2026-09-08,1,,,,,,,0,0,-0.77,-1.22,0,0,0
EURAUD=X,EUR/AUD,Spot,EURAUD=X,0,Yahoo,EURAUD=X,,2026-10-06,1.6099,1.6102,1.6144,1.6078,0.0101,40.31,1.6239,1.6553,0,0,1,0,1,1,1.6503,,11,5.3,,,,,,,,,1.607,2026-10-05,0,,1.6165,2026-09-29,1,,1.6086,2026-09-18,1,,2026-09-30,2,2.61,,rot,0,0,-1.28,-0.82,1,0,0
EURINR=X,EUR/INR,Spot,EURINR=X,0,Yahoo,EURINR=X,,2026-10-06,108.509,108.0947,108.6442,108.0075,1.3709,46.59,109.4429,108.1198,0,1,1,0,0,0,112.034,,8,9.0,2,2026-09-07,105.575,2,2026-09-07,112.034,4.71,31,105.575,2026-10-05,1,,107.436,2026-09-14,1,,106.474,2026-09-07,1,,,,,,,0,0,-0.12,-0.88,0,0,0
EURBRL=X,EUR/BRL,Spot,EURBRL=X,0,Yahoo,EURBRL=X,,2026-10-06,5.6081,5.604,5.6091,5.604,0.0931,23.15,5.9013,5.9804,0,0,1,0,0,0,6.079,,9,7.0,4,2026-08-27,5.8173,4,2026-08-27,6.079,5.76,31,5.5432,2026-10-05,0,,5.8309,2026-10-01,1,,5.8173,2026-09-23,1,,,,,,,0,0,-4.43,-1.17,1,0,0
EURKRW=X,EUR/KRW,Spot,EURKRW=X,0,Yahoo,EURKRW=X,,2026-10-06,1504.3,1504.7,1504.7,1504.3,19.1914,27.5,1590.7424,1659.8701,0,0,1,0,1,0,1709.16,,6,10.8,1,2026-09-23,1540.28,1,2026-09-23,1594.62,4.99,10,1498.83,2026-10-05,0,,1540.28,2026-09-23,1,,1552.1899,2026-09-09,1,,2026-09-24,7,3.28,,rot,0,0,-2.07,-1.34,1,0,0
