ticker,n,vol_rel_schwelle
AAPL,1404,1.064
ABBV,1041,1.05
ABNB,497,1.027
ABT,1425,1.082
ACN,1496,1.075
ADBE,1524,1.115
ADI,1514,1.097
ADP,1395,1.082
ADS.DE,1523,1.065
ADSK,1440,1.06
AEP,1494,1.083
AIR.DE,1559,1.1
ALV.DE,1508,1.051
AMAT,1634,1.062
AMD,1547,1.025
AMGN,1353,1.069
AMT,1438,1.092
AMZN,1554,1.059
ANET,955,1.05
APH,1619,1.059
APP,429,1.076
ARM,205,0.999
ASML,1686,1.086
AVGO,1180,1.083
AXON,1346,1.034
AXP,1552,1.069
AZN,1150,1.09
BA,1421,1.078
BABA,672,1.055
BAC,1494,1.083
BAS.DE,1471,1.071
BAYN.DE,1506,1.054
BBVA,1535,1.057
BEI.DE,1482,1.061
BHP,1970,1.05
BIIB,1379,1.087
BKNG,1408,1.054
BKR,1599,1.087
BLK,1606,1.106
BMO,1630,1.088
BMW.DE,1480,1.072
BMY,1404,1.072
BNR.DE,1323,1.092
BNS,1630,1.101
BNY,1396,1.091
BP,1526,1.074
BRK-B,1401,1.07
BTC-USD,888,1.102
BTI,1263,1.076
BZ=F,1374,1.148
C,1511,1.063
CAT,1509,1.048
CB,1409,1.088
CBK.DE,1552,1.024
CC=F,1318,1.489
CCEP,1459,1.112
CDNS,1520,1.1
CDW,865,1.077
CEG,336,1.086
CHTR,1103,1.054
CL,1504,1.087
CL=F,1277,1.16
CM,1612,1.118
CMCSA,1454,1.088
CNQ,1693,1.093
COF,1588,1.086
CON.DE,1521,1.059
COP,1568,1.054
COST,1456,1.031
CPRT,1435,1.074
CRM,1472,1.066
CRWD,577,1.037
CSCO,1545,1.045
CSGP,1320,1.087
CSX,1672,1.093
CTAS,1457,1.094
CTSH,1500,1.084
CVS,1531,1.074
CVX,1610,1.058
DASH,462,0.97
DB1.DE,1452,1.076
DBK.DE,1637,1.069
DDOG,574,1.049
DE,1504,1.063
DELL,737,1.042
DHL.DE,1513,1.073
DHR,1621,1.098
DIS,1540,1.063
DTE.DE,1449,1.071
DTG.DE,398,1.014
DUK,1395,1.093
DXCM,1254,1.08
EMR,1600,1.089
ENB,1459,1.118
ENR.DE,438,1.08
EOAN.DE,1423,1.072
EQIX,1462,1.067
EQNR,1617,1.077
ETN,1695,1.082
EXC,1319,1.093
FANG,1018,1.05
FAST,1388,1.088
FDX,1577,1.061
FRE.DE,1470,1.067
FTNT,1193,1.068
GC=F,1351,0.77
GD,1514,1.092
GE,1536,1.086
GEHC,254,1.035
GEV,161,1.094
GFS,320,1.096
GILD,1426,1.07
GLW,1576,1.071
GM,1372,1.063
GOOG,1550,1.061
GOOGL,1573,1.056
GS,1594,1.039
GSK,1384,1.078
HD,1555,1.048
HDB,1509,1.073
HEI.DE,1549,1.101
HEN3.DE,1358,1.077
HG=F,1529,0.74
HNR1.DE,1370,1.079
HON,1558,1.065
HSBC,1658,1.081
IBM,1511,1.033
IBN,1408,1.042
IDXX,1332,1.087
IFX.DE,1604,1.066
ILMN,1347,1.05
ING,1524,1.099
INTC,1543,1.068
INTU,1427,1.083
ISRG,1384,1.06
JNJ,1362,1.051
JPM,1538,1.07
KDP,1353,1.073
KHC,846,1.052
KLAC,1629,1.101
KO,1388,1.06
LIN,1526,1.102
LLY,1323,1.059
LMT,1477,1.049
LOW,1632,1.074
LRCX,1584,1.097
LULU,1450,1.047
MA,1492,1.101
MAR,1530,1.086
MBG.DE,1660,1.065
MCD,1517,1.093
MCHP,1469,1.075
MCK,1343,1.092
MDB,603,1.03
MDLZ,1414,1.076
MDT,1518,1.064
MELI,1371,1.074
META,1082,1.04
MFG,1489,1.042
MMM,1579,1.054
MNST,1407,1.056
MO,1320,1.085
MPC,1190,1.081
MRK,1449,1.054
MRK.DE,1519,1.084
MRNA,547,1.004
MRVL,1616,1.06
MS,1695,1.077
MSFT,1538,1.077
MSTR,1419,1.024
MTX.DE,1485,1.088
MU,1647,1.086
MUFG,1459,1.034
MUV2.DE,1485,1.074
NEE,1521,1.092
NEM,1716,1.065
NET,532,1.055
NFLX,1514,1.025
NG=F,1553,1.131
NKE,1587,1.073
NOW,1149,1.074
NVDA,1475,1.042
NVO,1378,1.053
NVS,1624,1.057
NXPI,1230,1.101
ODFL,1522,1.042
ON,1547,1.07
ORCL,1347,1.062
ORLY,1325,1.081
P911.DE,293,1.07
PA=F,910,0.37
PAH3.DE,1280,1.061
PANW,1002,1.058
PAYX,1463,1.085
PBR,1460,1.089
PCAR,1474,1.076
PDD,733,1.0
PEP,1465,1.095
PFE,1443,1.053
PG,1503,1.06
PGR,1487,1.092
PH,1517,1.083
PL=F,1096,0.302
PLD,1465,1.099
PLTR,493,1.02
PM,1465,1.071
PSX,1178,1.055
PYPL,971,1.084
QCOM,1520,1.067
QIA.DE,1390,1.069
REGN,1378,1.044
RHM.DE,1543,1.069
RIO,1751,1.105
ROP,1487,1.079
ROST,1562,1.068
RTX,1525,1.09
RWE.DE,1262,1.056
RY,1636,1.098
SAN,1320,1.075
SAP.DE,1606,1.063
SB=F,1283,1.101
SBUX,1475,1.072
SCCO,1778,1.085
SCHW,1611,1.085
SHEL,1213,1.081
SHL.DE,622,1.044
SHOP,888,1.035
SHW,1422,1.105
SI=F,1500,0.295
SIE.DE,1571,1.049
SKHY,1490,1.041
SMFG,1591,1.049
SNDK,93,1.077
SNOW,450,1.023
SNPS,1385,1.065
SNY,1523,1.081
SO,1382,1.086
SONY,1593,1.043
SPG,1554,1.087
SPGI,1386,1.086
SPOT,702,1.081
SRT3.DE,1276,1.069
STX,1492,1.089
SY1.DE,1416,1.06
SYK,1369,1.1
T,1589,1.091
TD,1716,1.083
TEAM,861,1.07
TJX,1461,1.071
TM,1549,1.052
TMO,1628,1.107
TMUS,1362,1.099
TRV,1425,1.105
TSLA,1256,1.052
TSM,1491,1.031
TTD,813,1.019
TTE,1702,1.083
TTWO,1377,1.038
TXN,1567,1.105
UBER,610,1.024
UBS,1502,1.078
UL,1538,1.116
UNH,1451,1.033
UNP,1514,1.086
UPS,1470,1.072
USB,1501,1.09
V,1403,1.104
VLO,1635,1.059
VNA.DE,989,1.109
VOW3.DE,1382,1.053
VRSK,1105,1.081
VRTX,1307,1.048
VZ,1425,1.105
WDAY,869,1.069
WDC,1610,1.04
WELL,1394,1.098
WFC,1534,1.057
WMT,1485,1.054
XEL,1470,1.104
XOM,1649,1.068
ZAL.DE,899,1.042
ZS,627,1.019
ZW=F,1561,1.439
