ticker,datum,stunden_erfasst,reihen_lage,reihen_abweichung,tages_offen,tages_hoch,tages_tief,tages_schluss,atr,tief_marke,tief_datum,tief_bestaetigt,tief_urteil,tief_stunden_drunter,tief_abstand_atr,tief_tiefster_punkt_atr,hoch_marke,hoch_datum,hoch_urteil,hoch_stunden_drueber,hoch_abstand_atr,stand_gehalten
AAPL,2026-10-08,7,ok,0.0,336.83,341.57,335.9,340.42,6.235,330.62,2026-10-06,1,unberuehrt,0,1.572,0.847,336.21,2026-10-05,gebrochen,7,0.675,0
ABBV,2026-10-08,7,ok,0.0,270.98,272.515,265.71,272.42,5.6407,265.71,2026-10-08,0,unberuehrt,0,1.19,0.0,274.94,2026-10-07,unberuehrt,0,-0.447,0
ABNB,2026-10-08,7,ok,0.0001,160.22,164.65,159.61,163.22,5.4853,158.656,2026-10-07,1,unberuehrt,0,0.832,0.174,164.91,2026-10-02,unberuehrt,0,-0.308,0
ABT,2026-10-08,7,ok,0.0,98.56,99.2,97.2,98.49,2.1721,97.2,2026-10-08,0,angetestet,0,0.594,-0.0,100.95,2026-10-06,unberuehrt,0,-1.133,0
ACN,2026-10-08,7,ok,0.0004,197.73,209.06,193.221,208.45,10.5043,192.58,2026-10-06,1,unberuehrt,0,1.511,0.061,227.63,2026-10-01,unberuehrt,0,-1.826,0
ADBE,2026-10-08,7,ok,0.0,232.82,241.19,231.65,241.06,8.1964,227.0,2026-10-07,1,unberuehrt,0,1.715,0.567,248.3,2026-10-01,unberuehrt,0,-0.883,0
ADI,2026-10-08,7,ok,0.0005,404.315,410.78,399.55,406.15,10.9107,399.54,2026-10-08,0,unberuehrt,0,0.606,0.001,422.67,2026-10-06,unberuehrt,0,-1.514,0
ADP,2026-10-08,7,ok,0.0,264.9,271.73,263.45,270.73,5.9157,255.96,2026-10-05,1,unberuehrt,0,2.497,1.266,266.46,2026-10-01,gebrochen,4,0.722,0
ADS.DE,2026-10-09,5,ok,0.0,147.45,150.2,147.0,149.85,3.5286,138.35,2026-10-02,1,unberuehrt,0,3.259,2.451,148.4,2026-09-28,gebrochen,5,0.411,0
ADSK,2026-10-08,7,ok,0.0006,232.56,236.0,230.61,233.74,7.3864,199.18,2026-09-29,1,unberuehrt,0,4.679,4.255,222.0,2026-09-22,gebrochen,7,1.589,0
AEP,2026-10-08,7,ok,0.0001,122.105,122.905,121.36,122.33,1.9021,118.63,2026-10-05,1,unberuehrt,0,1.945,1.435,121.8,2026-10-02,gebrochen,5,0.279,0
AIR.DE,2026-10-09,5,ok,0.0,188.42,188.54,186.36,187.0,4.4129,183.92,2026-10-08,0,unberuehrt,0,0.698,0.553,192.0,2026-10-02,unberuehrt,0,-1.133,0
ALV.DE,2026-10-09,5,ok,0.0002,418.3,419.0,416.9,419.0,7.8071,411.3,2026-10-08,1,unberuehrt,0,0.986,0.717,423.7,2026-10-06,unberuehrt,0,-0.602,0
AMAT,2026-10-08,7,ok,0.0003,509.935,523.34,502.65,509.72,17.5,502.65,2026-10-08,0,unberuehrt,0,0.404,0.0,547.25,2026-10-02,unberuehrt,0,-2.145,0
AMD,2026-10-08,7,ok,0.0001,639.2,643.85,613.3388,620.73,24.7136,613.34,2026-10-08,0,angetestet,0,0.299,-0.0,658.52,2026-10-06,unberuehrt,0,-1.529,0
AMGN,2026-10-08,7,ok,0.0006,410.01,411.84,400.06,407.21,10.8529,400.06,2026-10-08,0,unberuehrt,0,0.659,0.0,415.79,2026-10-07,unberuehrt,0,-0.791,0
AMT,2026-10-08,7,ok,0.0004,166.84,167.42,163.66,166.8,3.6393,163.66,2026-10-08,0,unberuehrt,0,0.863,0.0,168.3,2026-10-07,unberuehrt,0,-0.412,0
AMZN,2026-10-08,7,ok,0.0002,259.72,259.8599,253.78,254.12,5.4257,244.73,2026-09-28,1,unberuehrt,0,1.731,1.668,250.88,2026-09-25,gebrochen,7,0.597,0
ANET,2026-10-08,7,ok,0.0006,213.19,217.32,209.51,210.85,6.1698,200.771,2026-10-01,1,unberuehrt,0,1.634,1.416,212.0,2026-09-25,zurueckerobert,4,-0.186,0
APH,2026-10-08,7,ok,0.0001,86.23,87.405,83.96,85.33,2.7114,83.96,2026-10-08,0,unberuehrt,0,0.505,0.0,89.93,2026-10-06,unberuehrt,0,-1.697,0
APP,2026-10-08,7,ok,0.0004,277.5,280.12,271.1,280.02,14.4781,269.41,2026-10-07,0,unberuehrt,0,0.733,0.117,287.2,2026-10-05,unberuehrt,0,-0.496,0
ARM,2026-10-08,7,ok,0.0005,284.68,285.1493,270.26,275.435,19.7669,270.26,2026-10-08,0,unberuehrt,0,0.262,0.0,318.362,2026-10-02,unberuehrt,0,-2.172,0
ASML,2026-10-09,5,ok,0.0004,1611.0,1630.2,1604.0,1627.8,46.1143,1569.6,2026-10-08,0,unberuehrt,0,1.262,0.746,1673.8,2026-10-06,unberuehrt,0,-0.998,0
AVGO,2026-10-08,7,ok,0.0,370.73,373.35,357.4101,360.15,10.5914,357.41,2026-10-08,0,unberuehrt,0,0.259,0.0,380.84,2026-10-06,unberuehrt,0,-1.953,0
AXON,2026-10-08,7,ok,0.0,403.31,420.97,399.33,417.33,16.0114,399.33,2026-10-08,0,unberuehrt,0,1.124,0.0,424.24,2026-10-06,unberuehrt,0,-0.432,0
AXP,2026-10-08,7,ok,0.0004,301.5,308.06,300.47,307.98,5.3886,299.36,2026-10-07,1,unberuehrt,0,1.6,0.206,307.3,2026-10-06,gebrochen,1,0.126,0
AZN,2026-10-09,5,ok,0.0007,120.24,121.04,119.82,120.7,2.6309,118.9,2026-10-08,0,unberuehrt,0,0.684,0.35,121.8,2026-10-07,unberuehrt,0,-0.418,0
BA,2026-10-08,7,ok,0.0001,185.9,187.77,184.25,187.77,6.1571,184.25,2026-10-08,0,unberuehrt,0,0.572,0.0,196.93,2026-10-02,unberuehrt,0,-1.488,0
BABA,2026-10-09,7,ok,0.0,104.4,107.3,104.3,107.0,3.6571,102.6,2026-10-07,1,unberuehrt,0,1.203,0.465,109.2,2026-10-06,unberuehrt,0,-0.602,0
BAC,2026-10-08,7,ok,0.0004,52.98,53.6,52.24,53.59,1.0036,52.24,2026-10-08,0,unberuehrt,0,1.345,0.0,54.46,2026-10-06,unberuehrt,0,-0.867,0
BAS.DE,2026-10-09,5,ok,0.0,51.95,52.26,51.29,51.6,1.0929,49.16,2026-10-01,1,unberuehrt,0,2.233,1.949,50.93,2026-09-30,gebrochen,5,0.613,0
BAYN.DE,2026-10-09,5,ok,0.0002,42.7,43.42,42.56,43.35,1.3571,42.56,2026-10-09,0,unberuehrt,0,0.582,0.0,45.26,2026-10-06,unberuehrt,0,-1.407,0
BBVA,2026-10-09,5,ok,0.0,23.46,23.47,23.18,23.35,0.6071,22.77,2026-10-08,1,unberuehrt,0,0.955,0.675,24.52,2026-10-06,unberuehrt,0,-1.927,0
BEI.DE,2026-10-09,5,ok,0.0003,78.96,79.46,78.36,78.74,1.7257,75.16,2026-10-02,1,unberuehrt,0,2.075,1.854,80.08,2026-09-28,unberuehrt,0,-0.776,0
BHP,2026-10-09,7,ok,0.0,61.18,61.235,60.48,60.94,1.1068,60.48,2026-10-09,0,unberuehrt,0,0.416,0.0,62.92,2026-10-06,unberuehrt,0,-1.789,0
BIIB,2026-10-08,7,ok,0.0,220.3,223.085,215.73,218.43,5.8993,215.73,2026-10-08,0,unberuehrt,0,0.458,0.0,228.0,2026-10-07,unberuehrt,0,-1.622,0
BKNG,2026-10-08,7,ok,0.0003,154.53,160.68,154.26,159.93,5.6564,154.06,2026-10-05,1,unberuehrt,0,1.038,0.035,166.19,2026-09-28,unberuehrt,0,-1.107,0
BKR,2026-10-08,7,ok,0.0002,55.85,56.46,55.575,56.29,1.4557,54.9,2026-10-07,0,unberuehrt,0,0.955,0.464,57.97,2026-10-05,unberuehrt,0,-1.154,0
BLK,2026-10-08,7,ok,0.0002,1055.96,1070.3824,1052.1,1065.59,22.48,1052.1,2026-10-08,0,unberuehrt,0,0.6,0.0,1086.45,2026-10-06,unberuehrt,0,-0.928,0
BMO,2026-10-08,7,ok,0.0,160.01,162.14,159.56,160.7,3.0293,159.56,2026-10-08,0,unberuehrt,0,0.376,0.0,166.74,2026-10-06,unberuehrt,0,-1.994,0
BMW.DE,2026-10-09,5,ok,0.0004,52.92,53.3,52.66,53.12,1.7714,51.98,2026-10-08,0,unberuehrt,0,0.644,0.384,56.42,2026-09-30,unberuehrt,0,-1.863,0
BMY,2026-10-08,7,ok,0.0003,59.1,59.94,58.73,59.56,1.4186,58.33,2026-10-05,0,unberuehrt,0,0.867,0.282,64.13,2026-09-30,unberuehrt,0,-3.222,0
BNR.DE,2026-10-09,5,ok,0.0,61.44,62.52,61.38,62.04,1.19,58.1,2026-10-01,1,unberuehrt,0,3.311,2.756,60.28,2026-09-28,gebrochen,5,1.479,0
BNS,2026-10-08,7,ok,0.0001,86.5,88.28,86.42,87.58,1.5571,86.42,2026-10-08,0,unberuehrt,0,0.745,0.0,91.66,2026-10-02,unberuehrt,0,-2.62,0
BNY,2026-10-08,7,ok,0.0,142.17,144.035,141.33,143.61,2.7436,140.76,2026-10-07,1,unberuehrt,0,1.039,0.208,145.9,2026-10-02,unberuehrt,0,-0.835,0
BP,2026-10-09,5,ok,0.0002,5.793,5.81,5.727,5.799,0.1548,5.495,2026-10-06,1,unberuehrt,0,1.964,1.499,5.64,2026-10-05,gebrochen,5,1.027,0
BRK-B,2026-10-08,7,ok,0.0001,506.61,513.1499,505.27,511.1,5.1636,495.96,2026-10-01,1,unberuehrt,0,2.932,1.803,507.24,2026-09-28,gebrochen,4,0.748,0
BTI,2026-10-09,5,ok,0.0002,42.03,42.1,41.5,41.76,0.8689,39.47,2026-10-05,1,unberuehrt,0,2.636,2.336,42.42,2026-09-28,unberuehrt,0,-0.76,0
C,2026-10-08,7,ok,0.0,126.605,128.09,125.35,128.075,2.9457,124.1,2026-10-07,1,unberuehrt,0,1.349,0.424,130.07,2026-10-06,unberuehrt,0,-0.677,0
CAT,2026-10-08,7,ok,0.0,808.7,821.9067,788.89,796.17,26.0364,788.89,2026-10-08,0,unberuehrt,0,0.28,0.0,876.95,2026-10-06,unberuehrt,0,-3.103,0
CB,2026-10-08,7,ok,0.0,335.27,344.97,335.27,343.78,5.1386,325.0,2026-10-01,1,unberuehrt,0,3.655,1.999,339.66,2026-09-23,gebrochen,4,0.802,0
CBK.DE,2026-10-09,5,ok,0.0,38.02,38.35,37.92,38.11,0.9943,37.64,2026-10-08,0,unberuehrt,0,0.473,0.282,40.2,2026-10-06,unberuehrt,0,-2.102,0
CCEP,2026-10-08,7,ok,0.0001,101.27,104.07,100.92,103.65,2.0736,100.46,2026-10-07,1,unberuehrt,0,1.538,0.222,103.27,2026-10-06,gebrochen,3,0.183,0
CDNS,2026-10-08,7,ok,0.0001,354.04,357.875,347.64,348.86,12.46,347.64,2026-10-08,0,unberuehrt,0,0.098,0.0,361.91,2026-10-06,unberuehrt,0,-1.047,0
CDW,2026-10-08,7,ok,0.0001,136.5,141.81,135.855,139.89,5.3479,127.77,2026-09-30,1,unberuehrt,0,2.266,1.512,150.34,2026-09-22,unberuehrt,0,-1.954,0
CEG,2026-10-08,7,ok,0.0004,297.25,306.99,280.16,284.96,14.4786,280.16,2026-10-08,0,unberuehrt,0,0.332,0.0,309.8,2026-10-06,unberuehrt,0,-1.716,0
CHTR,2026-10-08,7,ok,0.0,106.96,112.18,106.21,109.67,5.1921,106.02,2026-10-07,1,unberuehrt,0,0.703,0.037,112.87,2026-10-06,unberuehrt,0,-0.616,0
CL,2026-10-08,7,ok,0.0001,87.28,88.38,87.09,88.11,1.3943,83.99,2026-10-02,1,unberuehrt,0,2.955,2.223,87.22,2026-09-30,gebrochen,7,0.638,0
CM,2026-10-08,7,ok,0.0,107.52,108.94,107.0795,108.18,2.0757,107.08,2026-10-08,0,angetestet,0,0.53,-0.0,111.78,2026-10-06,unberuehrt,0,-1.734,0
CMCSA,2026-10-08,7,ok,0.0005,20.91,21.23,20.745,21.22,0.5557,20.75,2026-10-08,0,angetestet,0,0.846,-0.009,21.76,2026-10-06,unberuehrt,0,-0.972,0
CNQ,2026-10-08,7,ok,0.0004,48.3,49.18,48.19,49.07,1.1829,46.58,2026-09-29,1,unberuehrt,0,2.105,1.361,48.28,2026-09-28,gebrochen,7,0.668,0
COF,2026-10-08,7,ok,0.0,193.5,199.57,193.03,199.4,4.3029,193.03,2026-10-08,0,unberuehrt,0,1.48,0.0,197.92,2026-10-06,gebrochen,2,0.344,0
CON.DE,2026-10-09,5,ok,0.0003,68.5,69.02,68.3,68.86,1.6629,68.1,2026-10-08,0,unberuehrt,0,0.457,0.12,71.84,2026-10-07,unberuehrt,0,-1.792,0
COP,2026-10-08,7,ok,0.0,132.76,134.77,132.135,134.19,3.2093,123.46,2026-09-29,1,unberuehrt,0,3.343,2.703,130.97,2026-09-24,gebrochen,7,1.003,0
COST,2026-10-08,7,ok,0.0,952.01,953.25,939.6017,947.92,15.9436,903.78,2026-10-01,1,unberuehrt,0,2.769,2.247,931.09,2026-09-28,gebrochen,7,1.056,0
CPRT,2026-10-08,7,ok,0.0003,26.56,27.57,26.485,27.4707,0.6707,26.39,2026-10-07,1,unberuehrt,0,1.611,0.142,27.71,2026-10-05,unberuehrt,0,-0.357,0
CRM,2026-10-08,7,ok,0.0003,225.46,227.95,220.29,227.73,7.8586,220.29,2026-10-08,0,unberuehrt,0,0.947,0.0,239.45,2026-10-01,unberuehrt,0,-1.491,0
CRWD,2026-10-08,7,ok,0.0002,264.624,272.5,261.62,262.97,10.7345,261.62,2026-10-08,0,unberuehrt,0,0.126,0.0,286.99,2026-10-06,unberuehrt,0,-2.238,0
CSCO,2026-10-08,7,ok,0.0001,116.055,117.18,114.72,114.9,2.6314,104.51,2026-09-22,1,unberuehrt,0,3.948,3.88,111.5,2026-09-21,gebrochen,7,1.292,0
CSGP,2026-10-08,7,ok,0.0002,27.6,29.83,27.58,29.805,0.99,26.52,2026-09-29,1,unberuehrt,0,3.318,1.071,28.63,2026-09-25,gebrochen,5,1.187,0
CSX,2026-10-08,7,ok,0.0,46.83,47.445,46.76,47.34,0.7964,46.76,2026-10-07,0,unberuehrt,0,0.728,0.0,47.73,2026-10-06,unberuehrt,0,-0.49,0
CTAS,2026-10-08,7,ok,0.0001,198.28,201.23,197.02,201.1,3.9307,191.85,2026-10-02,1,unberuehrt,0,2.353,1.315,201.45,2026-09-28,unberuehrt,0,-0.089,0
CTSH,2026-10-08,7,ok,0.0002,57.16,60.225,54.7,60.02,2.545,54.7,2026-10-08,0,unberuehrt,0,2.09,0.0,64.74,2026-10-01,unberuehrt,0,-1.855,0
CVS,2026-10-08,7,ok,0.0,87.86,88.5,86.82,87.8,2.0357,86.82,2026-10-08,0,unberuehrt,0,0.481,0.0,89.93,2026-10-07,unberuehrt,0,-1.046,0
CVX,2026-10-08,7,ok,0.0003,209.32,212.355,208.96,211.605,4.2693,201.96,2026-10-05,1,unberuehrt,0,2.259,1.64,207.41,2026-10-01,gebrochen,7,0.983,0
DASH,2026-10-08,7,ok,0.0003,190.49,192.1,188.141,191.66,7.4636,188.08,2026-10-08,0,unberuehrt,0,0.48,0.008,194.24,2026-10-05,unberuehrt,0,-0.346,0
DB1.DE,2026-10-09,5,ok,0.0,293.8,298.0,293.2,296.1,4.7286,290.5,2026-10-07,1,unberuehrt,0,1.184,0.571,296.8,2026-10-06,zurueckerobert,3,-0.148,0
DBK.DE,2026-10-09,5,ok,0.0,30.0,30.22,29.91,30.19,0.875,29.28,2026-10-08,1,unberuehrt,0,1.04,0.72,31.655,2026-10-06,unberuehrt,0,-1.674,0
DDOG,2026-10-08,7,ok,0.0004,271.75,278.8982,269.38,273.69,11.2365,269.38,2026-10-08,0,unberuehrt,0,0.384,0.0,285.68,2026-10-06,unberuehrt,0,-1.067,0
DE,2026-10-08,7,ok,0.0,651.15,657.21,638.15,652.61,18.615,638.15,2026-10-08,0,unberuehrt,0,0.777,0.0,692.83,2026-10-06,unberuehrt,0,-2.161,0
DELL,2026-10-08,7,ok,0.0003,568.8,585.745,564.51,574.73,24.9993,560.38,2026-10-07,1,unberuehrt,0,0.574,0.165,587.19,2026-10-06,unberuehrt,0,-0.498,0
DHL.DE,2026-10-09,5,ok,0.0007,55.36,55.88,55.18,55.88,1.1043,54.6,2026-10-08,1,unberuehrt,0,1.159,0.525,56.84,2026-10-06,unberuehrt,0,-0.869,0
DHR,2026-10-08,7,ok,0.0,217.4,218.23,211.715,217.45,6.8021,211.72,2026-10-08,0,angetestet,0,0.842,-0.001,227.61,2026-10-06,unberuehrt,0,-1.494,0
DIS,2026-10-08,7,ok,0.0006,104.81,107.41,104.0453,107.08,2.0279,101.15,2026-10-01,1,unberuehrt,0,2.924,1.428,106.58,2026-09-28,gebrochen,4,0.247,0
DTE.DE,2026-10-09,5,ok,0.0004,25.28,25.33,24.61,25.05,0.6621,24.61,2026-10-09,0,unberuehrt,0,0.665,0.0,27.15,2026-10-08,unberuehrt,0,-3.172,0
DTG.DE,2026-10-09,5,ok,0.0005,41.0,41.23,40.88,41.15,0.8414,40.3,2026-10-08,1,unberuehrt,0,1.01,0.689,41.31,2026-10-06,unberuehrt,0,-0.19,0
DUK,2026-10-08,7,ok,0.0,115.6,116.92,114.87,116.84,1.4829,113.29,2026-10-05,1,unberuehrt,0,2.394,1.066,115.17,2026-10-02,gebrochen,5,1.126,0
DXCM,2026-10-08,7,ok,0.0002,84.2,84.54,83.075,84.43,1.9957,82.86,2026-10-06,0,unberuehrt,0,0.787,0.108,87.7,2026-10-01,unberuehrt,0,-1.639,0
EMR,2026-10-08,7,ok,0.0,157.93,159.66,156.25,159.06,3.8386,156.25,2026-10-08,0,unberuehrt,0,0.732,0.0,165.24,2026-10-06,unberuehrt,0,-1.61,0
ENB,2026-10-08,7,ok,0.0004,46.2,46.75,46.07,46.52,0.7064,45.49,2026-10-05,1,unberuehrt,0,1.458,0.821,46.94,2026-09-30,unberuehrt,0,-0.595,0
ENR.DE,2026-10-09,5,ok,0.0003,143.02,145.18,142.1,144.98,4.7614,140.18,2026-10-08,1,unberuehrt,0,1.008,0.403,151.0,2026-10-06,unberuehrt,0,-1.264,0
EOAN.DE,2026-10-09,5,ok,0.0,17.145,17.18,16.985,17.06,0.3196,16.57,2026-10-01,1,unberuehrt,0,1.533,1.298,17.22,2026-09-30,unberuehrt,0,-0.501,0
EQIX,2026-10-08,7,ok,0.0004,1027.22,1027.22,995.13,1011.6,26.1479,995.13,2026-10-08,0,unberuehrt,0,0.63,0.0,1052.3199,2026-10-06,unberuehrt,0,-1.557,0
EQNR,2026-10-09,5,ok,0.0002,408.2,413.3,407.0,412.1,10.9929,391.4,2026-10-01,1,unberuehrt,0,1.883,1.419,419.3,2026-09-24,unberuehrt,0,-0.655,0
ETN,2026-10-08,7,ok,0.0001,426.8,439.01,421.415,424.47,13.115,421.42,2026-10-08,0,angetestet,0,0.233,-0.0,446.73,2026-10-06,unberuehrt,0,-1.697,0
EXC,2026-10-08,7,ok,0.0002,41.44,41.765,41.1,41.72,0.665,41.1,2026-10-08,0,unberuehrt,0,0.932,0.0,41.8,2026-10-07,unberuehrt,0,-0.12,0
FANG,2026-10-08,7,ok,0.0005,187.39,192.3823,187.39,191.58,4.4693,181.85,2026-10-07,1,unberuehrt,0,2.177,1.24,186.18,2026-09-30,gebrochen,7,1.208,0
FAST,2026-10-08,7,ok,0.0002,49.74,50.815,49.55,50.5,0.9557,49.54,2026-10-08,0,unberuehrt,0,1.004,0.01,51.39,2026-10-06,unberuehrt,0,-0.931,0
FDX,2026-10-08,7,ok,0.0006,288.6,292.06,286.461,291.55,6.0179,283.99,2026-10-01,1,unberuehrt,0,1.256,0.411,290.16,2026-09-29,gebrochen,3,0.231,0
FRE.DE,2026-10-09,5,ok,0.0004,41.855,42.67,41.855,42.465,1.2589,41.425,2026-10-08,0,unberuehrt,0,0.826,0.342,47.295,2026-09-28,unberuehrt,0,-3.837,0
FTNT,2026-10-08,7,ok,0.0,189.55,191.5,187.83,189.1,5.615,169.56,2026-09-28,1,unberuehrt,0,3.48,3.254,181.37,2026-09-24,gebrochen,7,1.377,0
GD,2026-10-08,7,ok,0.0001,326.0,331.3,322.0,329.93,6.1271,322.0,2026-10-08,0,unberuehrt,0,1.294,0.0,362.39,2026-09-17,unberuehrt,0,-5.298,0
GE,2026-10-08,7,ok,0.0001,299.98,306.56,296.61,305.65,7.91,296.61,2026-10-08,0,unberuehrt,0,1.143,0.0,324.08,2026-09-29,unberuehrt,0,-2.33,0
GEHC,2026-10-08,7,ok,0.0001,64.41,64.505,63.315,64.225,1.4571,63.315,2026-10-08,0,unberuehrt,0,0.625,0.0,66.55,2026-10-06,unberuehrt,0,-1.596,0
GEV,2026-10-08,7,ok,0.0002,985.91,1027.0,973.365,999.14,35.3773,973.365,2026-10-08,0,unberuehrt,0,0.729,0.0,1052.78,2026-10-06,unberuehrt,0,-1.516,0
GFS,2026-10-08,7,ok,0.0008,49.01,51.45,47.68,49.4,1.8571,47.18,2026-10-07,1,unberuehrt,0,1.195,0.269,49.47,2026-10-06,zurueckerobert,5,-0.038,0
GILD,2026-10-08,7,ok,0.0005,146.73,147.59,144.65,147.03,3.4257,144.65,2026-10-08,0,unberuehrt,0,0.695,0.0,148.6,2026-10-07,unberuehrt,0,-0.458,0
GLW,2026-10-08,7,ok,0.0001,158.26,160.26,150.94,152.815,7.8793,150.94,2026-10-08,0,unberuehrt,0,0.238,0.0,170.63,2026-10-06,unberuehrt,0,-2.261,0
GM,2026-10-08,7,ok,0.0001,80.3,82.48,80.11,82.26,2.4457,80.11,2026-10-08,0,unberuehrt,0,0.879,0.0,82.15,2026-10-06,gebrochen,2,0.045,0
GOOGL,2026-10-08,7,ok,0.0,353.65,356.83,346.52,348.3,8.8143,338.02,2026-09-29,1,unberuehrt,0,1.166,0.964,347.03,2026-09-25,gebrochen,7,0.144,0
GS,2026-10-08,7,ok,0.0011,880.57,887.49,876.77,881.64,19.6064,868.52,2026-10-07,0,unberuehrt,0,0.669,0.421,905.94,2026-10-06,unberuehrt,0,-1.239,0
GSK,2026-10-09,5,ok,0.0006,17.52,17.715,17.52,17.63,0.4166,17.355,2026-10-08,0,unberuehrt,0,0.66,0.396,17.91,2026-10-07,unberuehrt,0,-0.672,0
HD,2026-10-08,7,ok,0.0001,284.53,295.74,282.84,295.44,6.6736,279.76,2026-10-05,1,unberuehrt,0,2.35,0.462,287.7,2026-10-02,gebrochen,7,1.16,0
HDB,2026-10-09,7,ok,0.0,696.8,710.0,695.45,707.25,15.4322,690.5,2026-10-08,1,unberuehrt,0,1.085,0.321,739.65,2026-09-25,unberuehrt,0,-2.1,0
HEI.DE,2026-10-09,5,ok,0.0003,142.55,144.8,142.1,144.35,4.5571,138.8,2026-10-08,1,unberuehrt,0,1.218,0.724,148.85,2026-10-05,unberuehrt,0,-0.987,0
HEN3.DE,2026-10-09,5,ok,0.0,74.44,75.66,74.4,75.06,1.3029,71.42,2026-10-01,1,unberuehrt,0,2.794,2.287,75.6,2026-09-22,angetestet,0,-0.414,0
HNR1.DE,2026-10-09,5,ok,0.0,264.0,265.4,263.8,265.0,4.3714,246.8,2026-10-01,1,unberuehrt,0,4.163,3.889,260.8,2026-09-25,gebrochen,5,0.961,0
HON,2026-10-08,7,ok,0.0,206.49,207.57,204.23,206.61,3.9107,204.23,2026-10-08,0,unberuehrt,0,0.609,0.0,216.13,2026-10-02,unberuehrt,0,-2.434,0
HONA,2026-10-08,7,ok,0.0001,151.73,154.3,149.882,154.0,4.95,149.88,2026-10-08,0,unberuehrt,0,0.832,0.0,160.0,2026-10-06,unberuehrt,0,-1.212,0
HSBC,2026-10-09,5,ok,0.0006,13.972,14.006,13.86,13.958,0.3206,13.68,2026-10-08,1,unberuehrt,0,0.867,0.561,14.774,2026-10-06,unberuehrt,0,-2.545,0
IBM,2026-10-08,7,ok,0.0,220.15,227.305,217.795,226.6,5.755,217.8,2026-10-08,0,angetestet,0,1.529,-0.001,224.51,2026-10-06,gebrochen,2,0.363,0
IBN,2026-10-09,7,ok,0.0,1356.0,1359.2,1342.6,1355.0,21.8214,1291.0,2026-09-29,1,unberuehrt,0,2.933,2.365,1454.0,2026-08-31,unberuehrt,0,-4.537,0
IDXX,2026-10-08,7,ok,0.0003,506.67,514.51,506.29,513.01,12.2743,501.17,2026-10-07,0,unberuehrt,0,0.965,0.417,536.84,2026-09-29,unberuehrt,0,-1.941,0
IFX.DE,2026-10-09,5,ok,0.0002,58.62,60.16,58.33,60.09,2.6714,58.17,2026-10-08,0,unberuehrt,0,0.719,0.06,64.99,2026-10-05,unberuehrt,0,-1.834,0
ILMN,2026-10-08,7,ok,0.0002,264.34,266.135,254.0,264.61,15.3271,254.0,2026-10-08,0,unberuehrt,0,0.692,0.0,309.35,2026-10-06,unberuehrt,0,-2.919,0
ING,2026-10-09,5,ok,0.0003,29.655,29.715,29.385,29.7,0.6843,29.36,2026-10-08,0,unberuehrt,0,0.497,0.037,31.665,2026-10-06,unberuehrt,0,-2.872,0
INTC,2026-10-08,7,ok,0.0006,110.38,111.6,105.24,107.14,6.37,105.24,2026-10-08,0,unberuehrt,0,0.298,0.0,126.0,2026-10-02,unberuehrt,0,-2.961,0
INTU,2026-10-08,7,ok,0.0,296.755,304.0,291.94,303.88,10.9164,262.32,2026-09-28,1,unberuehrt,0,3.807,2.713,342.31,2026-09-14,unberuehrt,0,-3.52,0
ISRG,2026-10-08,7,ok,0.0001,411.6,416.72,407.7,415.46,10.8964,389.11,2026-10-05,1,unberuehrt,0,2.418,1.706,416.51,2026-09-28,angetestet,0,-0.096,0
JNJ,2026-10-08,7,ok,0.0001,256.22,257.8,251.945,256.495,5.0779,251.95,2026-10-08,0,angetestet,0,0.895,-0.001,260.68,2026-10-07,unberuehrt,0,-0.824,0
JPM,2026-10-08,7,ok,0.0001,327.25,332.31,325.625,331.46,5.8636,325.07,2026-10-07,1,unberuehrt,0,1.09,0.095,334.85,2026-10-02,unberuehrt,0,-0.578,0
KDP,2026-10-08,7,ok,0.0,30.7,31.345,30.6001,31.26,0.8829,30.06,2026-09-30,0,unberuehrt,0,1.359,0.612,32.14,2026-09-23,unberuehrt,0,-0.997,0
KHC,2026-10-08,7,ok,0.0002,22.09,22.59,21.995,22.475,0.535,21.76,2026-10-06,1,unberuehrt,0,1.336,0.439,24.8,2026-09-21,unberuehrt,0,-4.346,0
KLAC,2026-10-08,7,ok,0.0002,192.655,202.22,191.09,196.76,7.4586,191.09,2026-10-08,0,angetestet,0,0.76,-0.0,208.68,2026-10-02,unberuehrt,0,-1.598,0
KO,2026-10-08,7,ok,0.0,86.26,88.035,86.08,87.77,1.29,85.67,2026-10-07,1,unberuehrt,0,1.628,0.318,87.29,2026-10-06,gebrochen,4,0.372,0
LIN,2026-10-08,7,ok,0.0001,484.91,486.6,480.22,481.65,8.3443,480.22,2026-10-08,0,unberuehrt,0,0.171,0.0,492.1,2026-10-06,unberuehrt,0,-1.252,0
LLY,2026-10-08,7,ok,0.0002,1183.5,1186.0903,1131.21,1169.85,37.1036,1131.21,2026-10-08,0,unberuehrt,0,1.041,0.0,1206.63,2026-10-07,unberuehrt,0,-0.991,0
LMT,2026-10-08,7,ok,0.0001,499.12,509.08,497.0,507.85,10.0914,497.0,2026-10-08,0,unberuehrt,0,1.075,0.0,510.87,2026-10-06,unberuehrt,0,-0.299,0
LOW,2026-10-08,7,ok,0.0,180.5,189.45,180.0,188.85,4.6307,178.45,2026-10-05,1,unberuehrt,0,2.246,0.335,185.16,2026-10-02,gebrochen,4,0.797,0
LRCX,2026-10-08,7,ok,0.0005,320.76,331.79,316.68,320.74,12.5714,316.66,2026-10-08,0,unberuehrt,0,0.325,0.002,352.56,2026-10-02,unberuehrt,0,-2.531,0
LULU,2026-10-08,7,ok,0.0001,90.945,93.58,90.38,92.69,3.2286,90.38,2026-10-08,0,unberuehrt,0,0.715,0.0,94.59,2026-10-06,unberuehrt,0,-0.588,0
MA,2026-10-08,7,ok,0.0003,568.49,581.59,568.49,574.6,9.9479,545.41,2026-10-02,1,unberuehrt,0,2.934,2.32,571.35,2026-09-22,gebrochen,7,0.327,0
MAR,2026-10-08,7,ok,0.0,355.17,363.83,354.62,361.08,6.8957,354.62,2026-10-08,0,unberuehrt,0,0.937,0.0,362.46,2026-10-06,zurueckerobert,2,-0.2,0
MBG.DE,2026-10-09,5,ok,0.0,39.05,39.57,38.945,39.455,1.0657,38.89,2026-10-08,0,unberuehrt,0,0.53,0.052,41.53,2026-10-07,unberuehrt,0,-1.947,0
MCD,2026-10-08,7,ok,0.0001,231.21,237.5,230.2,236.88,4.8186,230.2,2026-10-08,0,unberuehrt,0,1.386,0.0,234.3,2026-10-06,gebrochen,6,0.535,0
MCHP,2026-10-08,7,ok,0.0003,76.845,77.16,74.62,75.54,2.81,74.6,2026-10-08,0,unberuehrt,0,0.335,0.007,82.56,2026-10-06,unberuehrt,0,-2.498,0
MCK,2026-10-08,7,ok,0.0003,906.65,938.51,906.65,930.53,24.7843,847.29,2026-09-29,1,unberuehrt,0,3.359,2.395,907.07,2026-09-23,gebrochen,7,0.947,0
MDB,2026-10-08,7,ok,0.0001,359.9,372.96,357.59,371.33,26.9901,357.365,2026-10-07,1,unberuehrt,0,0.517,0.008,374.79,2026-10-06,unberuehrt,0,-0.128,0
MDLZ,2026-10-08,7,ok,0.0001,59.83,60.7999,59.62,60.675,1.1336,57.35,2026-10-01,1,unberuehrt,0,2.933,2.003,62.19,2026-09-24,unberuehrt,0,-1.336,0
MDT,2026-10-08,7,ok,0.0001,85.9,88.475,85.55,87.74,2.1621,85.43,2026-10-07,1,unberuehrt,0,1.068,0.056,88.5,2026-10-06,unberuehrt,0,-0.352,0
MELI,2026-10-08,7,ok,0.0007,1867.54,1872.479,1840.17,1855.28,57.8036,1668.4399,2026-10-01,1,unberuehrt,0,3.232,2.971,1739.88,2026-09-30,gebrochen,7,1.996,0
META,2026-10-08,7,ok,0.0001,724.54,724.76,711.6832,720.84,27.3929,711.68,2026-10-08,0,unberuehrt,0,0.334,0.0,779.82,2026-09-24,unberuehrt,0,-2.153,0
MFG,2026-10-09,7,ok,0.0016,8376.0,8399.0,8151.0,8227.0,272.8571,8151.0,2026-10-09,0,unberuehrt,0,0.279,0.0,8903.0,2026-10-07,unberuehrt,0,-2.477,0
MMM,2026-10-08,7,ok,0.0001,160.89,164.23,159.925,163.57,3.3471,159.93,2026-10-08,0,angetestet,0,1.087,-0.001,164.3,2026-10-06,unberuehrt,0,-0.218,0
MNST,2026-10-08,7,ok,0.0002,43.01,44.1186,42.9,43.66,1.0336,42.56,2026-10-07,1,unberuehrt,0,1.064,0.329,43.64,2026-10-05,gebrochen,4,0.019,0
MO,2026-10-08,7,ok,0.0,70.0,71.84,70.0,71.42,1.3171,65.78,2026-10-05,1,unberuehrt,0,4.282,3.204,69.6,2026-09-28,gebrochen,7,1.382,0
MPC,2026-10-08,7,ok,0.0001,449.45,467.85,447.59,463.38,17.605,380.0,2026-09-29,1,unberuehrt,0,4.736,3.839,398.33,2026-09-28,gebrochen,7,3.695,0
MRK,2026-10-08,7,ok,0.0001,141.9,142.77,138.89,142.39,3.6593,138.89,2026-10-08,0,unberuehrt,0,0.956,0.0,144.15,2026-10-07,unberuehrt,0,-0.481,0
MRK.DE,2026-10-09,5,ok,0.0,136.95,138.6,136.9,137.6,3.2964,135.4,2026-10-08,0,unberuehrt,0,0.667,0.455,142.6,2026-10-06,unberuehrt,0,-1.517,0
MRNA,2026-10-08,7,ok,0.001,196.43,199.92,192.71,197.2,15.7141,182.5,2026-10-07,1,unberuehrt,0,0.935,0.65,212.22,2026-10-06,unberuehrt,0,-0.956,0
MRVL,2026-10-08,7,ok,0.0002,277.6,283.89,265.79,274.61,13.7364,265.79,2026-10-08,0,unberuehrt,0,0.642,0.0,280.0,2026-10-02,zurueckerobert,1,-0.392,0
MS,2026-10-08,7,ok,0.0001,186.81,188.54,186.15,187.42,4.2343,185.22,2026-10-07,0,unberuehrt,0,0.52,0.22,193.14,2026-10-06,unberuehrt,0,-1.351,0
MSFT,2026-10-08,7,ok,0.0002,529.39,533.51,518.79,522.69,12.4286,518.79,2026-10-08,0,unberuehrt,0,0.314,0.0,535.69,2026-10-06,unberuehrt,0,-1.046,0
MSTR,2026-10-08,7,ok,0.0007,150.176,153.6314,147.38,151.37,8.6314,147.37,2026-10-08,0,unberuehrt,0,0.463,0.001,170.17,2026-10-02,unberuehrt,0,-2.178,0
MTX.DE,2026-10-09,5,ok,0.0,348.9,350.7,344.5,345.7,9.8286,340.0,2026-10-08,1,unberuehrt,0,0.58,0.458,380.9,2026-09-30,unberuehrt,0,-3.581,0
MU,2026-10-08,7,ok,0.0004,1077.38,1088.4999,1032.1,1035.4399,44.795,1011.42,2026-10-07,0,unberuehrt,0,0.536,0.462,1108.0,2026-10-02,unberuehrt,0,-1.62,0
MUFG,2026-10-09,7,ok,0.0017,3530.0,3540.0,3453.0,3468.0,90.1429,3453.0,2026-10-09,0,unberuehrt,0,0.166,0.0,3703.0,2026-10-07,unberuehrt,0,-2.607,0
MUV2.DE,2026-10-09,5,ok,0.0004,523.8,526.6,520.8,524.0,8.6143,492.2,2026-10-01,1,unberuehrt,0,3.692,3.32,516.2,2026-09-25,gebrochen,5,0.905,0
NEE,2026-10-08,7,ok,0.0001,77.1,77.62,76.43,77.365,1.3793,76.43,2026-10-08,0,unberuehrt,0,0.678,0.0,78.16,2026-10-07,unberuehrt,0,-0.576,0
NEM,2026-10-08,7,ok,0.0,113.19,115.91,112.68,115.55,3.5514,111.75,2026-10-07,1,unberuehrt,0,1.07,0.262,117.33,2026-10-06,unberuehrt,0,-0.501,0
NET,2026-10-08,7,ok,0.0006,340.02,349.78,337.0,341.7,15.3507,337.0,2026-10-08,0,unberuehrt,0,0.306,0.0,370.35,2026-10-06,unberuehrt,0,-1.866,0
NFLX,2026-10-08,7,ok,0.0001,70.09,71.615,69.72,71.58,1.5479,66.54,2026-10-05,1,unberuehrt,0,3.256,2.054,73.87,2026-09-21,unberuehrt,0,-1.479,0
NKE,2026-10-08,7,ok,0.0,34.125,34.87,33.83,34.74,1.1621,31.97,2026-10-02,1,unberuehrt,0,2.384,1.6,36.67,2026-09-28,unberuehrt,0,-1.661,0
NOW,2026-10-08,7,ok,0.0001,139.25,142.51,135.58,139.73,5.3936,133.47,2026-10-02,1,unberuehrt,0,1.161,0.391,140.8,2026-10-01,angetestet,0,-0.198,0
NVDA,2026-10-08,7,ok,0.0004,234.93,237.07,229.85,230.57,5.3514,229.85,2026-10-08,0,unberuehrt,0,0.135,0.0,243.37,2026-10-06,unberuehrt,0,-2.392,0
NVO,2026-10-09,5,ok,0.0,252.5,255.2,252.0,253.95,5.7357,243.15,2026-10-05,1,unberuehrt,0,1.883,1.543,255.9,2026-09-28,unberuehrt,0,-0.34,0
NVS,2026-10-09,5,ok,0.0002,118.8,119.28,118.44,118.78,2.2871,117.26,2026-10-08,0,unberuehrt,0,0.665,0.516,120.02,2026-10-07,unberuehrt,0,-0.542,0
NXPI,2026-10-08,7,ok,0.0,229.45,231.29,224.165,231.075,7.3364,224.17,2026-10-08,0,angetestet,0,0.941,-0.001,245.35,2026-10-06,unberuehrt,0,-1.946,0
ODFL,2026-10-08,7,ok,0.0,175.82,182.27,175.79,181.65,4.6871,175.42,2026-10-07,1,unberuehrt,0,1.329,0.079,182.91,2026-10-02,unberuehrt,0,-0.269,0
ON,2026-10-08,7,ok,0.0,80.47,81.595,78.54,79.4132,3.285,78.54,2026-10-08,0,unberuehrt,0,0.266,0.0,86.92,2026-10-06,unberuehrt,0,-2.285,0
ORCL,2026-10-08,7,ok,0.001,141.43,142.775,134.66,135.555,5.865,134.66,2026-10-08,0,unberuehrt,0,0.153,0.0,146.94,2026-10-06,unberuehrt,0,-1.941,0
ORLY,2026-10-08,7,ok,0.0001,84.87,86.675,84.5919,86.0,1.8364,83.01,2026-10-05,1,unberuehrt,0,1.628,0.861,87.02,2026-09-28,unberuehrt,0,-0.555,0
P911.DE,2026-10-09,5,ok,0.0,41.46,42.27,40.77,41.57,1.7136,40.7,2026-10-08,0,unberuehrt,0,0.508,0.041,46.37,2026-09-30,unberuehrt,0,-2.801,0
PAH3.DE,2026-10-09,5,ok,0.0008,24.75,25.05,24.63,25.03,0.7493,24.29,2026-10-05,1,unberuehrt,0,0.988,0.454,26.3,2026-09-30,unberuehrt,0,-1.695,0
PANW,2026-10-08,7,ok,0.0004,403.69,411.8899,395.8,398.36,15.9693,395.8,2026-10-08,0,angetestet,0,0.16,-0.0,432.33,2026-10-06,unberuehrt,0,-2.127,0
PAYX,2026-10-08,7,ok,0.0,101.46,104.64,101.41,104.46,3.1271,98.5,2026-10-02,1,unberuehrt,0,1.906,0.931,101.33,2026-10-01,gebrochen,7,1.001,0
PBR,2026-10-08,7,ok,0.0037,61.18,62.48,60.78,62.16,1.8036,52.91,2026-09-29,1,unberuehrt,0,5.129,4.364,54.61,2026-09-28,gebrochen,7,4.186,0
PCAR,2026-10-08,7,ok,0.0,106.26,109.69,105.4412,109.66,2.52,105.44,2026-10-08,0,unberuehrt,0,1.675,0.0,110.33,2026-10-06,unberuehrt,0,-0.266,0
PDD,2026-10-08,7,ok,0.0,77.87,78.845,77.75,78.26,1.6371,74.72,2026-10-02,1,unberuehrt,0,2.162,1.851,78.94,2026-09-28,unberuehrt,0,-0.415,0
PEP,2026-10-08,7,ok,0.0022,124.305,128.77,124.05,128.62,2.5021,123.47,2026-10-07,1,unberuehrt,0,2.058,0.232,127.21,2026-10-06,gebrochen,2,0.564,0
PFE,2026-10-08,7,ok,0.0007,27.9,28.0,27.475,27.84,0.5357,27.48,2026-10-08,0,angetestet,0,0.672,-0.009,28.17,2026-10-07,unberuehrt,0,-0.616,0
PG,2026-10-08,7,ok,0.0,147.5,150.76,147.05,150.59,2.4707,143.4,2026-10-01,1,unberuehrt,0,2.91,1.477,149.2,2026-09-24,gebrochen,4,0.563,0
PGR,2026-10-08,7,ok,0.0,215.31,220.04,214.645,218.72,4.6729,200.96,2026-09-24,1,unberuehrt,0,3.801,2.929,222.08,2026-09-14,unberuehrt,0,-0.719,0
PH,2026-10-08,7,ok,0.0007,946.83,953.51,937.84,946.305,19.7086,937.84,2026-10-08,0,unberuehrt,0,0.43,0.0,992.0,2026-10-06,unberuehrt,0,-2.319,0
PLD,2026-10-08,7,ok,0.0,127.16,129.425,126.62,129.29,2.0814,126.62,2026-10-08,0,angetestet,0,1.283,-0.0,129.79,2026-10-02,unberuehrt,0,-0.24,0
PLTR,2026-10-08,7,ok,0.0003,199.0,204.44,195.65,198.72,5.8287,187.63,2026-10-05,1,unberuehrt,0,1.903,1.376,194.78,2026-10-02,gebrochen,7,0.676,0
PM,2026-10-08,7,ok,0.0,194.84,202.6994,192.97,200.51,4.5364,184.11,2026-10-05,1,unberuehrt,0,3.615,1.953,195.22,2026-09-30,gebrochen,7,1.166,0
PSX,2026-10-08,7,ok,0.0002,274.89,282.64,274.04,281.53,9.365,248.51,2026-09-29,1,unberuehrt,0,3.526,2.726,259.11,2026-09-28,gebrochen,7,2.394,0
PYPL,2026-10-08,7,ok,0.0002,54.385,55.13,53.98,55.03,1.4949,53.98,2026-10-08,0,unberuehrt,0,0.702,0.0,55.355,2026-10-07,unberuehrt,0,-0.217,0
QCOM,2026-10-08,7,ok,0.0001,174.48,176.28,171.02,176.03,7.7843,171.02,2026-10-08,0,unberuehrt,0,0.644,0.0,188.95,2026-10-02,unberuehrt,0,-1.66,0
QIA.DE,2026-10-09,5,ok,0.0,40.0,40.405,39.84,40.015,1.2732,38.995,2026-10-08,1,unberuehrt,0,0.801,0.664,42.345,2026-10-06,unberuehrt,0,-1.83,0
REGN,2026-10-08,7,ok,0.0001,742.12,744.5,723.647,739.5,21.8471,723.65,2026-10-08,0,angetestet,0,0.725,-0.0,753.68,2026-10-07,unberuehrt,0,-0.649,0
RHM.DE,2026-10-09,5,ok,0.0002,926.6,932.2,920.8,930.0,30.2071,909.0,2026-10-08,0,unberuehrt,0,0.695,0.391,987.1,2026-10-06,unberuehrt,0,-1.89,0
RIO,2026-10-09,5,ok,0.0008,70.92,71.42,70.64,71.35,1.5869,68.46,2026-10-08,1,unberuehrt,0,1.821,1.374,72.57,2026-10-06,unberuehrt,0,-0.769,0
ROP,2026-10-08,7,ok,0.0,357.73,364.855,354.37,364.24,9.2286,354.37,2026-10-08,0,unberuehrt,0,1.07,0.0,365.24,2026-10-07,unberuehrt,0,-0.108,0
ROST,2026-10-08,7,ok,0.0002,224.78,227.49,223.43,225.24,4.8207,221.77,2026-10-06,1,unberuehrt,0,0.72,0.344,239.73,2026-09-28,unberuehrt,0,-3.006,0
RTX,2026-10-08,7,ok,0.0001,180.25,184.74,179.02,184.3,3.4614,179.02,2026-10-08,0,unberuehrt,0,1.525,0.0,195.07,2026-09-23,unberuehrt,0,-3.111,0
RWE.DE,2026-10-09,5,ok,0.0,57.72,58.1,57.52,58.02,1.1457,57.08,2026-10-08,0,unberuehrt,0,0.82,0.384,60.0,2026-09-30,unberuehrt,0,-1.728,0
RY,2026-10-08,7,ok,0.0004,190.0,191.585,188.79,190.49,3.115,188.79,2026-10-08,0,unberuehrt,0,0.546,0.0,197.13,2026-10-06,unberuehrt,0,-2.132,0
SAN,2026-10-09,5,ok,0.0002,12.09,12.17,11.992,12.1,0.3259,11.89,2026-10-08,1,unberuehrt,0,0.644,0.313,12.59,2026-10-06,unberuehrt,0,-1.504,0
SAP.DE,2026-10-09,5,ok,0.0007,188.98,192.58,188.86,190.96,5.3629,182.26,2026-09-24,1,unberuehrt,0,1.622,1.231,187.8,2026-09-23,gebrochen,5,0.589,0
SBUX,2026-10-08,7,ok,0.0001,93.0,94.15,87.35,93.22,2.2979,87.35,2026-10-08,0,unberuehrt,0,2.555,0.0,96.73,2026-10-06,unberuehrt,0,-1.528,0
SCCO,2026-10-08,7,ok,0.0003,198.0,201.23,196.56,198.61,6.7057,196.56,2026-10-08,0,unberuehrt,0,0.306,0.0,207.63,2026-10-05,unberuehrt,0,-1.345,0
SCHW,2026-10-08,7,ok,0.0,95.6,97.18,95.43,96.87,2.255,94.7,2026-10-07,1,unberuehrt,0,0.962,0.324,98.78,2026-10-06,unberuehrt,0,-0.847,0
SHEL,2026-10-09,5,ok,0.0005,37.525,37.635,37.14,37.615,0.7357,35.0169,2026-10-01,1,unberuehrt,0,3.531,2.886,36.815,2026-09-28,gebrochen,5,1.087,0
SHL.DE,2026-10-09,5,ok,0.0005,38.76,38.98,38.64,38.79,0.8429,37.2,2026-10-05,1,unberuehrt,0,1.886,1.708,38.13,2026-10-02,gebrochen,5,0.783,0
SHOP,2026-10-08,7,ok,0.0003,165.28,167.94,164.02,164.51,7.4561,126.39,2026-09-21,1,unberuehrt,0,5.113,5.047,134.74,2026-09-14,gebrochen,7,3.993,0
SHW,2026-10-08,7,ok,0.0002,312.47,321.39,311.23,320.98,8.0679,311.12,2026-10-07,1,unberuehrt,0,1.222,0.014,322.85,2026-10-06,unberuehrt,0,-0.232,0
SIE.DE,2026-10-09,5,ok,0.0002,267.5,271.5,267.45,271.45,6.5929,263.05,2026-10-08,1,unberuehrt,0,1.274,0.667,280.05,2026-10-06,unberuehrt,0,-1.304,0
SKHY,2026-10-08,6,ok,0.0107,1723000.0,1759000.0,1692000.0,1699000.0,69071.4286,1681000.0,2026-10-08,0,unberuehrt,0,0.261,0.159,1855000.0,2026-10-02,unberuehrt,0,-2.259,0
SMFG,2026-10-09,7,ok,0.0046,3331.0,3343.0,3245.0,3271.0,91.3571,3245.0,2026-10-09,0,unberuehrt,0,0.285,0.0,3473.0,2026-10-07,unberuehrt,0,-2.211,0
SNDK,2026-10-08,7,ok,0.0,1669.49,1674.999,1584.15,1609.5,88.7771,1584.141,2026-10-08,0,unberuehrt,0,0.286,0.0,1802.0,2026-10-01,unberuehrt,0,-2.168,0
SNOW,2026-10-08,7,ok,0.0005,332.11,344.6599,332.11,343.56,12.3316,332.0,2026-10-07,1,unberuehrt,0,0.937,0.009,349.0,2026-10-06,unberuehrt,0,-0.441,0
SNPS,2026-10-08,7,ok,0.0002,501.47,511.95,495.49,497.84,20.8179,403.33,2026-09-29,1,unberuehrt,0,4.54,4.427,445.92,2026-09-25,gebrochen,7,2.494,0
SNY,2026-10-09,5,ok,0.0003,72.11,72.33,71.35,71.56,1.6732,69.75,2026-10-02,0,unberuehrt,0,1.082,0.956,75.3,2026-10-01,unberuehrt,0,-2.235,0
SO,2026-10-08,7,ok,0.0001,85.32,86.23,84.945,86.14,1.2607,82.01,2026-10-01,1,unberuehrt,0,3.276,2.328,83.98,2026-09-30,gebrochen,7,1.713,0
SONY,2026-10-09,7,ok,0.001,3806.0,3822.0,3741.0,3818.0,76.3571,3662.0,2026-10-08,1,unberuehrt,0,2.043,1.035,3797.0,2026-10-07,gebrochen,3,0.275,0
SPCX,2026-10-08,7,ok,0.0004,167.5,167.6,160.29,160.63,6.5693,160.0,2026-10-08,0,unberuehrt,0,0.096,0.044,176.42,2026-10-06,unberuehrt,0,-2.404,0
SPG,2026-10-08,7,ok,0.0,197.43,200.045,196.76,199.61,2.65,196.76,2026-10-08,0,angetestet,0,1.075,-0.0,203.32,2026-10-06,unberuehrt,0,-1.4,0
SPGI,2026-10-08,7,ok,0.0,396.42,403.39,393.88,402.72,8.2893,389.28,2026-10-07,1,unberuehrt,0,1.621,0.555,398.88,2026-10-06,gebrochen,4,0.463,0
SPOT,2026-10-08,7,ok,0.0002,514.25,528.39,512.79,526.53,16.6211,470.25,2026-10-05,1,unberuehrt,0,3.386,2.559,514.6,2026-09-25,gebrochen,7,0.718,0
SRT3.DE,2026-10-09,5,ok,0.0,250.3,253.2,250.3,252.3,9.8714,244.1,2026-10-08,0,unberuehrt,0,0.831,0.628,271.9,2026-10-06,unberuehrt,0,-1.986,0
STX,2026-10-08,7,ok,0.0002,794.13,801.9499,770.06,774.96,55.1164,770.06,2026-10-08,0,unberuehrt,0,0.089,0.0,903.0,2026-10-05,unberuehrt,0,-2.323,0
SY1.DE,2026-10-09,5,ok,0.0,91.46,92.7,91.11,92.26,1.6557,90.0,2026-10-08,1,unberuehrt,0,1.365,0.67,92.68,2026-10-06,angetestet,0,-0.254,0
SYK,2026-10-08,7,ok,0.0003,275.72,277.97,271.67,277.05,6.6014,271.67,2026-10-08,0,unberuehrt,0,0.815,0.0,286.09,2026-10-05,unberuehrt,0,-1.369,0
T,2026-10-08,7,ok,0.0006,24.62,24.97,24.5,24.885,0.4436,23.97,2026-10-06,1,unberuehrt,0,2.063,1.195,25.81,2026-09-24,unberuehrt,0,-2.085,0
TD,2026-10-08,7,ok,0.0,113.01,114.65,112.67,114.035,2.0943,112.67,2026-10-08,0,angetestet,0,0.652,-0.0,118.75,2026-10-06,unberuehrt,0,-2.251,0
TEAM,2026-10-08,7,ok,0.0,196.97,203.89,196.1,203.57,9.007,168.05,2026-09-29,1,unberuehrt,0,3.944,3.114,200.0,2026-09-22,gebrochen,4,0.396,0
TJX,2026-10-08,7,ok,0.0001,138.41,139.15,136.52,138.73,2.8793,136.52,2026-10-08,0,unberuehrt,0,0.768,0.0,139.62,2026-10-07,unberuehrt,0,-0.309,0
TM,2026-10-09,7,ok,0.0003,2920.0,2923.0,2891.0,2911.5,50.3929,2889.0,2026-10-08,1,unberuehrt,0,0.446,0.04,2944.5,2026-10-07,unberuehrt,0,-0.655,0
TMO,2026-10-08,7,ok,0.0003,657.53,658.56,635.32,651.77,19.3128,635.32,2026-10-08,0,unberuehrt,0,0.852,0.0,694.33,2026-10-06,unberuehrt,0,-2.204,0
TMUS,2026-10-08,7,ok,0.0005,168.42,171.8,167.92,171.22,3.6486,160.81,2026-10-02,1,unberuehrt,0,2.853,1.949,167.74,2026-09-24,gebrochen,7,0.954,0
TRV,2026-10-08,7,ok,0.0001,360.63,372.13,360.12,370.29,6.6371,357.61,2026-10-05,1,unberuehrt,0,1.91,0.378,362.75,2026-10-02,gebrochen,6,1.136,0
TSLA,2026-10-08,7,ok,0.0001,374.12,375.96,368.0301,375.04,11.0664,368.03,2026-10-08,0,unberuehrt,0,0.633,0.0,383.33,2026-10-06,unberuehrt,0,-0.749,0
TSM,2026-10-08,5,ok,0.0039,2550.0,2575.0,2550.0,2560.0,38.2143,2550.0,2026-10-08,0,unberuehrt,0,0.262,0.0,2590.0,2026-10-06,unberuehrt,0,-0.785,0
TTD,2026-10-08,7,ok,0.0,12.14,12.35,12.075,12.34,0.4316,11.62,2026-10-07,1,unberuehrt,0,1.668,1.054,12.12,2026-10-06,gebrochen,6,0.51,0
TTE,2026-10-09,5,ok,0.0001,77.3,77.49,76.51,77.45,1.885,73.45,2026-10-02,1,unberuehrt,0,2.122,1.623,81.27,2026-09-28,unberuehrt,0,-2.027,0
TTWO,2026-10-08,7,ok,0.0,204.75,212.33,203.72,209.38,5.3621,200.44,2026-10-01,1,unberuehrt,0,1.667,0.612,210.15,2026-09-30,zurueckerobert,2,-0.144,0
TXN,2026-10-08,7,ok,0.0001,285.46,290.49,283.265,288.24,7.3543,283.27,2026-10-08,0,angetestet,0,0.676,-0.001,298.75,2026-10-06,unberuehrt,0,-1.429,0
UBER,2026-10-08,7,ok,0.0001,68.175,70.32,68.0,70.245,1.5374,68.0,2026-10-08,0,unberuehrt,0,1.46,0.0,70.01,2026-10-05,gebrochen,1,0.153,0
UBS,2026-10-09,5,ok,0.0008,39.08,39.8,39.02,39.8,1.0771,38.83,2026-10-08,1,unberuehrt,0,0.901,0.176,40.82,2026-10-06,unberuehrt,0,-0.947,0
UL,2026-10-09,5,ok,0.0001,46.91,47.165,46.47,46.625,0.7555,36.44,2026-06-08,1,unberuehrt,0,13.481,13.276,49.355,2026-05-20,unberuehrt,0,-3.613,0
UNH,2026-10-08,7,ok,0.0004,374.22,376.45,368.5,370.81,8.0479,368.5,2026-10-08,0,unberuehrt,0,0.287,0.0,383.48,2026-10-07,unberuehrt,0,-1.574,0
UNP,2026-10-08,7,ok,0.0,274.91,279.03,274.2201,278.19,4.5164,268.26,2026-09-21,0,unberuehrt,0,2.199,1.32,292.58,2026-09-04,unberuehrt,0,-3.186,0
UPS,2026-10-08,7,ok,0.0,92.15,94.505,92.03,94.13,1.9979,91.56,2026-10-05,1,unberuehrt,0,1.286,0.235,103.08,2026-09-15,unberuehrt,0,-4.48,0
USB,2026-10-08,7,ok,0.0,56.005,57.045,55.63,57.03,1.0571,55.63,2026-10-08,0,unberuehrt,0,1.324,0.0,57.88,2026-10-02,unberuehrt,0,-0.804,0
V,2026-10-08,7,ok,0.0001,371.4,379.99,370.3748,375.12,6.3414,356.75,2026-10-02,1,unberuehrt,0,2.897,2.149,377.17,2026-09-14,zurueckerobert,3,-0.323,0
VLO,2026-10-08,7,ok,0.0003,429.92,446.478,427.43,443.93,17.7536,379.57,2026-09-29,1,unberuehrt,0,3.625,2.696,395.85,2026-09-28,gebrochen,7,2.708,0
VNA.DE,2026-10-09,5,ok,0.0,16.54,16.61,16.245,16.36,0.4304,16.185,2026-10-08,0,unberuehrt,0,0.407,0.139,17.175,2026-10-06,unberuehrt,0,-1.894,0
VOW3.DE,2026-10-09,5,ok,0.0006,66.84,67.72,66.7,67.54,2.1457,66.6,2026-10-08,0,unberuehrt,0,0.438,0.047,72.02,2026-10-07,unberuehrt,0,-2.088,0
VRSK,2026-10-08,7,ok,0.0005,169.39,176.27,169.39,175.57,4.4243,161.51,2026-10-05,1,unberuehrt,0,3.178,1.781,171.31,2026-10-01,gebrochen,6,0.963,0
VRTX,2026-10-08,7,ok,0.0003,503.14,507.87,498.9,503.39,11.5771,498.9,2026-10-08,0,unberuehrt,0,0.388,0.0,511.51,2026-10-07,unberuehrt,0,-0.701,0
VZ,2026-10-08,7,ok,0.0001,46.06,46.545,45.715,46.355,0.7971,45.72,2026-10-08,0,angetestet,0,0.797,-0.006,46.58,2026-10-07,unberuehrt,0,-0.282,0
WDAY,2026-10-08,7,ok,0.0001,184.08,188.265,183.67,187.82,6.3636,173.17,2026-08-12,1,unberuehrt,0,2.302,1.65,185.82,2026-08-10,gebrochen,4,0.314,0
WDC,2026-10-08,7,ok,0.0004,398.612,407.45,390.6,393.16,27.2371,390.6,2026-10-08,0,unberuehrt,0,0.094,0.0,447.71,2026-10-05,unberuehrt,0,-2.003,0
WELL,2026-10-08,7,ok,0.0,221.11,224.7487,220.0,223.04,4.8564,220.0,2026-10-08,0,unberuehrt,0,0.626,0.0,237.32,2026-09-25,unberuehrt,0,-2.94,0
WFC,2026-10-08,7,ok,0.0001,79.9,82.17,79.7,82.04,1.7643,79.07,2026-10-07,1,unberuehrt,0,1.683,0.357,82.22,2026-10-05,unberuehrt,0,-0.102,0
WMT,2026-10-08,7,ok,0.0003,108.8,111.13,108.56,110.59,2.31,103.39,2026-10-05,1,unberuehrt,0,3.117,2.238,105.14,2026-10-02,gebrochen,7,2.359,0
XEL,2026-10-08,7,ok,0.0003,72.64,73.54,72.46,73.38,1.2107,69.5,2026-10-01,1,unberuehrt,0,3.205,2.445,71.37,2026-09-30,gebrochen,7,1.66,0
XOM,2026-10-08,7,ok,0.0003,167.11,169.19,166.71,168.55,3.5464,160.81,2026-10-01,1,unberuehrt,0,2.182,1.664,164.37,2026-09-30,gebrochen,7,1.179,0
ZAL.DE,2026-10-09,5,ok,0.0,23.0,24.0,22.98,23.87,0.6771,21.48,2026-09-30,1,unberuehrt,0,3.53,2.215,22.75,2026-09-24,gebrochen,5,1.654,0
ZS,2026-10-08,7,ok,0.0,214.38,218.82,212.38,216.81,9.3185,195.11,2026-10-02,1,unberuehrt,0,2.329,1.853,203.44,2026-10-01,gebrochen,7,1.435,0
