ticker,wochentag,faelle,schluss_ueber_eroeffnung_pct,erst_runter_pct,mittlere_tagesrendite_pct
AAPL,Montag,943,56.2,55.2,0.211
AAPL,Dienstag,1034,53.5,53.4,0.064
AAPL,Mittwoch,1033,52.6,51.3,0.038
AAPL,Donnerstag,1013,49.6,45.2,-0.053
AAPL,Freitag,1008,49.5,48.0,-0.041
ABBV,Montag,648,51.1,51.4,0.017
ABBV,Dienstag,713,50.4,50.9,-0.025
ABBV,Mittwoch,709,53.6,51.8,0.096
ABBV,Donnerstag,696,55.0,50.7,0.095
ABBV,Freitag,693,54.0,50.1,0.103
ABNB,Montag,271,55.7,51.3,0.0
ABNB,Dienstag,302,48.7,48.7,0.056
ABNB,Mittwoch,300,50.0,54.3,0.185
ABNB,Donnerstag,294,50.3,49.3,0.017
ABNB,Freitag,292,51.7,51.0,0.213
ABT,Montag,943,51.1,50.4,0.033
ABT,Dienstag,1034,50.5,50.5,-0.014
ABT,Mittwoch,1033,50.0,49.4,-0.02
ABT,Donnerstag,1013,54.7,50.3,0.103
ABT,Freitag,1008,52.0,49.9,0.023
ACN,Montag,943,56.0,55.6,0.138
ACN,Dienstag,1034,54.8,54.4,0.122
ACN,Mittwoch,1033,53.7,52.9,0.055
ACN,Donnerstag,1013,52.8,51.2,0.085
ACN,Freitag,1008,54.2,49.9,0.073
ADBE,Montag,943,53.0,49.1,0.012
ADBE,Dienstag,1034,52.6,51.2,0.057
ADBE,Mittwoch,1033,52.2,50.7,0.045
ADBE,Donnerstag,1013,55.3,51.3,0.115
ADBE,Freitag,1008,52.8,48.6,0.03
ADI,Montag,943,50.3,48.3,-0.001
ADI,Dienstag,1034,52.5,51.5,0.109
ADI,Mittwoch,1033,49.8,49.7,0.105
ADI,Donnerstag,1013,51.6,47.3,-0.005
ADI,Freitag,1008,49.6,47.5,-0.011
ADP,Montag,943,54.5,54.1,0.08
ADP,Dienstag,1034,51.9,49.6,0.054
ADP,Mittwoch,1033,51.9,49.0,0.042
ADP,Donnerstag,1013,53.5,50.4,0.077
ADP,Freitag,1008,54.0,47.0,0.068
ADS.DE,Montag,996,50.3,51.3,0.062
ADS.DE,Dienstag,1024,48.7,47.9,-0.02
ADS.DE,Mittwoch,1024,49.6,49.5,0.041
ADS.DE,Donnerstag,1024,47.2,46.8,-0.036
ADS.DE,Freitag,1006,50.2,47.9,0.039
ADSK,Montag,943,53.2,51.2,0.103
ADSK,Dienstag,1034,54.7,54.3,0.094
ADSK,Mittwoch,1033,52.2,50.7,0.093
ADSK,Donnerstag,1013,53.4,52.1,0.098
ADSK,Freitag,1008,52.6,49.6,0.031
AEP,Montag,943,52.7,49.0,0.045
AEP,Dienstag,1034,52.2,50.1,-0.005
AEP,Mittwoch,1033,48.7,45.9,-0.046
AEP,Donnerstag,1013,52.1,49.9,0.053
AEP,Freitag,1008,53.3,50.7,0.017
AIR.DE,Montag,996,49.0,48.7,-0.034
AIR.DE,Dienstag,1024,49.3,47.6,-0.022
AIR.DE,Mittwoch,1023,49.6,48.9,0.036
AIR.DE,Donnerstag,1023,49.3,46.6,-0.023
AIR.DE,Freitag,1006,49.8,49.2,0.023
ALV.DE,Montag,996,52.7,50.7,0.022
ALV.DE,Dienstag,1025,52.2,50.2,0.05
ALV.DE,Mittwoch,1024,48.5,47.5,-0.017
ALV.DE,Donnerstag,1024,50.4,48.3,-0.033
ALV.DE,Freitag,1006,47.4,46.9,-0.117
AMAT,Montag,943,51.6,50.7,0.071
AMAT,Dienstag,1034,51.2,49.1,0.03
AMAT,Mittwoch,1033,52.4,52.6,0.116
AMAT,Donnerstag,1013,49.7,48.4,-0.011
AMAT,Freitag,1008,47.5,49.9,0.014
AMD,Montag,943,50.1,49.4,0.072
AMD,Dienstag,1034,45.6,46.0,-0.081
AMD,Mittwoch,1033,46.9,46.9,0.024
AMD,Donnerstag,1013,46.4,45.4,-0.055
AMD,Freitag,1007,45.5,46.0,-0.136
AMGN,Montag,943,50.2,49.7,0.026
AMGN,Dienstag,1034,50.6,49.7,0.073
AMGN,Mittwoch,1033,49.9,51.4,0.086
AMGN,Donnerstag,1013,49.5,49.0,-0.031
AMGN,Freitag,1008,49.6,47.8,0.05
AMT,Montag,943,48.7,47.3,-0.094
AMT,Dienstag,1034,50.9,49.4,0.02
AMT,Mittwoch,1033,48.8,50.0,-0.032
AMT,Donnerstag,1013,53.6,52.9,0.143
AMT,Freitag,1008,53.3,51.2,0.091
AMZN,Montag,943,50.1,48.0,0.042
AMZN,Dienstag,1034,52.9,50.5,0.133
AMZN,Mittwoch,1033,49.2,48.5,0.013
AMZN,Donnerstag,1013,51.7,50.9,0.099
AMZN,Freitag,1008,47.3,45.3,-0.004
ANET,Montag,581,52.7,52.2,0.058
ANET,Dienstag,639,51.0,51.2,0.099
ANET,Mittwoch,636,53.1,49.8,0.151
ANET,Donnerstag,623,55.2,52.5,0.085
ANET,Freitag,621,50.7,49.3,0.006
APH,Montag,943,51.1,50.1,0.028
APH,Dienstag,1034,50.2,48.0,0.064
APH,Mittwoch,1033,54.4,51.9,0.084
APH,Donnerstag,1013,54.7,49.4,0.082
APH,Freitag,1008,50.9,47.8,0.007
APP,Montag,255,57.3,54.9,0.341
APP,Dienstag,284,48.6,47.5,-0.205
APP,Mittwoch,282,47.5,49.6,0.027
APP,Donnerstag,276,47.1,48.6,-0.141
APP,Freitag,277,56.0,54.2,0.404
ARM,Montag,145,57.2,54.5,0.563
ARM,Dienstag,159,47.8,42.8,-0.058
ARM,Mittwoch,156,50.0,46.8,0.223
ARM,Donnerstag,152,46.1,45.4,0.167
ARM,Freitag,154,46.8,50.0,-0.189
ASML,Montag,1012,53.2,51.1,0.089
ASML,Dienstag,1032,48.1,47.9,-0.043
ASML,Mittwoch,1032,52.3,53.6,0.065
ASML,Donnerstag,1031,49.5,47.1,-0.001
ASML,Freitag,1010,50.5,49.3,-0.005
AVGO,Montag,808,51.6,46.4,0.041
AVGO,Dienstag,888,49.0,48.1,0.02
AVGO,Mittwoch,885,51.4,52.0,0.089
AVGO,Donnerstag,870,50.9,48.6,-0.002
AVGO,Freitag,865,51.6,46.5,-0.021
AXON,Montag,943,49.4,49.6,0.043
AXON,Dienstag,1034,53.2,53.7,0.099
AXON,Mittwoch,1033,47.4,45.9,-0.021
AXON,Donnerstag,1013,50.1,49.6,-0.063
AXON,Freitag,1008,46.9,46.5,-0.066
AXP,Montag,943,51.9,49.5,-0.017
AXP,Dienstag,1034,50.6,49.8,0.018
AXP,Mittwoch,1033,52.5,53.0,0.055
AXP,Donnerstag,1013,54.1,49.9,0.058
AXP,Freitag,1008,50.1,48.7,0.048
AZN,Montag,943,50.3,53.7,0.056
AZN,Dienstag,1028,53.6,52.6,0.031
AZN,Mittwoch,1035,49.9,51.4,0.046
AZN,Donnerstag,1034,49.7,51.5,0.002
AZN,Freitag,1012,49.1,51.1,0.021
BA,Montag,943,52.3,51.1,0.085
BA,Dienstag,1034,49.2,47.5,-0.065
BA,Mittwoch,1033,47.2,47.8,-0.078
BA,Donnerstag,1013,51.0,51.9,0.011
BA,Freitag,1008,49.0,47.3,0.011
BABA,Montag,326,49.1,50.3,-0.011
BABA,Dienstag,340,44.7,46.8,-0.008
BABA,Mittwoch,338,47.3,48.8,0.185
BABA,Donnerstag,339,43.7,45.4,-0.238
BABA,Freitag,333,45.9,48.3,-0.004
BAC,Montag,943,47.2,50.4,-0.13
BAC,Dienstag,1034,49.1,50.2,-0.023
BAC,Mittwoch,1033,49.6,50.8,0.024
BAC,Donnerstag,1013,46.0,45.4,-0.109
BAC,Freitag,1008,48.7,45.5,-0.082
BAS.DE,Montag,997,51.0,50.2,0.029
BAS.DE,Dienstag,1025,52.1,50.4,0.092
BAS.DE,Mittwoch,1024,51.6,49.6,-0.007
BAS.DE,Donnerstag,1024,49.9,49.7,-0.054
BAS.DE,Freitag,1007,49.0,48.4,-0.028
BAYN.DE,Montag,993,47.9,48.1,-0.007
BAYN.DE,Dienstag,1021,49.8,50.6,0.029
BAYN.DE,Mittwoch,1021,49.9,49.1,0.012
BAYN.DE,Donnerstag,1020,48.2,45.7,-0.116
BAYN.DE,Freitag,1002,46.8,47.7,-0.067
BBVA,Montag,1010,47.6,47.3,-0.097
BBVA,Dienstag,1032,50.8,48.0,0.085
BBVA,Mittwoch,1030,51.2,48.0,0.02
BBVA,Donnerstag,1029,50.8,48.0,0.038
BBVA,Freitag,1007,49.3,47.2,0.015
BEI.DE,Montag,996,51.5,50.3,0.003
BEI.DE,Dienstag,1024,49.7,48.9,0.018
BEI.DE,Mittwoch,1024,50.5,48.7,0.059
BEI.DE,Donnerstag,1024,48.7,48.7,-0.061
BEI.DE,Freitag,1006,50.0,49.6,-0.046
BHP,Montag,968,50.2,49.7,0.013
BHP,Dienstag,1023,48.5,51.6,0.014
BHP,Mittwoch,1030,49.7,50.4,-0.02
BHP,Donnerstag,1028,47.2,48.4,-0.069
BHP,Freitag,1009,48.7,48.8,-0.028
BIIB,Montag,943,48.7,51.3,0.027
BIIB,Dienstag,1034,50.7,51.6,0.063
BIIB,Mittwoch,1033,50.0,50.9,0.113
BIIB,Donnerstag,1013,49.0,50.0,-0.015
BIIB,Freitag,1008,49.5,48.9,0.043
BKNG,Montag,943,50.2,49.4,0.012
BKNG,Dienstag,1034,54.9,54.6,0.183
BKNG,Mittwoch,1033,48.5,50.2,0.033
BKNG,Donnerstag,1013,51.5,50.9,-0.007
BKNG,Freitag,1008,48.0,48.0,-0.023
BKR,Montag,943,47.4,49.5,-0.025
BKR,Dienstag,1034,49.6,48.5,0.033
BKR,Mittwoch,1033,48.9,48.1,-0.005
BKR,Donnerstag,1013,49.2,47.9,-0.054
BKR,Freitag,1007,51.6,49.8,0.105
BLK,Montag,943,48.6,47.8,-0.096
BLK,Dienstag,1034,48.4,46.4,0.027
BLK,Mittwoch,1033,50.1,49.3,0.049
BLK,Donnerstag,1013,53.6,49.6,0.074
BLK,Freitag,1008,51.5,49.7,0.041
BMO,Montag,943,52.4,51.4,-0.001
BMO,Dienstag,1034,52.3,51.3,0.033
BMO,Mittwoch,1033,49.1,48.5,-0.017
BMO,Donnerstag,1013,50.1,48.2,-0.011
BMO,Freitag,1008,51.1,46.5,-0.012
BMW.DE,Montag,996,48.7,49.5,-0.056
BMW.DE,Dienstag,1026,49.4,48.7,0.018
BMW.DE,Mittwoch,1024,50.2,47.6,0.017
BMW.DE,Donnerstag,1024,48.1,47.5,-0.109
BMW.DE,Freitag,1007,50.0,48.3,0.066
BMY,Montag,943,48.7,52.6,-0.033
BMY,Dienstag,1034,51.7,50.5,0.01
BMY,Mittwoch,1033,48.4,49.4,0.02
BMY,Donnerstag,1013,50.4,48.6,-0.012
BMY,Freitag,1008,51.8,50.2,0.033
BNR.DE,Montag,823,48.4,47.6,-0.063
BNR.DE,Dienstag,846,48.1,47.5,-0.037
BNR.DE,Mittwoch,845,47.1,48.2,0.016
BNR.DE,Donnerstag,846,50.4,48.1,0.017
BNR.DE,Freitag,831,51.1,50.5,0.057
BNS,Montag,943,51.2,49.4,-0.012
BNS,Dienstag,1034,51.5,48.8,-0.0
BNS,Mittwoch,1033,50.0,49.8,0.018
BNS,Donnerstag,1013,51.6,47.6,-0.004
BNS,Freitag,1008,49.4,48.1,-0.007
BNY,Montag,943,52.4,53.4,0.012
BNY,Dienstag,1034,51.5,51.9,0.093
BNY,Mittwoch,1033,50.0,53.3,0.07
BNY,Donnerstag,1013,52.5,52.6,0.046
BNY,Freitag,1008,49.8,48.3,-0.016
BP,Montag,943,49.4,51.5,0.04
BP,Dienstag,1029,51.0,51.7,-0.008
BP,Mittwoch,1035,48.3,50.3,-0.02
BP,Donnerstag,1033,47.7,47.5,-0.126
BP,Freitag,1012,46.1,49.1,-0.06
BRK-B,Montag,943,47.6,45.4,-0.066
BRK-B,Dienstag,1034,48.2,44.8,0.016
BRK-B,Mittwoch,1033,48.7,46.2,-0.027
BRK-B,Donnerstag,1013,51.0,46.4,0.007
BRK-B,Freitag,1008,51.7,47.3,0.08
BTC-USD,Montag,628,54.8,53.0,0.49
BTC-USD,Dienstag,628,50.5,49.7,0.046
BTC-USD,Mittwoch,629,50.7,50.2,0.235
BTC-USD,Donnerstag,629,49.8,46.9,0.002
BTC-USD,Freitag,629,54.2,52.8,0.197
BTI,Montag,943,50.3,52.1,0.069
BTI,Dienstag,1029,50.6,49.7,0.028
BTI,Mittwoch,1035,49.9,47.3,0.027
BTI,Donnerstag,1034,48.5,46.8,-0.025
BTI,Freitag,1012,48.4,48.9,-0.049
BZ=F,Montag,893,46.8,45.8,-0.113
BZ=F,Dienstag,978,49.4,50.7,-0.057
BZ=F,Mittwoch,982,53.2,51.9,0.057
BZ=F,Donnerstag,957,51.1,49.0,0.078
BZ=F,Freitag,959,52.1,48.0,0.104
C,Montag,943,48.6,50.9,-0.143
C,Dienstag,1034,50.0,49.7,-0.034
C,Mittwoch,1033,48.9,51.3,-0.064
C,Donnerstag,1013,48.7,46.7,-0.198
C,Freitag,1008,46.7,45.5,-0.158
CAT,Montag,943,50.5,49.3,0.018
CAT,Dienstag,1034,48.2,47.9,0.015
CAT,Mittwoch,1033,48.7,49.3,-0.008
CAT,Donnerstag,1013,51.0,47.2,-0.003
CAT,Freitag,1008,52.9,47.7,0.046
CB,Montag,943,49.9,50.5,-0.009
CB,Dienstag,1034,51.9,50.4,0.042
CB,Mittwoch,1033,50.2,49.6,-0.03
CB,Donnerstag,1013,54.3,49.8,0.101
CB,Freitag,1008,48.7,46.6,0.053
CBK.DE,Montag,996,44.5,46.3,-0.277
CBK.DE,Dienstag,1024,47.7,47.4,-0.099
CBK.DE,Mittwoch,1024,48.2,46.4,-0.101
CBK.DE,Donnerstag,1023,44.8,44.5,-0.213
CBK.DE,Freitag,1006,46.4,47.0,-0.166
CC=F,Montag,865,44.4,44.5,-0.008
CC=F,Dienstag,953,50.1,51.3,0.131
CC=F,Mittwoch,968,46.4,44.8,0.025
CC=F,Donnerstag,948,45.6,48.2,-0.022
CC=F,Freitag,930,44.5,44.8,-0.079
CCEP,Montag,943,51.2,52.2,0.014
CCEP,Dienstag,1034,49.9,50.2,0.003
CCEP,Mittwoch,1033,52.9,53.7,0.057
CCEP,Donnerstag,1013,50.7,52.8,0.039
CCEP,Freitag,1008,52.4,51.7,0.055
CDNS,Montag,943,51.9,49.5,0.059
CDNS,Dienstag,1034,49.3,50.6,0.064
CDNS,Mittwoch,1033,53.0,53.2,0.155
CDNS,Donnerstag,1013,53.8,51.1,0.109
CDNS,Freitag,1008,53.0,50.1,0.06
CDW,Montag,626,51.1,51.9,0.09
CDW,Dienstag,688,54.5,52.6,0.088
CDW,Mittwoch,683,51.2,49.5,0.042
CDW,Donnerstag,671,54.7,52.6,0.137
CDW,Freitag,669,50.4,47.2,-0.033
CEG,Montag,219,49.8,49.8,-0.01
CEG,Dienstag,244,48.8,49.6,0.041
CEG,Mittwoch,243,49.0,47.7,-0.008
CEG,Donnerstag,237,47.7,49.8,-0.02
CEG,Freitag,238,53.4,51.7,0.213
CHTR,Montag,786,46.9,50.4,-0.09
CHTR,Dienstag,861,51.8,53.8,0.067
CHTR,Mittwoch,859,49.1,51.6,0.016
CHTR,Donnerstag,845,50.4,50.3,0.069
CHTR,Freitag,843,51.0,49.2,0.106
CL,Montag,943,51.4,50.5,0.015
CL,Dienstag,1034,51.1,51.3,0.037
CL,Mittwoch,1033,49.0,50.1,-0.003
CL,Donnerstag,1013,52.3,48.8,0.034
CL,Freitag,1008,52.1,49.9,0.101
CL=F,Montag,942,46.9,43.7,-0.536
CL=F,Dienstag,1035,51.9,51.2,-0.193
CL=F,Mittwoch,1033,52.9,52.8,0.054
CL=F,Donnerstag,1014,53.2,49.7,0.107
CL=F,Freitag,1007,51.8,50.0,0.032
CM,Montag,943,51.2,49.6,-0.016
CM,Dienstag,1034,50.7,48.4,0.011
CM,Mittwoch,1033,51.6,51.1,0.047
CM,Donnerstag,1013,50.5,46.5,-0.095
CM,Freitag,1008,52.3,50.0,0.047
CMCSA,Montag,943,49.9,49.5,0.002
CMCSA,Dienstag,1034,52.7,51.7,0.049
CMCSA,Mittwoch,1033,48.0,47.8,-0.071
CMCSA,Donnerstag,1013,53.3,51.6,0.081
CMCSA,Freitag,1008,51.0,49.0,0.067
CNQ,Montag,943,50.2,49.1,-0.021
CNQ,Dienstag,1034,51.2,52.0,0.017
CNQ,Mittwoch,1033,51.1,51.1,0.04
CNQ,Donnerstag,1013,49.8,50.4,0.035
CNQ,Freitag,1008,48.9,47.5,0.094
COF,Montag,943,50.7,51.4,-0.054
COF,Dienstag,1034,49.9,50.5,0.031
COF,Mittwoch,1033,50.6,49.6,0.043
COF,Donnerstag,1013,52.9,51.2,0.099
COF,Freitag,1008,50.7,48.6,0.103
CON.DE,Montag,996,45.6,46.4,-0.144
CON.DE,Dienstag,1024,50.5,51.1,0.045
CON.DE,Mittwoch,1024,51.3,47.1,-0.028
CON.DE,Donnerstag,1024,49.1,49.7,-0.03
CON.DE,Freitag,1006,47.7,46.8,-0.014
COP,Montag,943,50.8,52.7,-0.001
COP,Dienstag,1034,50.3,49.7,0.004
COP,Mittwoch,1033,48.7,50.6,0.003
COP,Donnerstag,1013,49.7,49.9,-0.003
COP,Freitag,1008,50.0,49.6,0.022
COST,Montag,943,52.4,49.5,0.056
COST,Dienstag,1034,53.4,49.6,0.103
COST,Mittwoch,1033,49.9,50.7,0.059
COST,Donnerstag,1013,52.9,52.9,0.102
COST,Freitag,1008,50.8,48.8,-0.005
CPRT,Montag,943,51.2,49.6,-0.003
CPRT,Dienstag,1034,50.8,48.5,0.02
CPRT,Mittwoch,1033,51.1,49.9,0.065
CPRT,Donnerstag,1013,53.7,52.2,0.13
CPRT,Freitag,1008,51.1,50.2,0.038
CRM,Montag,943,51.0,49.3,0.052
CRM,Dienstag,1034,49.7,50.1,0.008
CRM,Mittwoch,1033,50.7,49.8,0.079
CRM,Donnerstag,1013,54.1,51.6,0.112
CRM,Freitag,1008,51.7,50.2,0.118
CRWD,Montag,344,55.8,54.9,0.329
CRWD,Dienstag,380,51.3,46.3,0.131
CRWD,Mittwoch,377,52.3,50.1,0.04
CRWD,Donnerstag,369,52.3,50.4,0.207
CRWD,Freitag,368,51.4,49.5,-0.072
CSCO,Montag,943,55.8,55.7,0.098
CSCO,Dienstag,1034,50.9,50.3,0.037
CSCO,Mittwoch,1033,50.5,50.9,-0.005
CSCO,Donnerstag,1013,48.6,50.2,0.024
CSCO,Freitag,1008,53.0,51.7,0.054
CSGP,Montag,943,49.7,47.6,-0.067
CSGP,Dienstag,1034,50.9,48.8,0.006
CSGP,Mittwoch,1033,49.0,48.9,0.056
CSGP,Donnerstag,1013,54.2,51.3,0.087
CSGP,Freitag,1008,52.4,50.5,0.078
CSX,Montag,943,51.0,51.1,-0.044
CSX,Dienstag,1034,49.0,48.3,-0.008
CSX,Mittwoch,1033,50.3,51.0,0.004
CSX,Donnerstag,1013,55.1,53.2,0.135
CSX,Freitag,1008,52.8,53.2,0.078
CTAS,Montag,943,50.9,48.1,-0.003
CTAS,Dienstag,1034,53.3,49.4,0.057
CTAS,Mittwoch,1033,51.4,50.1,0.042
CTAS,Donnerstag,1013,55.2,52.1,0.116
CTAS,Freitag,1008,52.9,49.7,0.065
CTSH,Montag,943,48.7,48.3,-0.05
CTSH,Dienstag,1034,51.8,49.8,0.058
CTSH,Mittwoch,1033,49.7,51.0,0.078
CTSH,Donnerstag,1013,51.9,48.6,0.016
CTSH,Freitag,1008,52.6,50.2,0.068
CVS,Montag,943,50.7,53.3,0.018
CVS,Dienstag,1034,49.2,48.3,0.003
CVS,Mittwoch,1033,51.0,51.1,0.043
CVS,Donnerstag,1013,51.1,49.3,0.022
CVS,Freitag,1008,51.1,50.9,0.022
CVX,Montag,943,54.0,52.6,0.057
CVX,Dienstag,1034,53.2,51.0,0.044
CVX,Mittwoch,1033,48.4,48.5,-0.042
CVX,Donnerstag,1013,50.3,50.0,0.027
CVX,Freitag,1008,50.1,45.7,0.014
DASH,Montag,271,52.8,51.7,0.088
DASH,Dienstag,302,50.7,53.6,0.111
DASH,Mittwoch,301,49.2,49.8,0.101
DASH,Donnerstag,294,46.3,50.0,-0.087
DASH,Freitag,292,54.5,51.7,0.162
DB1.DE,Montag,996,51.6,49.8,0.032
DB1.DE,Dienstag,1024,48.5,48.9,-0.028
DB1.DE,Mittwoch,1024,50.0,48.1,-0.005
DB1.DE,Donnerstag,1023,49.4,49.3,-0.003
DB1.DE,Freitag,1006,51.5,49.4,-0.014
DBK.DE,Montag,996,47.4,47.6,-0.091
DBK.DE,Dienstag,1024,49.7,48.5,0.047
DBK.DE,Mittwoch,1024,48.9,47.8,-0.01
DBK.DE,Donnerstag,1024,47.9,48.6,-0.052
DBK.DE,Freitag,1006,45.9,44.5,-0.152
DDOG,Montag,331,56.5,53.5,0.196
DDOG,Dienstag,366,49.7,48.6,0.034
DDOG,Mittwoch,362,49.4,51.4,0.148
DDOG,Donnerstag,356,49.4,50.8,0.133
DDOG,Freitag,354,48.3,48.3,-0.005
DE,Montag,943,55.1,51.9,0.034
DE,Dienstag,1034,49.9,48.4,0.04
DE,Mittwoch,1033,47.8,49.7,0.007
DE,Donnerstag,1013,51.8,50.8,0.066
DE,Freitag,1008,52.9,50.6,0.084
DELL,Montag,475,57.3,55.8,0.164
DELL,Dienstag,524,51.9,51.9,0.026
DELL,Mittwoch,522,53.3,54.2,0.147
DELL,Donnerstag,513,54.0,51.3,0.052
DELL,Freitag,512,52.9,54.3,0.138
DHL.DE,Montag,980,49.2,48.5,0.007
DHL.DE,Dienstag,1016,48.0,49.5,0.005
DHL.DE,Mittwoch,1013,52.0,49.4,-0.011
DHL.DE,Donnerstag,1014,51.6,51.6,0.032
DHL.DE,Freitag,995,48.7,47.3,-0.042
DHR,Montag,943,49.7,47.2,-0.028
DHR,Dienstag,1034,53.0,49.7,0.039
DHR,Mittwoch,1033,48.5,51.3,0.033
DHR,Donnerstag,1013,53.6,50.9,0.106
DHR,Freitag,1008,52.1,50.1,0.041
DIS,Montag,943,48.0,46.9,0.013
DIS,Dienstag,1034,49.2,48.1,-0.002
DIS,Mittwoch,1033,50.0,49.0,0.036
DIS,Donnerstag,1013,52.8,49.0,0.06
DIS,Freitag,1008,50.9,49.3,0.04
DTE.DE,Montag,996,50.2,50.6,0.011
DTE.DE,Dienstag,1024,48.6,48.3,0.008
DTE.DE,Mittwoch,1024,49.5,49.0,0.014
DTE.DE,Donnerstag,1023,47.9,45.0,-0.046
DTE.DE,Freitag,1006,47.7,46.8,-0.069
DTG.DE,Montag,242,49.2,46.7,0.071
DTG.DE,Dienstag,248,47.6,45.6,-0.161
DTG.DE,Mittwoch,246,51.6,51.2,0.004
DTG.DE,Donnerstag,247,49.8,52.6,0.102
DTG.DE,Freitag,243,51.9,51.9,0.023
DUK,Montag,943,51.6,49.0,0.022
DUK,Dienstag,1034,49.2,46.9,-0.054
DUK,Mittwoch,1033,49.0,47.0,-0.034
DUK,Donnerstag,1013,55.2,51.7,0.058
DUK,Freitag,1008,51.4,49.1,-0.005
DXCM,Montag,943,52.2,51.1,0.153
DXCM,Dienstag,1034,50.9,51.5,0.107
DXCM,Mittwoch,1033,49.1,49.0,-0.01
DXCM,Donnerstag,1012,49.0,48.8,0.028
DXCM,Freitag,1008,51.5,50.1,0.166
EMR,Montag,943,52.6,51.4,0.046
EMR,Dienstag,1034,48.6,48.1,0.01
EMR,Mittwoch,1033,49.3,48.2,-0.035
EMR,Donnerstag,1013,51.9,48.1,0.056
EMR,Freitag,1008,49.2,46.4,-0.031
ENB,Montag,943,49.8,46.3,-0.032
ENB,Dienstag,1034,50.3,49.8,0.009
ENB,Mittwoch,1033,50.0,49.3,-0.023
ENB,Donnerstag,1013,50.7,46.5,0.015
ENB,Freitag,1008,50.2,47.7,0.046
ENR.DE,Montag,302,54.0,47.0,0.249
ENR.DE,Dienstag,311,50.8,45.3,-0.149
ENR.DE,Mittwoch,309,49.2,51.8,0.057
ENR.DE,Donnerstag,308,50.3,46.4,0.056
ENR.DE,Freitag,302,47.4,46.7,-0.034
EOAN.DE,Montag,996,45.9,45.5,-0.057
EOAN.DE,Dienstag,1024,48.6,48.8,-0.033
EOAN.DE,Mittwoch,1023,47.7,46.4,-0.066
EOAN.DE,Donnerstag,1024,48.0,47.0,-0.075
EOAN.DE,Freitag,1006,48.3,48.7,-0.049
EQIX,Montag,943,50.1,48.9,-0.024
EQIX,Dienstag,1034,50.9,49.8,0.025
EQIX,Mittwoch,1033,51.9,50.1,0.05
EQIX,Donnerstag,1013,54.8,51.8,0.113
EQIX,Freitag,1008,52.5,49.7,0.123
EQNR,Montag,984,49.2,48.9,0.0
EQNR,Dienstag,1023,50.3,49.1,0.028
EQNR,Mittwoch,1023,49.3,49.2,0.019
EQNR,Donnerstag,986,48.3,50.9,-0.012
EQNR,Freitag,1004,48.2,49.1,0.003
ETN,Montag,943,49.3,48.3,-0.03
ETN,Dienstag,1034,49.5,47.7,0.025
ETN,Mittwoch,1033,49.4,50.0,-0.023
ETN,Donnerstag,1013,52.1,49.1,0.067
ETN,Freitag,1008,52.1,49.3,0.053
EXC,Montag,943,49.2,47.8,0.0
EXC,Dienstag,1034,48.7,48.7,0.004
EXC,Mittwoch,1033,49.9,48.2,-0.048
EXC,Donnerstag,1013,53.1,51.2,0.067
EXC,Freitag,1008,50.4,46.9,-0.006
FANG,Montag,659,53.3,50.8,0.051
FANG,Dienstag,722,50.6,49.9,0.003
FANG,Mittwoch,720,49.7,48.6,0.023
FANG,Donnerstag,706,50.4,49.4,0.086
FANG,Freitag,705,51.2,49.9,0.017
FAST,Montag,943,50.5,49.8,0.026
FAST,Dienstag,1034,48.2,49.0,0.049
FAST,Mittwoch,1033,52.0,49.9,0.028
FAST,Donnerstag,1013,52.6,49.6,0.114
FAST,Freitag,1008,51.4,48.3,0.079
FDX,Montag,943,49.6,50.4,0.021
FDX,Dienstag,1034,51.1,49.1,0.045
FDX,Mittwoch,1033,51.2,50.3,-0.045
FDX,Donnerstag,1013,54.7,52.3,0.162
FDX,Freitag,1008,49.3,49.9,-0.003
FRE.DE,Montag,996,51.0,48.1,0.037
FRE.DE,Dienstag,1024,49.5,50.1,-0.021
FRE.DE,Mittwoch,1024,51.5,51.3,0.08
FRE.DE,Donnerstag,1023,46.6,45.7,-0.131
FRE.DE,Freitag,1006,47.8,43.8,-0.061
FTNT,Montag,794,53.8,54.2,0.085
FTNT,Dienstag,873,50.6,49.4,0.04
FTNT,Mittwoch,871,50.2,49.0,0.034
FTNT,Donnerstag,855,54.5,51.7,0.13
FTNT,Freitag,850,55.1,49.4,0.146
GC=F,Montag,931,45.3,43.6,-0.065
GC=F,Dienstag,1021,46.8,46.3,-0.01
GC=F,Mittwoch,1018,48.1,49.8,0.015
GC=F,Donnerstag,1000,48.4,48.1,0.004
GC=F,Freitag,995,50.7,49.9,0.032
GD,Montag,943,49.2,50.2,0.007
GD,Dienstag,1034,50.9,49.5,-0.035
GD,Mittwoch,1033,49.7,48.0,-0.023
GD,Donnerstag,1013,52.0,49.7,0.007
GD,Freitag,1008,54.9,51.7,0.111
GE,Montag,943,48.1,49.0,-0.054
GE,Dienstag,1034,50.3,49.9,0.023
GE,Mittwoch,1033,49.2,49.3,-0.034
GE,Donnerstag,1013,48.1,46.8,-0.084
GE,Freitag,1008,46.9,45.6,-0.043
GEHC,Montag,177,49.2,52.0,0.095
GEHC,Dienstag,197,45.2,48.7,-0.1
GEHC,Mittwoch,195,53.3,51.8,0.192
GEHC,Donnerstag,191,47.6,51.8,0.029
GEHC,Freitag,192,46.9,45.8,-0.091
GEV,Montag,121,52.9,46.3,0.343
GEV,Dienstag,131,51.9,46.6,0.275
GEV,Mittwoch,129,52.7,56.6,0.368
GEV,Donnerstag,125,44.8,44.0,-0.352
GEV,Freitag,126,46.8,47.6,0.135
GFS,Montag,230,54.8,53.9,0.17
GFS,Dienstag,256,45.7,46.5,-0.039
GFS,Mittwoch,254,45.3,45.3,-0.084
GFS,Donnerstag,248,46.0,49.6,-0.195
GFS,Freitag,249,49.4,49.8,0.164
GILD,Montag,943,48.6,47.5,-0.008
GILD,Dienstag,1034,52.5,51.5,0.072
GILD,Mittwoch,1033,50.2,51.1,0.062
GILD,Donnerstag,1013,48.7,48.3,-0.027
GILD,Freitag,1008,49.5,48.1,-0.02
GLW,Montag,943,51.9,51.5,-0.014
GLW,Dienstag,1034,48.5,49.1,0.066
GLW,Mittwoch,1033,50.7,51.1,0.016
GLW,Donnerstag,1013,49.4,50.7,0.036
GLW,Freitag,1008,48.6,46.4,-0.029
GM,Montag,747,48.9,49.5,0.022
GM,Dienstag,821,47.6,47.6,-0.044
GM,Mittwoch,818,50.6,50.2,-0.036
GM,Donnerstag,804,48.9,47.1,-0.068
GM,Freitag,801,49.7,46.7,0.008
GOOG,Montag,943,54.0,53.9,0.056
GOOG,Dienstag,1034,52.8,52.9,0.084
GOOG,Mittwoch,1033,51.1,51.0,0.054
GOOG,Donnerstag,1013,50.0,48.4,-0.039
GOOG,Freitag,1008,49.0,48.4,-0.017
GOOGL,Montag,943,53.9,53.6,0.054
GOOGL,Dienstag,1034,52.2,52.8,0.075
GOOGL,Mittwoch,1033,50.7,49.0,0.039
GOOGL,Donnerstag,1013,50.2,47.8,-0.044
GOOGL,Freitag,1008,48.2,47.5,-0.036
GS,Montag,943,52.7,53.1,0.044
GS,Dienstag,1034,50.9,51.1,0.038
GS,Mittwoch,1033,52.1,52.6,0.12
GS,Donnerstag,1013,49.8,49.0,-0.007
GS,Freitag,1008,49.0,48.0,-0.036
GSK,Montag,943,52.3,54.8,0.076
GSK,Dienstag,1029,51.3,54.4,0.079
GSK,Mittwoch,1035,49.4,52.0,0.026
GSK,Donnerstag,1034,47.8,51.0,-0.047
GSK,Freitag,1012,47.5,50.2,-0.023
HD,Montag,943,49.7,50.7,0.01
HD,Dienstag,1034,51.6,50.4,0.059
HD,Mittwoch,1033,49.6,51.3,0.016
HD,Donnerstag,1013,53.6,52.1,0.086
HD,Freitag,1008,54.4,52.2,0.083
HDB,Montag,987,47.3,47.1,-0.051
HDB,Dienstag,990,47.2,44.5,-0.051
HDB,Mittwoch,991,51.2,48.5,0.004
HDB,Donnerstag,985,51.0,50.8,0.064
HDB,Freitag,970,49.7,50.2,0.109
HEI.DE,Montag,996,48.3,46.7,-0.092
HEI.DE,Dienstag,1024,49.4,48.7,-0.01
HEI.DE,Mittwoch,1024,52.8,48.3,0.057
HEI.DE,Donnerstag,1023,46.8,45.9,-0.175
HEI.DE,Freitag,1007,46.4,47.2,-0.077
HEN3.DE,Montag,994,52.1,52.2,0.085
HEN3.DE,Dienstag,1024,50.1,51.0,0.024
HEN3.DE,Mittwoch,1024,52.9,51.6,0.099
HEN3.DE,Donnerstag,1023,48.5,47.0,-0.023
HEN3.DE,Freitag,1006,49.1,51.3,0.019
HG=F,Montag,943,46.9,48.0,-0.023
HG=F,Dienstag,1035,48.2,48.5,0.008
HG=F,Mittwoch,1033,49.0,47.7,0.047
HG=F,Donnerstag,1015,48.3,46.4,-0.065
HG=F,Freitag,1007,49.3,50.0,0.107
HNR1.DE,Montag,996,49.5,48.0,0.017
HNR1.DE,Dienstag,1024,50.6,50.4,0.043
HNR1.DE,Mittwoch,1024,49.8,47.9,-0.009
HNR1.DE,Donnerstag,1024,52.8,49.8,0.023
HNR1.DE,Freitag,1006,47.7,44.7,-0.08
HON,Montag,943,49.6,49.0,-0.029
HON,Dienstag,1034,49.6,49.5,0.014
HON,Mittwoch,1033,48.3,47.8,-0.056
HON,Donnerstag,1013,53.8,53.3,0.071
HON,Freitag,1008,52.5,48.9,0.039
HSBC,Montag,942,51.4,49.5,0.006
HSBC,Dienstag,1028,52.7,52.4,0.073
HSBC,Mittwoch,1035,51.2,50.0,0.078
HSBC,Donnerstag,1034,48.8,49.0,-0.031
HSBC,Freitag,1012,50.2,49.0,-0.047
IBM,Montag,943,55.7,57.9,0.138
IBM,Dienstag,1034,50.8,51.1,0.067
IBM,Mittwoch,1033,51.7,52.8,0.048
IBM,Donnerstag,1013,53.0,51.9,0.078
IBM,Freitag,1008,51.1,48.4,0.017
IBN,Montag,987,48.8,50.7,-0.077
IBN,Dienstag,990,48.2,47.6,-0.019
IBN,Mittwoch,991,47.4,45.9,-0.081
IBN,Donnerstag,985,45.7,47.2,-0.113
IBN,Freitag,970,48.1,47.2,0.05
IDXX,Montag,943,50.7,51.0,-0.017
IDXX,Dienstag,1034,53.1,52.7,0.074
IDXX,Mittwoch,1033,55.0,52.5,0.077
IDXX,Donnerstag,1013,55.8,55.1,0.185
IDXX,Freitag,1008,53.4,51.7,0.098
IFX.DE,Montag,996,50.0,48.9,-0.026
IFX.DE,Dienstag,1024,47.9,49.3,-0.005
IFX.DE,Mittwoch,1024,49.2,49.8,-0.066
IFX.DE,Donnerstag,1024,47.9,45.6,-0.133
IFX.DE,Freitag,1006,48.6,47.6,-0.096
ILMN,Montag,943,49.7,49.2,0.06
ILMN,Dienstag,1034,49.4,48.6,0.13
ILMN,Mittwoch,1033,52.6,52.4,0.166
ILMN,Donnerstag,1013,50.4,48.6,0.065
ILMN,Freitag,1008,53.1,51.6,0.125
ING,Montag,1012,48.3,47.4,-0.109
ING,Dienstag,1032,50.6,48.3,-0.012
ING,Mittwoch,1032,50.4,48.8,-0.04
ING,Donnerstag,1031,49.7,48.8,-0.026
ING,Freitag,1010,47.4,44.0,-0.191
INTC,Montag,943,53.4,54.2,0.079
INTC,Dienstag,1034,51.3,49.7,0.084
INTC,Mittwoch,1033,50.0,49.8,0.053
INTC,Donnerstag,1013,51.2,50.0,0.073
INTC,Freitag,1008,48.9,47.3,-0.035
INTU,Montag,943,54.2,50.5,0.068
INTU,Dienstag,1034,51.7,50.7,0.005
INTU,Mittwoch,1033,53.2,51.1,0.112
INTU,Donnerstag,1013,54.3,51.6,0.101
INTU,Freitag,1008,53.6,51.5,0.108
ISRG,Montag,943,51.7,50.7,0.011
ISRG,Dienstag,1034,50.6,49.8,0.056
ISRG,Mittwoch,1033,51.9,51.8,0.095
ISRG,Donnerstag,1013,51.3,50.7,0.008
ISRG,Freitag,1008,53.1,50.6,0.139
JNJ,Montag,943,51.7,49.6,0.037
JNJ,Dienstag,1034,51.5,50.8,0.038
JNJ,Mittwoch,1033,50.3,49.7,-0.001
JNJ,Donnerstag,1013,53.7,49.6,0.044
JNJ,Freitag,1008,50.8,48.2,-0.006
JPM,Montag,943,52.2,52.9,-0.024
JPM,Dienstag,1034,52.2,52.6,0.047
JPM,Mittwoch,1033,51.1,51.6,0.081
JPM,Donnerstag,1013,52.5,50.3,0.02
JPM,Freitag,1008,49.3,48.6,0.006
KDP,Montag,868,49.4,48.4,-0.051
KDP,Dienstag,953,51.2,50.9,0.041
KDP,Mittwoch,951,53.2,53.4,0.099
KDP,Donnerstag,932,51.0,51.4,-0.011
KDP,Freitag,927,52.0,52.3,0.109
KHC,Montag,529,53.1,50.7,0.02
KHC,Dienstag,583,45.8,44.4,-0.094
KHC,Mittwoch,580,45.5,44.8,-0.078
KHC,Donnerstag,570,48.2,47.2,-0.021
KHC,Freitag,567,53.6,50.6,0.11
KLAC,Montag,943,55.1,54.0,0.209
KLAC,Dienstag,1034,50.8,48.3,0.048
KLAC,Mittwoch,1033,52.3,51.7,0.061
KLAC,Donnerstag,1013,53.4,51.0,0.074
KLAC,Freitag,1008,50.6,49.9,0.012
KO,Montag,943,51.7,51.0,0.024
KO,Dienstag,1034,51.0,51.8,0.001
KO,Mittwoch,1033,52.4,49.6,0.014
KO,Donnerstag,1013,51.7,51.9,0.014
KO,Freitag,1008,50.3,48.3,0.016
LIN,Montag,943,48.8,48.3,-0.011
LIN,Dienstag,1034,51.3,49.2,0.055
LIN,Mittwoch,1033,52.3,51.9,0.089
LIN,Donnerstag,1013,53.6,49.4,0.063
LIN,Freitag,1008,54.9,51.2,0.127
LLY,Montag,943,51.6,49.6,0.024
LLY,Dienstag,1034,51.6,51.4,0.051
LLY,Mittwoch,1033,50.7,51.8,0.085
LLY,Donnerstag,1013,52.1,49.9,-0.014
LLY,Freitag,1008,51.6,50.5,0.027
LMT,Montag,943,53.7,53.2,0.029
LMT,Dienstag,1034,50.3,49.4,-0.024
LMT,Mittwoch,1033,47.0,48.8,-0.06
LMT,Donnerstag,1013,51.4,51.2,0.059
LMT,Freitag,1008,51.5,49.2,0.089
LOW,Montag,943,50.3,51.1,-0.007
LOW,Dienstag,1034,51.3,52.3,0.029
LOW,Mittwoch,1033,49.2,50.7,0.025
LOW,Donnerstag,1013,51.7,51.5,0.098
LOW,Freitag,1008,52.8,51.5,0.068
LRCX,Montag,943,52.6,53.7,0.147
LRCX,Dienstag,1034,50.5,48.3,0.003
LRCX,Mittwoch,1033,51.5,49.9,0.102
LRCX,Donnerstag,1013,51.2,51.1,0.037
LRCX,Freitag,1008,50.9,50.0,0.01
LULU,Montag,906,50.6,48.3,-0.056
LULU,Dienstag,992,49.4,47.6,-0.006
LULU,Mittwoch,991,49.2,49.6,0.064
LULU,Donnerstag,971,50.7,49.8,0.052
LULU,Freitag,967,50.6,48.0,0.026
MA,Montag,943,52.6,53.0,-0.048
MA,Dienstag,1034,51.2,52.3,0.051
MA,Mittwoch,1033,52.7,53.2,0.102
MA,Donnerstag,1013,55.3,54.2,0.093
MA,Freitag,1008,52.8,50.4,0.054
MAR,Montag,943,49.6,47.8,-0.013
MAR,Dienstag,1034,52.1,52.3,0.064
MAR,Mittwoch,1033,51.2,50.4,0.059
MAR,Donnerstag,1013,53.0,52.2,0.134
MAR,Freitag,1008,53.6,50.8,0.079
MBG.DE,Montag,997,48.8,47.7,-0.047
MBG.DE,Dienstag,1024,50.0,48.8,0.012
MBG.DE,Mittwoch,1024,49.3,48.1,0.004
MBG.DE,Donnerstag,1024,47.0,46.9,-0.122
MBG.DE,Freitag,1006,50.7,50.3,0.036
MCD,Montag,943,51.2,48.7,0.004
MCD,Dienstag,1034,51.5,52.4,0.027
MCD,Mittwoch,1033,48.2,48.8,-0.035
MCD,Donnerstag,1013,52.3,49.0,0.046
MCD,Freitag,1008,51.3,50.0,0.036
MCHP,Montag,943,51.0,52.5,0.054
MCHP,Dienstag,1034,49.3,48.5,0.024
MCHP,Mittwoch,1033,51.5,50.0,0.026
MCHP,Donnerstag,1013,49.4,48.2,-0.027
MCHP,Freitag,1008,48.9,46.8,-0.036
MCK,Montag,943,54.9,53.4,0.075
MCK,Dienstag,1034,50.5,51.4,0.046
MCK,Mittwoch,1033,52.3,50.1,0.05
MCK,Donnerstag,1013,53.2,52.3,0.023
MCK,Freitag,1008,51.7,48.9,0.011
MDB,Montag,421,53.0,53.2,0.078
MDB,Dienstag,464,49.6,49.4,-0.006
MDB,Mittwoch,460,52.2,54.6,0.183
MDB,Donnerstag,453,51.7,51.0,0.278
MDB,Freitag,452,49.6,45.6,0.028
MDLZ,Montag,943,50.2,48.5,-0.037
MDLZ,Dienstag,1034,49.9,48.5,0.018
MDLZ,Mittwoch,1033,50.6,51.4,0.024
MDLZ,Donnerstag,1013,51.0,50.0,0.02
MDLZ,Freitag,1008,50.7,49.1,0.05
MDT,Montag,943,50.5,50.4,-0.006
MDT,Dienstag,1034,52.8,53.3,0.022
MDT,Mittwoch,1033,48.5,51.0,0.012
MDT,Donnerstag,1013,51.4,49.4,0.017
MDT,Freitag,1008,53.0,50.0,0.044
MELI,Montag,904,50.8,51.3,-0.015
MELI,Dienstag,990,52.1,49.6,0.058
MELI,Mittwoch,989,50.6,48.0,0.081
MELI,Donnerstag,969,52.5,49.4,0.002
MELI,Freitag,965,48.9,48.7,0.125
META,Montag,678,53.8,53.8,0.065
META,Dienstag,743,48.9,49.5,0.023
META,Mittwoch,740,53.5,51.2,0.145
META,Donnerstag,727,49.1,49.8,-0.037
META,Freitag,726,48.3,47.9,-0.068
MFG,Montag,896,43.9,45.1,-0.086
MFG,Dienstag,991,44.2,45.6,-0.041
MFG,Mittwoch,997,44.4,47.1,-0.023
MFG,Donnerstag,998,41.0,44.6,-0.094
MFG,Freitag,1000,45.4,46.4,-0.077
MMM,Montag,943,52.1,50.4,0.025
MMM,Dienstag,1034,52.1,49.9,0.011
MMM,Mittwoch,1033,49.0,49.5,-0.004
MMM,Donnerstag,1013,53.9,51.3,0.043
MMM,Freitag,1008,51.2,50.1,0.02
MNST,Montag,943,49.6,47.6,-0.054
MNST,Dienstag,1034,50.0,49.6,0.08
MNST,Mittwoch,1033,49.7,51.2,0.012
MNST,Donnerstag,1013,51.3,48.6,0.013
MNST,Freitag,1008,52.8,50.5,0.203
MO,Montag,943,53.2,53.8,0.068
MO,Dienstag,1034,52.1,49.3,-0.033
MO,Mittwoch,1033,50.4,50.6,-0.026
MO,Donnerstag,1013,54.5,52.2,0.02
MO,Freitag,1008,53.0,50.9,0.081
MPC,Montag,719,52.2,51.9,0.035
MPC,Dienstag,790,51.9,54.6,0.076
MPC,Mittwoch,787,47.8,49.7,-0.022
MPC,Donnerstag,773,51.5,52.5,-0.005
MPC,Freitag,772,54.7,51.7,0.144
MRK,Montag,943,49.8,50.6,0.011
MRK,Dienstag,1034,47.4,47.2,-0.022
MRK,Mittwoch,1033,49.2,51.5,0.009
MRK,Donnerstag,1013,50.8,48.0,0.033
MRK,Freitag,1008,51.6,50.9,0.044
MRK.DE,Montag,996,51.5,50.4,0.026
MRK.DE,Dienstag,1024,51.0,50.6,0.068
MRK.DE,Mittwoch,1024,50.3,48.2,0.035
MRK.DE,Donnerstag,1024,46.7,47.8,-0.037
MRK.DE,Freitag,1006,49.4,48.1,-0.044
MRNA,Montag,368,52.4,47.3,0.216
MRNA,Dienstag,405,47.4,49.4,-0.153
MRNA,Mittwoch,403,48.1,48.1,0.198
MRNA,Donnerstag,395,48.1,49.6,0.022
MRNA,Freitag,394,49.7,49.5,0.258
MRVL,Montag,943,47.9,47.1,-0.092
MRVL,Dienstag,1034,48.8,48.2,-0.024
MRVL,Mittwoch,1033,50.0,50.4,0.113
MRVL,Donnerstag,1013,50.0,49.1,0.022
MRVL,Freitag,1008,47.1,47.0,-0.074
MS,Montag,943,50.2,49.3,-0.105
MS,Dienstag,1034,49.7,48.6,0.054
MS,Mittwoch,1033,51.6,51.9,0.041
MS,Donnerstag,1013,50.5,50.2,0.011
MS,Freitag,1008,50.3,50.6,0.031
MSFT,Montag,943,52.9,51.6,0.096
MSFT,Dienstag,1034,50.8,50.9,0.04
MSFT,Mittwoch,1033,52.3,50.6,0.046
MSFT,Donnerstag,1013,51.6,49.3,0.053
MSFT,Freitag,1008,49.1,46.3,-0.035
MSTR,Montag,943,50.5,49.2,0.118
MSTR,Dienstag,1034,51.4,49.5,0.087
MSTR,Mittwoch,1033,47.6,49.0,0.009
MSTR,Donnerstag,1013,49.0,48.0,-0.135
MSTR,Freitag,1008,50.7,49.1,0.178
MTX.DE,Montag,996,48.4,49.8,-0.062
MTX.DE,Dienstag,1024,52.6,50.7,0.033
MTX.DE,Mittwoch,1024,52.9,52.1,0.132
MTX.DE,Donnerstag,1024,50.4,46.7,-0.029
MTX.DE,Freitag,1006,51.1,49.9,0.067
MU,Montag,943,47.3,47.8,-0.224
MU,Dienstag,1034,49.5,47.6,-0.015
MU,Mittwoch,1033,48.5,50.0,0.112
MU,Donnerstag,1013,49.3,48.7,0.008
MU,Freitag,1008,48.1,48.3,-0.049
MUFG,Montag,897,46.6,48.7,0.001
MUFG,Dienstag,991,46.6,48.1,0.013
MUFG,Mittwoch,996,45.3,47.0,-0.048
MUFG,Donnerstag,998,43.8,45.9,-0.071
MUFG,Freitag,1000,45.6,46.8,-0.01
MUV2.DE,Montag,996,51.8,50.6,0.049
MUV2.DE,Dienstag,1025,51.7,49.1,0.049
MUV2.DE,Mittwoch,1024,51.4,50.4,0.012
MUV2.DE,Donnerstag,1024,51.5,47.9,0.009
MUV2.DE,Freitag,1007,47.6,45.3,-0.107
NEE,Montag,943,51.2,48.3,0.001
NEE,Dienstag,1034,53.7,52.3,0.013
NEE,Mittwoch,1033,49.6,48.2,-0.042
NEE,Donnerstag,1013,53.4,51.0,0.099
NEE,Freitag,1008,54.1,50.4,0.09
NEM,Montag,943,48.7,46.1,-0.038
NEM,Dienstag,1034,49.0,48.2,0.01
NEM,Mittwoch,1033,48.3,48.6,-0.02
NEM,Donnerstag,1013,51.9,50.0,0.021
NEM,Freitag,1008,49.1,49.9,0.042
NET,Montag,332,59.6,56.6,0.698
NET,Dienstag,367,51.8,50.7,0.21
NET,Mittwoch,363,49.0,50.1,0.06
NET,Donnerstag,356,52.5,50.6,0.206
NET,Freitag,355,49.3,47.9,-0.043
NFLX,Montag,943,51.0,50.4,0.062
NFLX,Dienstag,1034,50.4,49.5,0.111
NFLX,Mittwoch,1033,51.5,50.2,0.166
NFLX,Donnerstag,1013,50.3,49.7,0.2
NFLX,Freitag,1008,46.4,48.3,-0.048
NG=F,Montag,942,48.9,47.0,0.031
NG=F,Dienstag,1035,51.5,50.6,-0.062
NG=F,Mittwoch,1033,47.0,50.5,0.004
NG=F,Donnerstag,1015,45.0,44.6,-0.381
NG=F,Freitag,1007,47.2,44.7,-0.108
NKE,Montag,943,51.3,51.7,0.021
NKE,Dienstag,1034,50.1,51.5,0.029
NKE,Mittwoch,1033,50.5,51.0,0.044
NKE,Donnerstag,1013,50.3,50.6,0.066
NKE,Freitag,1008,52.1,49.6,0.037
NOW,Montag,673,53.0,51.7,-0.001
NOW,Dienstag,737,51.0,49.0,-0.04
NOW,Mittwoch,734,51.8,50.3,0.051
NOW,Donnerstag,721,54.0,51.5,0.154
NOW,Freitag,720,54.0,51.9,0.147
NVDA,Montag,943,52.7,51.7,0.077
NVDA,Dienstag,1034,51.5,50.0,0.095
NVDA,Mittwoch,1033,51.4,49.2,0.103
NVDA,Donnerstag,1013,49.9,48.7,0.016
NVDA,Freitag,1008,48.3,48.4,-0.067
NVO,Montag,984,52.1,52.4,0.102
NVO,Dienstag,1026,46.9,47.3,-0.037
NVO,Mittwoch,1025,48.4,48.1,0.038
NVO,Donnerstag,986,45.2,47.7,-0.107
NVO,Freitag,972,48.8,48.3,0.002
NVS,Montag,977,53.6,54.9,0.1
NVS,Dienstag,1020,49.3,53.1,0.043
NVS,Mittwoch,1019,51.9,54.0,0.06
NVS,Donnerstag,1001,47.7,49.3,-0.034
NVS,Freitag,1000,49.5,48.9,-0.044
NXPI,Montag,761,49.1,47.0,-0.064
NXPI,Dienstag,836,49.5,51.7,0.06
NXPI,Mittwoch,833,46.8,49.1,0.06
NXPI,Donnerstag,818,51.0,47.2,0.019
NXPI,Freitag,816,52.0,51.1,-0.021
ODFL,Montag,943,49.5,48.7,-0.009
ODFL,Dienstag,1034,51.3,49.8,0.046
ODFL,Mittwoch,1033,51.4,50.5,0.057
ODFL,Donnerstag,1013,53.0,52.2,0.166
ODFL,Freitag,1008,52.4,52.1,0.061
ON,Montag,943,49.7,49.8,-0.023
ON,Dienstag,1034,48.9,50.3,0.036
ON,Mittwoch,1033,50.4,50.2,0.106
ON,Donnerstag,1013,48.4,47.7,-0.064
ON,Freitag,1008,52.0,49.7,0.089
ORCL,Montag,943,54.2,54.8,0.121
ORCL,Dienstag,1034,50.9,52.3,0.005
ORCL,Mittwoch,1033,51.3,52.7,0.041
ORCL,Donnerstag,1013,51.4,54.2,0.023
ORCL,Freitag,1008,54.2,54.1,0.043
ORLY,Montag,943,53.6,51.9,0.049
ORLY,Dienstag,1034,52.8,52.0,0.097
ORLY,Mittwoch,1033,53.2,52.7,0.065
ORLY,Donnerstag,1013,51.4,50.5,0.146
ORLY,Freitag,1008,52.3,50.1,0.034
P911.DE,Montag,201,45.3,47.8,-0.245
P911.DE,Dienstag,206,44.7,46.1,-0.054
P911.DE,Mittwoch,204,49.0,50.5,-0.049
P911.DE,Donnerstag,205,44.9,44.4,-0.103
P911.DE,Freitag,204,45.6,47.1,-0.095
PA=F,Montag,447,23.3,26.2,-0.022
PA=F,Dienstag,494,23.1,25.3,-0.045
PA=F,Mittwoch,532,25.9,27.1,0.046
PA=F,Donnerstag,518,28.6,31.3,0.06
PA=F,Freitag,502,25.9,30.1,-0.045
PAH3.DE,Montag,881,47.0,47.0,-0.119
PAH3.DE,Dienstag,906,46.7,46.2,-0.035
PAH3.DE,Mittwoch,906,47.4,49.2,0.023
PAH3.DE,Donnerstag,905,44.0,46.1,-0.09
PAH3.DE,Freitag,888,48.2,47.9,-0.004
PANW,Montag,670,53.6,51.6,0.101
PANW,Dienstag,734,48.9,49.5,0.046
PANW,Mittwoch,732,49.9,48.0,-0.032
PANW,Donnerstag,718,54.5,52.9,0.115
PANW,Freitag,717,50.5,49.9,0.034
PAYX,Montag,943,52.2,48.4,0.05
PAYX,Dienstag,1034,49.0,46.4,0.01
PAYX,Mittwoch,1033,50.5,48.3,0.035
PAYX,Donnerstag,1013,51.8,49.0,0.06
PAYX,Freitag,1008,52.0,48.1,0.023
PBR,Montag,985,50.6,51.0,-0.032
PBR,Dienstag,988,47.2,46.8,-0.034
PBR,Mittwoch,1004,50.0,50.7,0.067
PBR,Donnerstag,984,46.2,46.0,-0.114
PBR,Freitag,979,47.1,48.1,-0.149
PCAR,Montag,943,51.7,49.8,0.029
PCAR,Dienstag,1034,51.9,49.6,0.109
PCAR,Mittwoch,1033,50.1,49.5,0.054
PCAR,Donnerstag,1013,50.6,46.7,0.018
PCAR,Freitag,1008,50.5,47.7,0.024
PDD,Montag,386,50.5,50.8,-0.037
PDD,Dienstag,424,55.2,58.0,0.412
PDD,Mittwoch,421,46.3,52.7,-0.094
PDD,Donnerstag,414,49.0,52.9,0.198
PDD,Freitag,413,43.3,45.8,-0.16
PEP,Montag,943,51.5,51.0,0.004
PEP,Dienstag,1034,50.5,48.6,0.022
PEP,Mittwoch,1033,51.0,51.3,0.013
PEP,Donnerstag,1013,52.1,50.6,0.024
PEP,Freitag,1008,51.9,49.5,0.034
PFE,Montag,943,51.7,52.9,0.02
PFE,Dienstag,1034,48.8,51.5,0.007
PFE,Mittwoch,1033,45.6,48.1,-0.041
PFE,Donnerstag,1013,49.6,50.1,-0.026
PFE,Freitag,1008,50.6,51.0,0.037
PG,Montag,943,53.0,52.2,0.05
PG,Dienstag,1034,52.6,52.6,0.034
PG,Mittwoch,1033,51.7,53.2,0.013
PG,Donnerstag,1013,52.0,52.4,0.06
PG,Freitag,1008,53.4,50.6,0.065
PGR,Montag,943,50.9,48.8,0.013
PGR,Dienstag,1034,49.2,50.7,0.052
PGR,Mittwoch,1033,51.6,52.3,0.077
PGR,Donnerstag,1013,52.8,50.9,0.093
PGR,Freitag,1008,50.4,49.4,0.061
PH,Montag,943,50.4,49.8,0.034
PH,Dienstag,1034,52.3,48.6,0.066
PH,Mittwoch,1033,49.0,48.9,-0.035
PH,Donnerstag,1013,52.3,48.2,0.058
PH,Freitag,1008,51.3,50.0,0.026
PL=F,Montag,531,27.7,30.7,-0.023
PL=F,Dienstag,600,24.5,28.5,0.025
PL=F,Mittwoch,614,25.6,28.3,0.05
PL=F,Donnerstag,586,31.1,32.8,0.05
PL=F,Freitag,560,30.9,31.4,-0.007
PLD,Montag,943,52.0,50.9,-0.004
PLD,Dienstag,1034,51.1,48.6,0.099
PLD,Mittwoch,1033,48.3,48.9,-0.032
PLD,Donnerstag,1013,53.2,50.4,0.038
PLD,Freitag,1008,53.2,49.7,0.102
PLTR,Montag,281,54.8,55.9,0.379
PLTR,Dienstag,312,48.4,47.8,0.189
PLTR,Mittwoch,311,47.6,53.4,-0.004
PLTR,Donnerstag,303,49.2,44.9,-0.088
PLTR,Freitag,302,51.0,53.6,0.372
PM,Montag,876,54.5,53.7,0.078
PM,Dienstag,961,52.7,48.8,0.017
PM,Mittwoch,958,51.8,50.2,0.008
PM,Donnerstag,939,54.6,53.7,0.098
PM,Freitag,933,52.8,50.2,0.067
PSX,Montag,683,52.4,54.9,0.062
PSX,Dienstag,748,50.1,52.0,0.004
PSX,Mittwoch,745,50.1,50.2,0.02
PSX,Donnerstag,733,48.8,49.4,-0.043
PSX,Freitag,731,52.4,51.8,0.111
PYPL,Montag,529,51.2,51.4,0.068
PYPL,Dienstag,583,50.1,49.9,-0.047
PYPL,Mittwoch,580,50.3,48.3,-0.005
PYPL,Donnerstag,570,51.2,51.8,0.041
PYPL,Freitag,567,49.9,48.3,-0.034
QCOM,Montag,943,50.9,50.6,0.037
QCOM,Dienstag,1034,51.2,49.3,0.06
QCOM,Mittwoch,1033,51.0,52.2,0.013
QCOM,Donnerstag,1013,50.6,51.9,0.01
QCOM,Freitag,1008,51.4,48.2,0.051
QIA.DE,Montag,996,48.4,50.6,-0.046
QIA.DE,Dienstag,1024,48.5,47.1,-0.023
QIA.DE,Mittwoch,1024,50.2,49.3,0.02
QIA.DE,Donnerstag,1024,50.6,49.7,0.051
QIA.DE,Freitag,1006,50.1,51.3,0.05
REGN,Montag,943,50.5,48.3,0.084
REGN,Dienstag,1034,47.8,46.4,0.07
REGN,Mittwoch,1033,49.3,50.2,0.036
REGN,Donnerstag,1013,49.8,49.5,-0.015
REGN,Freitag,1008,49.5,47.7,0.049
RHM.DE,Montag,996,49.1,47.8,-0.087
RHM.DE,Dienstag,1024,47.4,46.0,-0.059
RHM.DE,Mittwoch,1024,47.9,48.1,-0.079
RHM.DE,Donnerstag,1023,48.1,45.7,-0.066
RHM.DE,Freitag,1006,53.0,49.7,0.042
RIO,Montag,942,52.5,53.0,0.067
RIO,Dienstag,1029,50.9,49.6,-0.014
RIO,Mittwoch,1035,49.9,51.2,0.033
RIO,Donnerstag,1034,46.3,47.3,-0.105
RIO,Freitag,1012,47.9,49.9,-0.002
ROP,Montag,943,51.3,47.7,-0.016
ROP,Dienstag,1034,51.3,48.5,0.044
ROP,Mittwoch,1033,51.5,48.2,0.022
ROP,Donnerstag,1013,55.2,53.6,0.144
ROP,Freitag,1008,53.6,49.1,0.049
ROST,Montag,943,50.3,45.9,0.007
ROST,Dienstag,1034,50.4,50.0,0.032
ROST,Mittwoch,1033,50.7,50.5,0.05
ROST,Donnerstag,1013,53.2,52.4,0.139
ROST,Freitag,1008,49.7,45.8,-0.014
RTX,Montag,943,50.4,51.1,0.01
RTX,Dienstag,1034,48.3,49.4,-0.018
RTX,Mittwoch,1033,48.9,47.6,-0.049
RTX,Donnerstag,1013,51.8,49.4,0.038
RTX,Freitag,1008,49.9,50.3,0.027
RWE.DE,Montag,996,46.2,45.4,-0.087
RWE.DE,Dienstag,1024,47.9,48.4,-0.053
RWE.DE,Mittwoch,1024,49.3,49.1,-0.017
RWE.DE,Donnerstag,1024,49.4,49.5,-0.002
RWE.DE,Freitag,1006,48.7,47.9,-0.071
RY,Montag,943,53.1,52.7,0.048
RY,Dienstag,1034,50.9,50.9,0.02
RY,Mittwoch,1033,52.2,50.4,0.05
RY,Donnerstag,1013,51.5,50.1,0.022
RY,Freitag,1008,52.3,49.0,0.008
SAN,Montag,1010,47.5,48.3,-0.082
SAN,Dienstag,1032,51.3,49.4,0.055
SAN,Mittwoch,1030,50.4,49.0,0.007
SAN,Donnerstag,1029,49.8,47.8,-0.016
SAN,Freitag,1007,50.8,46.6,0.006
SAP.DE,Montag,996,56.0,51.5,0.114
SAP.DE,Dienstag,1024,51.1,51.0,0.051
SAP.DE,Mittwoch,1024,52.5,51.8,0.044
SAP.DE,Donnerstag,1024,51.6,49.2,0.031
SAP.DE,Freitag,1006,52.1,49.0,0.022
SB=F,Montag,940,45.2,46.6,-0.14
SB=F,Dienstag,1034,45.9,49.8,-0.015
SB=F,Mittwoch,1033,47.6,46.7,-0.003
SB=F,Donnerstag,1015,46.8,49.8,-0.064
SB=F,Freitag,1005,47.0,49.2,-0.031
SBUX,Montag,943,48.5,49.4,-0.05
SBUX,Dienstag,1034,49.3,49.6,0.074
SBUX,Mittwoch,1033,50.5,51.0,0.081
SBUX,Donnerstag,1013,52.3,50.7,0.084
SBUX,Freitag,1008,52.5,50.0,0.078
SCCO,Montag,943,49.6,48.5,-0.035
SCCO,Dienstag,1034,51.9,50.1,0.074
SCCO,Mittwoch,1033,49.3,48.0,0.011
SCCO,Donnerstag,1013,49.5,47.6,-0.025
SCCO,Freitag,1008,52.3,50.8,0.121
SCHW,Montag,943,49.1,49.3,-0.019
SCHW,Dienstag,1034,52.3,51.7,0.065
SCHW,Mittwoch,1033,51.4,49.1,0.095
SCHW,Donnerstag,1013,50.8,49.6,0.059
SCHW,Freitag,1008,48.6,48.0,0.044
SHEL,Montag,943,49.4,50.8,0.044
SHEL,Dienstag,1029,54.1,52.7,0.096
SHEL,Mittwoch,1034,49.4,50.1,-0.011
SHEL,Donnerstag,1034,48.0,48.5,-0.126
SHEL,Freitag,1012,47.1,48.1,-0.061
SHL.DE,Montag,424,52.4,52.4,0.042
SHL.DE,Dienstag,434,53.2,51.4,0.016
SHL.DE,Mittwoch,432,50.0,50.9,0.067
SHL.DE,Donnerstag,434,49.8,48.2,0.068
SHL.DE,Freitag,428,51.4,49.3,-0.049
SHOP,Montag,534,53.0,53.2,0.184
SHOP,Dienstag,589,49.1,48.2,0.016
SHOP,Mittwoch,586,51.2,51.2,0.094
SHOP,Donnerstag,577,51.1,52.2,0.167
SHOP,Freitag,573,48.5,48.0,0.031
SHW,Montag,943,50.7,47.6,-0.004
SHW,Dienstag,1034,51.2,50.1,0.084
SHW,Mittwoch,1033,49.5,49.4,0.046
SHW,Donnerstag,1013,51.7,50.2,0.099
SHW,Freitag,1008,54.6,52.2,0.121
SI=F,Montag,873,41.1,43.3,-0.01
SI=F,Dienstag,973,39.8,41.9,0.02
SI=F,Mittwoch,982,40.0,43.5,-0.024
SI=F,Donnerstag,957,40.3,40.8,-0.098
SI=F,Freitag,942,41.4,43.1,-0.056
SIE.DE,Montag,996,53.6,53.8,0.079
SIE.DE,Dienstag,1024,52.6,51.2,0.063
SIE.DE,Mittwoch,1024,51.0,50.7,0.035
SIE.DE,Donnerstag,1024,50.7,49.7,-0.024
SIE.DE,Freitag,1006,49.9,48.4,-0.038
SKHY,Montag,967,45.0,49.3,-0.124
SKHY,Dienstag,988,44.6,47.5,-0.138
SKHY,Mittwoch,976,43.6,45.8,-0.163
SKHY,Donnerstag,995,42.5,44.9,-0.136
SKHY,Freitag,981,46.1,47.5,-0.08
SMFG,Montag,897,46.7,49.1,-0.015
SMFG,Dienstag,991,46.8,48.8,-0.045
SMFG,Mittwoch,997,47.9,49.1,-0.018
SMFG,Donnerstag,999,46.0,48.9,-0.029
SMFG,Freitag,1001,48.3,50.5,-0.016
SNDK,Montag,78,51.3,51.3,0.311
SNDK,Dienstag,85,51.8,52.9,0.712
SNDK,Mittwoch,85,52.9,57.6,0.683
SNDK,Donnerstag,82,53.7,54.9,0.538
SNDK,Freitag,81,53.1,51.9,0.834
SNOW,Montag,283,57.6,54.8,0.186
SNOW,Dienstag,314,48.4,51.9,-0.073
SNOW,Mittwoch,313,50.2,53.7,-0.009
SNOW,Donnerstag,305,51.8,51.1,0.112
SNOW,Freitag,304,50.0,49.7,-0.062
SNPS,Montag,943,54.9,55.4,0.116
SNPS,Dienstag,1034,52.6,53.7,0.094
SNPS,Mittwoch,1033,57.2,53.2,0.124
SNPS,Donnerstag,1013,53.1,52.2,0.063
SNPS,Freitag,1008,52.5,49.2,0.006
SNY,Montag,1010,53.1,53.7,0.095
SNY,Dienstag,1032,52.7,54.1,0.087
SNY,Mittwoch,1032,51.4,51.5,0.031
SNY,Donnerstag,1031,48.9,48.9,-0.064
SNY,Freitag,1009,51.0,49.9,0.017
SO,Montag,943,51.3,50.6,0.052
SO,Dienstag,1034,51.8,48.4,0.002
SO,Mittwoch,1033,48.9,48.7,0.011
SO,Donnerstag,1013,52.7,49.1,0.07
SO,Freitag,1008,50.6,47.2,0.005
SONY,Montag,897,47.0,49.2,-0.043
SONY,Dienstag,992,46.7,47.5,-0.012
SONY,Mittwoch,997,49.8,50.7,-0.001
SONY,Donnerstag,999,45.8,46.5,-0.05
SONY,Freitag,1000,48.5,49.5,0.017
SPG,Montag,943,53.0,50.6,-0.007
SPG,Dienstag,1034,52.1,49.2,0.107
SPG,Mittwoch,1033,48.6,47.7,-0.092
SPG,Donnerstag,1013,53.2,50.1,0.076
SPG,Freitag,1008,50.8,48.1,0.028
SPGI,Montag,943,50.8,50.9,-0.009
SPGI,Dienstag,1034,51.7,52.5,0.058
SPGI,Mittwoch,1033,53.5,50.5,0.063
SPGI,Donnerstag,1013,53.7,51.8,0.121
SPGI,Freitag,1008,52.3,48.7,0.022
SPOT,Montag,401,51.4,51.4,0.195
SPOT,Dienstag,441,47.8,50.3,-0.064
SPOT,Mittwoch,437,50.6,49.0,0.054
SPOT,Donnerstag,430,51.9,53.5,0.128
SPOT,Freitag,429,53.8,52.7,0.045
SRT3.DE,Montag,994,51.9,50.6,0.094
SRT3.DE,Dienstag,1023,51.0,47.4,0.205
SRT3.DE,Mittwoch,1024,49.6,47.9,0.07
SRT3.DE,Donnerstag,1019,48.7,47.2,0.039
SRT3.DE,Freitag,1005,49.2,47.9,-0.007
STX,Montag,943,53.2,52.4,0.073
STX,Dienstag,1034,48.5,50.6,-0.001
STX,Mittwoch,1033,51.8,52.4,0.171
STX,Donnerstag,1013,51.4,50.3,-0.007
STX,Freitag,1008,52.3,50.3,0.133
SY1.DE,Montag,987,48.9,48.7,-0.047
SY1.DE,Dienstag,1014,49.5,47.0,-0.016
SY1.DE,Mittwoch,1014,51.4,50.4,0.096
SY1.DE,Donnerstag,1014,47.2,46.9,-0.04
SY1.DE,Freitag,996,48.5,48.0,-0.045
SYK,Montag,943,52.8,48.4,-0.044
SYK,Dienstag,1034,52.1,50.1,0.061
SYK,Mittwoch,1033,50.7,49.3,0.009
SYK,Donnerstag,1013,54.7,49.3,0.059
SYK,Freitag,1008,51.2,47.4,0.012
T,Montag,943,49.4,48.9,-0.007
T,Dienstag,1034,50.5,51.0,0.01
T,Mittwoch,1033,47.0,45.7,-0.085
T,Donnerstag,1013,53.1,51.3,0.05
T,Freitag,1008,50.9,48.4,0.035
TD,Montag,943,52.2,51.6,0.031
TD,Dienstag,1034,50.6,49.1,0.037
TD,Mittwoch,1033,51.7,49.3,0.03
TD,Donnerstag,1013,51.6,47.5,-0.066
TD,Freitag,1008,49.8,47.6,0.021
TEAM,Montag,507,53.1,52.3,0.093
TEAM,Dienstag,560,53.4,55.5,0.133
TEAM,Mittwoch,557,54.4,52.4,0.189
TEAM,Donnerstag,549,53.0,52.6,0.138
TEAM,Freitag,545,54.7,49.5,0.148
TJX,Montag,943,50.2,50.1,-0.009
TJX,Dienstag,1034,52.1,50.1,0.084
TJX,Mittwoch,1033,52.1,51.4,0.051
TJX,Donnerstag,1013,51.7,49.8,0.07
TJX,Freitag,1008,50.5,49.6,-0.003
TM,Montag,897,44.7,47.2,-0.075
TM,Dienstag,992,46.3,47.2,-0.018
TM,Mittwoch,997,49.0,49.4,0.029
TM,Donnerstag,1000,45.3,47.2,-0.086
TM,Freitag,1000,47.5,48.5,-0.025
TMO,Montag,943,49.1,47.2,-0.049
TMO,Dienstag,1034,50.4,50.8,0.063
TMO,Mittwoch,1033,51.8,50.7,0.058
TMO,Donnerstag,1013,51.7,48.7,0.076
TMO,Freitag,1008,53.4,50.9,0.069
TMUS,Montag,919,52.7,49.1,-0.043
TMUS,Dienstag,1006,52.3,48.5,0.002
TMUS,Mittwoch,1004,49.8,46.6,0.021
TMUS,Donnerstag,986,50.8,50.6,0.029
TMUS,Freitag,981,52.3,51.7,0.083
TRV,Montag,943,50.8,51.7,-0.013
TRV,Dienstag,1034,50.0,51.2,0.027
TRV,Mittwoch,1033,51.4,52.0,0.008
TRV,Donnerstag,1013,54.4,51.8,0.087
TRV,Freitag,1008,50.5,47.3,0.053
TSLA,Montag,765,52.7,52.3,0.318
TSLA,Dienstag,842,51.2,50.6,0.071
TSLA,Mittwoch,839,47.9,48.6,0.006
TSLA,Donnerstag,824,47.1,48.1,-0.14
TSLA,Freitag,821,49.7,47.6,-0.074
TSM,Montag,964,44.5,45.4,-0.025
TSM,Dienstag,992,46.5,46.7,0.033
TSM,Mittwoch,995,45.8,46.5,0.03
TSM,Donnerstag,981,43.1,42.4,-0.036
TSM,Freitag,954,44.2,45.6,0.059
TTD,Montag,471,52.2,50.5,0.079
TTD,Dienstag,519,52.2,51.3,0.037
TTD,Mittwoch,517,50.1,51.3,0.038
TTD,Donnerstag,508,46.9,46.3,-0.113
TTD,Freitag,507,50.9,52.9,0.221
TTE,Montag,1010,49.9,49.5,0.027
TTE,Dienstag,1032,51.8,51.5,0.04
TTE,Mittwoch,1032,51.3,50.9,0.022
TTE,Donnerstag,1030,48.4,47.3,-0.088
TTE,Freitag,1008,49.8,49.6,-0.01
TTWO,Montag,943,50.7,48.9,-0.075
TTWO,Dienstag,1034,50.8,48.6,0.018
TTWO,Mittwoch,1033,47.6,47.5,-0.061
TTWO,Donnerstag,1013,49.3,47.3,0.011
TTWO,Freitag,1008,52.5,51.5,0.151
TXN,Montag,943,52.2,54.3,0.085
TXN,Dienstag,1034,51.2,50.8,0.036
TXN,Mittwoch,1033,54.5,51.5,0.112
TXN,Donnerstag,1013,52.4,51.5,0.055
TXN,Freitag,1008,51.3,49.2,0.028
UBER,Montag,348,50.9,48.9,0.034
UBER,Dienstag,385,43.4,48.1,-0.055
UBER,Mittwoch,381,50.7,47.2,-0.062
UBER,Donnerstag,373,48.0,49.3,0.054
UBER,Freitag,373,46.1,43.4,0.003
UBS,Montag,978,51.1,51.4,-0.019
UBS,Dienstag,1020,49.5,47.6,0.07
UBS,Mittwoch,1019,52.0,53.8,0.046
UBS,Donnerstag,1001,50.9,51.8,-0.049
UBS,Freitag,1001,48.7,47.5,-0.077
UL,Montag,943,51.5,52.0,0.023
UL,Dienstag,1029,53.7,53.4,0.087
UL,Mittwoch,1035,48.7,49.4,-0.004
UL,Donnerstag,1034,47.5,47.5,-0.033
UL,Freitag,1012,50.6,49.4,0.057
UNH,Montag,943,51.4,49.1,-0.031
UNH,Dienstag,1034,51.3,49.9,0.077
UNH,Mittwoch,1033,49.8,51.1,0.002
UNH,Donnerstag,1013,54.6,52.7,0.062
UNH,Freitag,1008,52.1,49.9,0.066
UNP,Montag,943,49.7,48.1,-0.067
UNP,Dienstag,1034,48.3,47.5,0.001
UNP,Mittwoch,1033,49.8,51.6,0.003
UNP,Donnerstag,1013,54.2,52.5,0.147
UNP,Freitag,1008,53.7,54.3,0.11
UPS,Montag,943,52.1,51.7,0.042
UPS,Dienstag,1034,51.9,50.1,0.014
UPS,Mittwoch,1033,46.9,48.4,-0.025
UPS,Donnerstag,1013,52.3,51.1,0.069
UPS,Freitag,1008,49.8,49.6,0.022
USB,Montag,943,50.4,51.0,-0.032
USB,Dienstag,1034,48.8,49.5,0.037
USB,Mittwoch,1033,50.2,49.5,-0.005
USB,Donnerstag,1013,53.0,48.3,0.035
USB,Freitag,1008,52.3,49.3,0.072
V,Montag,875,49.8,51.0,-0.043
V,Dienstag,960,53.9,51.8,0.062
V,Mittwoch,958,52.9,54.2,0.081
V,Donnerstag,939,52.6,50.9,0.047
V,Freitag,933,52.8,51.6,0.081
VLO,Montag,943,52.6,49.7,0.013
VLO,Dienstag,1034,52.6,51.5,-0.006
VLO,Mittwoch,1033,48.5,50.3,-0.032
VLO,Donnerstag,1013,48.6,45.9,-0.11
VLO,Freitag,1008,52.4,50.6,0.126
VNA.DE,Montag,659,43.4,44.3,-0.192
VNA.DE,Dienstag,676,45.4,45.4,-0.127
VNA.DE,Mittwoch,676,49.9,48.1,0.006
VNA.DE,Donnerstag,675,50.1,49.0,-0.014
VNA.DE,Freitag,667,50.4,50.1,0.03
VOW3.DE,Montag,995,47.9,47.2,-0.171
VOW3.DE,Dienstag,1022,48.6,48.3,0.029
VOW3.DE,Mittwoch,1023,48.7,46.5,0.022
VOW3.DE,Donnerstag,1023,47.6,49.4,-0.067
VOW3.DE,Freitag,1006,48.3,46.3,0.005
VRSK,Montag,800,52.0,49.6,0.042
VRSK,Dienstag,879,53.5,50.6,0.022
VRSK,Mittwoch,877,53.8,52.6,0.12
VRSK,Donnerstag,861,51.9,51.7,0.062
VRSK,Freitag,856,53.2,50.7,0.082
VRTX,Montag,943,48.6,46.9,-0.03
VRTX,Dienstag,1034,51.4,48.4,0.157
VRTX,Mittwoch,1033,48.3,50.9,-0.008
VRTX,Donnerstag,1012,51.4,49.4,0.1
VRTX,Freitag,1008,51.9,48.5,0.079
VZ,Montag,943,48.4,47.7,-0.047
VZ,Dienstag,1034,50.5,48.2,-0.001
VZ,Mittwoch,1033,46.5,44.5,-0.088
VZ,Donnerstag,1013,54.0,51.9,0.067
VZ,Freitag,1008,50.6,47.7,0.053
WBD,Montag,943,46.6,46.8,-0.011
WBD,Dienstag,1034,49.7,49.4,-0.029
WBD,Mittwoch,1033,51.0,51.3,0.096
WBD,Donnerstag,1013,50.5,49.3,0.077
WBD,Freitag,1008,49.3,50.1,0.092
WDAY,Montag,659,50.7,50.7,0.018
WDAY,Dienstag,722,51.9,50.6,0.037
WDAY,Mittwoch,720,50.6,50.0,0.071
WDAY,Donnerstag,706,55.8,54.4,0.165
WDAY,Freitag,705,54.8,51.9,0.131
WDC,Montag,943,51.1,49.9,0.059
WDC,Dienstag,1034,50.3,50.4,0.042
WDC,Mittwoch,1033,52.4,52.7,0.122
WDC,Donnerstag,1013,50.6,49.1,0.001
WDC,Freitag,1008,49.4,49.1,-0.023
WELL,Montag,943,52.6,52.1,0.008
WELL,Dienstag,1034,54.8,52.4,0.087
WELL,Mittwoch,1033,50.5,48.4,-0.048
WELL,Donnerstag,1013,51.8,49.5,0.022
WELL,Freitag,1008,56.0,51.6,0.139
WFC,Montag,943,49.2,50.5,-0.001
WFC,Dienstag,1034,49.1,51.2,0.018
WFC,Mittwoch,1033,49.4,51.5,0.022
WFC,Donnerstag,1013,49.6,48.3,-0.006
WFC,Freitag,1008,50.6,52.4,0.029
WMT,Montag,943,56.8,55.5,0.151
WMT,Dienstag,1034,53.5,54.5,0.104
WMT,Mittwoch,1033,48.0,50.3,-0.024
WMT,Donnerstag,1013,49.6,51.5,0.029
WMT,Freitag,1008,48.6,47.2,-0.008
XEL,Montag,943,51.3,48.0,0.006
XEL,Dienstag,1034,52.3,49.9,0.035
XEL,Mittwoch,1033,49.9,48.9,0.017
XEL,Donnerstag,1013,54.5,51.7,0.082
XEL,Freitag,1007,51.5,49.3,0.008
XOM,Montag,943,54.2,53.7,0.115
XOM,Dienstag,1034,51.3,53.6,0.07
XOM,Mittwoch,1033,48.9,49.9,0.002
XOM,Donnerstag,1013,51.2,48.2,0.018
XOM,Freitag,1008,49.4,46.5,-0.002
ZAL.DE,Montag,595,48.9,47.1,-0.021
ZAL.DE,Dienstag,615,49.3,49.9,-0.063
ZAL.DE,Mittwoch,615,49.1,48.3,-0.04
ZAL.DE,Donnerstag,614,52.1,52.4,0.066
ZAL.DE,Freitag,603,51.6,49.4,0.094
ZS,Montag,404,55.9,54.2,0.22
ZS,Dienstag,443,50.3,46.7,0.058
ZS,Mittwoch,439,48.7,49.0,-0.034
ZS,Donnerstag,432,52.5,52.5,0.172
ZS,Freitag,431,50.8,49.4,0.014
ZW=F,Montag,942,42.4,44.4,-0.177
ZW=F,Dienstag,1034,45.3,45.6,-0.109
ZW=F,Mittwoch,1033,47.3,48.2,-0.008
ZW=F,Donnerstag,1015,45.1,49.9,-0.04
ZW=F,Freitag,1007,46.8,48.2,-0.023
